ISO-10303-21;
HEADER;
FILE_DESCRIPTION (( 'STEP AP214' ),
    '1' );
FILE_NAME ('Box_BRw_players.STEP',
    '2026-05-27T06:25:59',
    ( '' ),
    ( '' ),
    'SwSTEP 2.0',
    'SolidWorks 2024',
    '' );
FILE_SCHEMA (( 'AUTOMOTIVE_DESIGN' ));
ENDSEC;

DATA;
#1 = PLANE ( 'NONE',  #4088 ) ;
#2 = EDGE_CURVE ( 'NONE', #709, #3775, #4760, .T. ) ;
#3 = ORIENTED_EDGE ( 'NONE', *, *, #5293, .F. ) ;
#4 = CARTESIAN_POINT ( 'NONE',  ( 24.54492886096834070, 24.90513377712106191, 6.000000000000000888 ) ) ;
#5 = CARTESIAN_POINT ( 'NONE',  ( 24.45584263965149319, 23.83342240613545115, 5.497782825088597392 ) ) ;
#6 = EDGE_CURVE ( 'NONE', #1659, #332, #2620, .T. ) ;
#7 = EDGE_CURVE ( 'NONE', #3121, #1287, #3458, .T. ) ;
#8 = CARTESIAN_POINT ( 'NONE',  ( -1.023389080824246733, -50.18961958678779922, -52.44139236900470280 ) ) ;
#9 = CARTESIAN_POINT ( 'NONE',  ( 29.89999999999999858, 19.00000000000000000, 0.000000000000000000 ) ) ;
#10 = CARTESIAN_POINT ( 'NONE',  ( 51.78092979684322472, -1.408075606765809118, -37.79162708270819593 ) ) ;
#11 = AXIS2_PLACEMENT_3D ( 'NONE', #5817, #4151, #4589 ) ;
#12 = ORIENTED_EDGE ( 'NONE', *, *, #5764, .T. ) ;
#13 = CARTESIAN_POINT ( 'NONE',  ( 43.26391587613903766, 32.00509754339171309, -13.23273035017368038 ) ) ;
#14 = DIRECTION ( 'NONE',  ( 3.491481338843133750E-15, 1.000000000000000000, -0.000000000000000000 ) ) ;
#15 = B_SPLINE_CURVE_WITH_KNOTS ( 'NONE', 3,
 ( #2748, #4899, #5340, #3167, #1877, #4545, #4137, #3665, #2781, #539, #1817, #5806, #4021, #1404, #510, #5449, #475, #3134, #4075, #5019, #999, #2324, #4930, #2353, #906, #4107, #4574, #2720 ),
 .UNSPECIFIED., .F., .F.,
 ( 4, 2, 2, 2, 2, 2, 2, 2, 2, 2, 2, 2, 2, 4 ),
 ( 0.000000000000000000, 0.0003028935111262757323, 0.0006057870222525514646, 0.0009086805333788271427, 0.001211574044505102929, 0.001817361066757654719, 0.002423148089010206726, 0.002726041600136482838, 0.003028935111262759383, 0.003331828622389035495, 0.003634722133515311607, 0.004240509155767864698, 0.004543402666894140809, 0.004846296178020416921 ),
 .UNSPECIFIED. ) ;
#16 = CARTESIAN_POINT ( 'NONE',  ( -38.18440642122230599, 25.65055762081824042, 7.599999999999998757 ) ) ;
#17 = CARTESIAN_POINT ( 'NONE',  ( 24.47669118121407195, 22.59022013254313777, 3.010499606477412105 ) ) ;
#18 = VERTEX_POINT ( 'NONE', #1734 ) ;
#19 = ORIENTED_EDGE ( 'NONE', *, *, #4886, .T. ) ;
#20 = CARTESIAN_POINT ( 'NONE',  ( 53.71462457164177806, 3.029954422773991851, -53.20827192438191844 ) ) ;
#21 = CARTESIAN_POINT ( 'NONE',  ( 0.9999999999999974465, -9.000000000000001776, -10.86772065218060312 ) ) ;
#22 = DIRECTION ( 'NONE',  ( 1.000000000000000000, 0.000000000000000000, 0.000000000000000000 ) ) ;
#23 = CARTESIAN_POINT ( 'NONE',  ( 49.76981714249094324, -0.8433154724310000239, -14.49751268157343986 ) ) ;
#24 = EDGE_LOOP ( 'NONE', ( #4901, #5032 ) ) ;
#25 = EDGE_LOOP ( 'NONE', ( #5379, #5039 ) ) ;
#26 = LINE ( 'NONE', #5380, #1122 ) ;
#27 = AXIS2_PLACEMENT_3D ( 'NONE', #1331, #53, #5353 ) ;
#28 = CARTESIAN_POINT ( 'NONE',  ( 53.79999999999999716, 6.588599779412759964E-15, 8.400000000000000355 ) ) ;
#29 = DIRECTION ( 'NONE',  ( -1.000000000000000000, 0.000000000000000000, 0.000000000000000000 ) ) ;
#30 = AXIS2_PLACEMENT_3D ( 'NONE', #3539, #5320, #2600 ) ;
#31 = FACE_BOUND ( 'NONE', #4594, .T. ) ;
#32 = AXIS2_PLACEMENT_3D ( 'NONE', #1375, #5362, #2294 ) ;
#33 = ORIENTED_EDGE ( 'NONE', *, *, #3366, .T. ) ;
#34 = AXIS2_PLACEMENT_3D ( 'NONE', #1094, #4610, #4671 ) ;
#35 = DIRECTION ( 'NONE',  ( -0.000000000000000000, -0.000000000000000000, -1.000000000000000000 ) ) ;
#36 = AXIS2_PLACEMENT_3D ( 'NONE', #2644, #5367, #400 ) ;
#37 = DIRECTION ( 'NONE',  ( -0.000000000000000000, -0.000000000000000000, 1.000000000000000000 ) ) ;
#38 = AXIS2_PLACEMENT_3D ( 'NONE', #3680, #3770, #1537 ) ;
#39 = DIRECTION ( 'NONE',  ( 1.000000000000000000, -0.000000000000000000, -0.000000000000000000 ) ) ;
#40 = CARTESIAN_POINT ( 'NONE',  ( -50.19870356222022423, -0.4061548769823792870, -55.11940172502055191 ) ) ;
#41 = VERTEX_POINT ( 'NONE', #1295 ) ;
#42 = CARTESIAN_POINT ( 'NONE',  ( -53.78330744456332724, -1.352762355922509929, -50.86910482997027572 ) ) ;
#43 = CARTESIAN_POINT ( 'NONE',  ( -27.43999999999999773, -18.00000000000000000, 0.000000000000000000 ) ) ;
#44 = ADVANCED_FACE ( 'NONE', ( #5229 ), #476, .T. ) ;
#45 = CARTESIAN_POINT ( 'NONE',  ( 28.17000000000000171, -18.00000000000000355, 6.000000000000000000 ) ) ;
#46 = PLANE ( 'NONE',  #2110 ) ;
#47 = ORIENTED_EDGE ( 'NONE', *, *, #5135, .F. ) ;
#48 = ORIENTED_EDGE ( 'NONE', *, *, #5231, .F. ) ;
#49 = CARTESIAN_POINT ( 'NONE',  ( -38.18440642122230599, 25.65055762081824042, 8.400000000000000355 ) ) ;
#50 = CARTESIAN_POINT ( 'NONE',  ( -2.742216867997585350, -53.73012220354819846, -52.26011153033157086 ) ) ;
#51 = CARTESIAN_POINT ( 'NONE',  ( 50.20000000000000284, 0.000000000000000000, -61.11000000000002785 ) ) ;
#52 = CARTESIAN_POINT ( 'NONE',  ( 53.80618217260136760, -3.179825552466587268, -12.97894227085460273 ) ) ;
#53 = DIRECTION ( 'NONE',  ( -1.000000000000000000, -0.000000000000000000, -0.000000000000000000 ) ) ;
#54 = VERTEX_POINT ( 'NONE', #4464 ) ;
#55 = EDGE_LOOP ( 'NONE', ( #4323, #2390, #5342, #1809 ) ) ;
#56 = EDGE_CURVE ( 'NONE', #558, #1541, #4963, .T. ) ;
#57 = CARTESIAN_POINT ( 'NONE',  ( 25.04732977610382250, 24.82699488485465267, 5.856311202720891451 ) ) ;
#58 = FACE_OUTER_BOUND ( 'NONE', #1193, .T. ) ;
#59 = DIRECTION ( 'NONE',  ( -0.000000000000000000, -0.000000000000000000, 1.000000000000000000 ) ) ;
#60 = DIRECTION ( 'NONE',  ( 1.000000000000000000, 0.000000000000000000, 0.000000000000000000 ) ) ;
#61 = DIRECTION ( 'NONE',  ( 0.000000000000000000, 0.000000000000000000, 1.000000000000000000 ) ) ;
#62 = ORIENTED_EDGE ( 'NONE', *, *, #399, .T. ) ;
#63 = DIRECTION ( 'NONE',  ( 1.000000000000000000, 0.000000000000000000, 0.000000000000000000 ) ) ;
#64 = DIRECTION ( 'NONE',  ( -1.000000000000000000, 1.162264728904460753E-16, 0.000000000000000000 ) ) ;
#65 = TOROIDAL_SURFACE ( 'NONE', #5610, 3.049999999999999822, 1.000000000000000000 ) ;
#66 = CARTESIAN_POINT ( 'NONE',  ( 1.550000000000175682, 50.17606501111859529, -53.61000000000003496 ) ) ;
#67 = PLANE ( 'NONE',  #797 ) ;
#68 = ORIENTED_EDGE ( 'NONE', *, *, #1563, .T. ) ;
#69 = CARTESIAN_POINT ( 'NONE',  ( 43.24950743452484403, 32.00076764950843256, -15.45468395711201559 ) ) ;
#70 = CARTESIAN_POINT ( 'NONE',  ( 41.67062712298353944, 34.02957897994726011, -12.30511510555614585 ) ) ;
#71 = AXIS2_PLACEMENT_3D ( 'NONE', #5681, #717, #2546 ) ;
#72 = CIRCLE ( 'NONE', #5804, 4.000000000000003553 ) ;
#73 = DIRECTION ( 'NONE',  ( 1.000000000000000000, 0.000000000000000000, -0.000000000000000000 ) ) ;
#74 = CARTESIAN_POINT ( 'NONE',  ( 24.79095165062931372, 22.70788431789799589, 3.093412178187078254 ) ) ;
#75 = ADVANCED_FACE ( 'NONE', ( #4519 ), #3558, .F. ) ;
#76 = ORIENTED_EDGE ( 'NONE', *, *, #3756, .T. ) ;
#77 = ORIENTED_EDGE ( 'NONE', *, *, #5057, .F. ) ;
#78 = CARTESIAN_POINT ( 'NONE',  ( 38.18440642122248363, -25.65055762081797397, 8.400000000000000355 ) ) ;
#79 = CARTESIAN_POINT ( 'NONE',  ( -3.030704959781011176, -53.71458231718450804, -53.21312867939987967 ) ) ;
#80 = LINE ( 'NONE', #1446, #4810 ) ;
#81 = EDGE_CURVE ( 'NONE', #2917, #1382, #4659, .T. ) ;
#82 = CARTESIAN_POINT ( 'NONE',  ( 49.27321510167603691, -3.579611330908772260, -12.25172722047965834 ) ) ;
#83 = EDGE_CURVE ( 'NONE', #3675, #3920, #926, .T. ) ;
#84 = CARTESIAN_POINT ( 'NONE',  ( 53.11279496167819048, -8.571523281117086057, 8.400000000000000355 ) ) ;
#85 = ORIENTED_EDGE ( 'NONE', *, *, #850, .F. ) ;
#86 = ORIENTED_EDGE ( 'NONE', *, *, #4413, .F. ) ;
#87 = CARTESIAN_POINT ( 'NONE',  ( 24.63147821564690787, 23.75276871573289128, 5.396081745037045074 ) ) ;
#88 = FACE_OUTER_BOUND ( 'NONE', #1411, .T. ) ;
#89 = CARTESIAN_POINT ( 'NONE',  ( 23.39385157977509522, 24.83007828734578126, 5.958842392065252014 ) ) ;
#90 = DIRECTION ( 'NONE',  ( 1.000000000000000000, 0.000000000000000000, 0.000000000000000000 ) ) ;
#91 = B_SPLINE_CURVE_WITH_KNOTS ( 'NONE', 3,
 ( #4777, #5648, #3424, #4833, #1196, #5274, #4391, #2982, #2547, #239, #2167, #295, #1255, #3957, #2136, #5682, #2847, #1662, #2050, #4718, #3454, #688, #5245, #1225, #3836, #3011, #5622, #3396, #4804, #5189, #2574, #4361 ),
 .UNSPECIFIED., .F., .F.,
 ( 4, 2, 2, 2, 2, 2, 2, 2, 2, 2, 2, 2, 2, 2, 2, 4 ),
 ( 0.009537602769240987807, 0.01013356671515690081, 0.01072953066107281209, 0.01132549460698872509, 0.01192145855290463810, 0.01251742249882055111, 0.01311338644473646238, 0.01370935039065237539, 0.01430531433656828666, 0.01490127828248419967, 0.01549724222840011267, 0.01609320617431602568, 0.01668917012023193869, 0.01728513406614785169, 0.01788109801206376470, 0.01907302590389558725 ),
 .UNSPECIFIED. ) ;
#92 = ORIENTED_EDGE ( 'NONE', *, *, #2406, .T. ) ;
#93 = FACE_OUTER_BOUND ( 'NONE', #3538, .T. ) ;
#94 = CARTESIAN_POINT ( 'NONE',  ( -0.9457411537680883162, -50.19116134948611574, -54.84221337306777144 ) ) ;
#95 = CARTESIAN_POINT ( 'NONE',  ( 53.00000000000000000, 6.490628035480971530E-15, -36.26000000000002643 ) ) ;
#96 = CARTESIAN_POINT ( 'NONE',  ( -50.18649048175611682, -1.166742317498764780, -54.63538877490316992 ) ) ;
#97 = EDGE_CURVE ( 'NONE', #3847, #5228, #2447, .T. ) ;
#98 = VERTEX_POINT ( 'NONE', #5572 ) ;
#99 = CARTESIAN_POINT ( 'NONE',  ( -53.73496323696084431, -2.646919203216168803, -52.08142427588483514 ) ) ;
#100 = VECTOR ( 'NONE', #3391, 1000.000000000000000 ) ;
#101 = CARTESIAN_POINT ( 'NONE',  ( 25.25757146409146969, 22.82877925898135985, 3.037984116611723184 ) ) ;
#102 = AXIS2_PLACEMENT_3D ( 'NONE', #875, #3607, #3166 ) ;
#103 = CARTESIAN_POINT ( 'NONE',  ( -1.350698017974760745, -53.78335924493996600, -56.35190680222288506 ) ) ;
#104 = LINE ( 'NONE', #2240, #5571 ) ;
#105 = VECTOR ( 'NONE', #2024, 1000.000000000000000 ) ;
#106 = ORIENTED_EDGE ( 'NONE', *, *, #2927, .T. ) ;
#107 = ORIENTED_EDGE ( 'NONE', *, *, #2038, .T. ) ;
#108 = CARTESIAN_POINT ( 'NONE',  ( 53.72219933819791038, 2.893299461297992980, -52.62450697613482475 ) ) ;
#109 = FACE_OUTER_BOUND ( 'NONE', #352, .T. ) ;
#110 = EDGE_CURVE ( 'NONE', #5458, #3320, #5600, .T. ) ;
#111 = DIRECTION ( 'NONE',  ( 0.000000000000000000, 0.000000000000000000, -1.000000000000000000 ) ) ;
#112 = CARTESIAN_POINT ( 'NONE',  ( 49.32442578811830458, -3.400647786801752837, -12.60027164202268501 ) ) ;
#113 = CARTESIAN_POINT ( 'NONE',  ( 24.00000000000000000, 26.00000000000000000, 8.400000000000000355 ) ) ;
#114 = EDGE_LOOP ( 'NONE', ( #5410, #12, #5352, #5319 ) ) ;
#115 = ORIENTED_EDGE ( 'NONE', *, *, #2329, .F. ) ;
#116 = CARTESIAN_POINT ( 'NONE',  ( 25.40546235318504031, 24.03515640049482727, 5.385170140752869372 ) ) ;
#117 = DIRECTION ( 'NONE',  ( -1.000000000000000000, 0.000000000000000000, 0.000000000000000000 ) ) ;
#118 = EDGE_CURVE ( 'NONE', #4104, #3176, #2816, .T. ) ;
#119 = LINE ( 'NONE', #987, #5713 ) ;
#120 = ADVANCED_FACE ( 'NONE', ( #3814 ), #4577, .F. ) ;
#121 = LINE ( 'NONE', #594, #3995 ) ;
#122 = AXIS2_PLACEMENT_3D ( 'NONE', #2250, #5409, #3515 ) ;
#123 = EDGE_LOOP ( 'NONE', ( #1609, #4201, #3382, #5308 ) ) ;
#124 = FACE_OUTER_BOUND ( 'NONE', #1096, .T. ) ;
#125 = AXIS2_PLACEMENT_3D ( 'NONE', #3917, #4441, #3117 ) ;
#126 = CARTESIAN_POINT ( 'NONE',  ( -27.43999999999999773, -18.00000000000000000, 6.000000000000000000 ) ) ;
#127 = DIRECTION ( 'NONE',  ( 0.000000000000000000, 1.000000000000000000, 0.000000000000000000 ) ) ;
#128 = DIRECTION ( 'NONE',  ( 0.000000000000000000, 0.000000000000000000, -1.000000000000000000 ) ) ;
#129 = ORIENTED_EDGE ( 'NONE', *, *, #5538, .T. ) ;
#130 = CARTESIAN_POINT ( 'NONE',  ( -53.71460914342077331, -3.030228753950345855, -54.00999341363434780 ) ) ;
#131 = CIRCLE ( 'NONE', #2314, 8.500000000000000000 ) ;
#132 = ADVANCED_FACE ( 'NONE', ( #1116 ), #2904, .T. ) ;
#133 = CIRCLE ( 'NONE', #2023, 1.899999999999999023 ) ;
#134 = CARTESIAN_POINT ( 'NONE',  ( 25.01511952614033518, 22.77361194297101932, 3.105639211313400150 ) ) ;
#135 = CIRCLE ( 'NONE', #3431, 2.999999999999999112 ) ;
#136 = FACE_OUTER_BOUND ( 'NONE', #5719, .T. ) ;
#137 = CARTESIAN_POINT ( 'NONE',  ( 27.21427415424380669, 22.71019081998264966, 3.000000000000000000 ) ) ;
#138 = AXIS2_PLACEMENT_3D ( 'NONE', #263, #3007, #5708 ) ;
#139 = ORIENTED_EDGE ( 'NONE', *, *, #4407, .F. ) ;
#140 = EDGE_LOOP ( 'NONE', ( #2783, #4506, #2830, #4091, #1242, #1065, #3985, #4065 ) ) ;
#141 = CARTESIAN_POINT ( 'NONE',  ( 53.77845617713794724, 1.531456501430716211, -56.25523157224041881 ) ) ;
#142 = EDGE_CURVE ( 'NONE', #5228, #3775, #4584, .T. ) ;
#143 = CARTESIAN_POINT ( 'NONE',  ( -2.894131117527037667, -53.72215362803238037, -52.62716872951856573 ) ) ;
#144 = B_SPLINE_CURVE_WITH_KNOTS ( 'NONE', 3,
 ( #405, #1356, #4499, #3565, #1301, #3032, #346, #1273, #1714, #460 ),
 .UNSPECIFIED., .F., .F.,
 ( 4, 2, 2, 2, 4 ),
 ( 0.000000000000000000, 0.2500000000000000000, 0.5000000000000000000, 0.7500000000000000000, 1.000000000000000000 ),
 .UNSPECIFIED. ) ;
#145 = DIRECTION ( 'NONE',  ( 1.224646799147353207E-16, 1.000000000000000000, -0.000000000000000000 ) ) ;
#146 = PLANE ( 'NONE',  #4852 ) ;
#147 = CARTESIAN_POINT ( 'NONE',  ( 28.43500108084743516, 15.74000000000000021, 4.145000000000000462 ) ) ;
#148 = ORIENTED_EDGE ( 'NONE', *, *, #1312, .F. ) ;
#149 = EDGE_LOOP ( 'NONE', ( #5679, #792, #2089, #2260 ) ) ;
#150 = CARTESIAN_POINT ( 'NONE',  ( 24.90987560040008830, 22.79948508747904867, 3.761143922844979226 ) ) ;
#151 = DIRECTION ( 'NONE',  ( -1.000000000000000000, 0.000000000000000000, 0.000000000000000000 ) ) ;
#152 = LINE ( 'NONE', #1545, #1241 ) ;
#153 = DIRECTION ( 'NONE',  ( -0.000000000000000000, 0.000000000000000000, 1.000000000000000000 ) ) ;
#154 = B_SPLINE_CURVE_WITH_KNOTS ( 'NONE', 3,
 ( #3912, #4789, #3474, #2597, #401, #4344, #311, #4318, #5663, #2970, #5317, #831, #2208, #2122, #1650, #4378, #5233, #3970, #3504, #1298, #5634, #1268, #343, #2151, #5729, #5286, #4408, #2180, #5756, #1738, #3616, #2330, #5345, #4966 ),
 .UNSPECIFIED., .F., .F.,
 ( 4, 2, 2, 2, 2, 2, 2, 2, 2, 2, 2, 2, 2, 2, 2, 2, 4 ),
 ( 0.000000000000000000, 0.0005961001730775617380, 0.001192200346155123476, 0.001788300519232685105, 0.002384400692310246952, 0.002980500865387808798, 0.003576601038465370211, 0.004172701211542932491, 0.004768801384620493904, 0.005364901557698055316, 0.005961001730775617596, 0.006557101903853179009, 0.007153202076930740422, 0.007749302250008302702, 0.008345402423085864982, 0.008941502596163426395, 0.009537602769240987807 ),
 .UNSPECIFIED. ) ;
#155 = EDGE_LOOP ( 'NONE', ( #446, #5295, #672, #1371, #981, #316, #2095, #1654, #5187, #5221 ) ) ;
#156 = CARTESIAN_POINT ( 'NONE',  ( -50.18489477023827305, 1.232675145972594422, -54.55510042335450294 ) ) ;
#157 = CARTESIAN_POINT ( 'NONE',  ( 0.9438063901195348215, -50.19119765891481677, -54.84368143320518385 ) ) ;
#158 = CARTESIAN_POINT ( 'NONE',  ( 41.39999999999999858, 15.74000000000000021, -1.615000000000000213 ) ) ;
#159 = EDGE_CURVE ( 'NONE', #4746, #4418, #5240, .T. ) ;
#160 = CARTESIAN_POINT ( 'NONE',  ( -25.65055762081784252, -38.18440642122257600, 7.599999999999998757 ) ) ;
#161 = EDGE_LOOP ( 'NONE', ( #4388, #892, #1628, #4444 ) ) ;
#162 = CARTESIAN_POINT ( 'NONE',  ( -53.74540840354358551, -2.425550255470518834, -55.46975875918210619 ) ) ;
#163 = AXIS2_PLACEMENT_3D ( 'NONE', #4698, #3376, #1003 ) ;
#164 = CARTESIAN_POINT ( 'NONE',  ( -52.70000000000000284, -8.933547375302734704E-16, -53.61000000000003496 ) ) ;
#165 = DIRECTION ( 'NONE',  ( -1.047444401652940007E-14, -1.000000000000000000, -0.000000000000000000 ) ) ;
#166 = VERTEX_POINT ( 'NONE', #1944 ) ;
#167 = CIRCLE ( 'NONE', #2247, 1.099999999999996758 ) ;
#168 = EDGE_LOOP ( 'NONE', ( #1923, #3268 ) ) ;
#169 = CARTESIAN_POINT ( 'NONE',  ( -52.70000000000000995, -8.933547375302734704E-16, -53.61000000000003496 ) ) ;
#170 = CARTESIAN_POINT ( 'NONE',  ( -0.4017280307629459424, -53.79885330140073307, -50.58004556783102146 ) ) ;
#171 = EDGE_CURVE ( 'NONE', #3121, #1795, #5055, .T. ) ;
#172 = CYLINDRICAL_SURFACE ( 'NONE', #808, 2.049999999999999822 ) ;
#173 = CIRCLE ( 'NONE', #4689, 8.500000000000000000 ) ;
#174 = VECTOR ( 'NONE', #5266, 1000.000000000000000 ) ;
#175 = DIRECTION ( 'NONE',  ( 0.000000000000000000, 0.000000000000000000, -1.000000000000000000 ) ) ;
#176 = DIRECTION ( 'NONE',  ( 0.000000000000000000, 0.000000000000000000, 1.000000000000000000 ) ) ;
#177 = ORIENTED_EDGE ( 'NONE', *, *, #229, .F. ) ;
#178 = ORIENTED_EDGE ( 'NONE', *, *, #760, .T. ) ;
#179 = CARTESIAN_POINT ( 'NONE',  ( 25.34678284787689861, 24.53211481568177987, 5.696498881298315276 ) ) ;
#180 = DIRECTION ( 'NONE',  ( 1.224646799147353207E-16, 1.000000000000000000, -0.000000000000000000 ) ) ;
#181 = CARTESIAN_POINT ( 'NONE',  ( -3.000000000000000000, -1.500000000000000000, -10.86772065218060312 ) ) ;
#182 = DIRECTION ( 'NONE',  ( 0.000000000000000000, 0.000000000000000000, -1.000000000000000000 ) ) ;
#183 = ORIENTED_EDGE ( 'NONE', *, *, #2066, .F. ) ;
#184 = CARTESIAN_POINT ( 'NONE',  ( -50.19760614643004715, 0.4991605909494882254, -55.08094356136152925 ) ) ;
#185 = EDGE_CURVE ( 'NONE', #3158, #4385, #5516, .T. ) ;
#186 = LINE ( 'NONE', #3258, #105 ) ;
#187 = CARTESIAN_POINT ( 'NONE',  ( 46.39999999999999858, 0.06576469517414959554, -0.5949999999999983080 ) ) ;
#188 = CARTESIAN_POINT ( 'NONE',  ( 25.01296017036339592, 22.82902866066945791, 3.761559020546318521 ) ) ;
#189 = VERTEX_POINT ( 'NONE', #5083 ) ;
#190 = CARTESIAN_POINT ( 'NONE',  ( -53.80100000000000193, 8.933547375302734704E-16, -53.61000000000003496 ) ) ;
#191 = ADVANCED_FACE ( 'NONE', ( #270 ), #3645, .F. ) ;
#192 = CARTESIAN_POINT ( 'NONE',  ( 22.09999999999999787, 19.00000000000000000, 6.000000000000000000 ) ) ;
#193 = ADVANCED_FACE ( 'NONE', ( #2580 ), #725, .T. ) ;
#194 = CARTESIAN_POINT ( 'NONE',  ( 24.84447959755829061, 22.72489202046995871, 3.105784738747585205 ) ) ;
#195 = AXIS2_PLACEMENT_3D ( 'NONE', #2627, #2652, #5322 ) ;
#196 = ORIENTED_EDGE ( 'NONE', *, *, #2073, .T. ) ;
#197 = ORIENTED_EDGE ( 'NONE', *, *, #1284, .T. ) ;
#198 = CARTESIAN_POINT ( 'NONE',  ( 41.39999999999999858, -1.934235304825850044, -7.594999999999999751 ) ) ;
#199 = FACE_OUTER_BOUND ( 'NONE', #4389, .T. ) ;
#200 = CARTESIAN_POINT ( 'NONE',  ( 42.31074591788586758, -1.934235304825849822, -7.696055401070625024 ) ) ;
#201 = ORIENTED_EDGE ( 'NONE', *, *, #484, .F. ) ;
#202 = VERTEX_POINT ( 'NONE', #5222 ) ;
#203 = CARTESIAN_POINT ( 'NONE',  ( 0.000000000000000000, 0.000000000000000000, -61.11000000000002785 ) ) ;
#204 = CARTESIAN_POINT ( 'NONE',  ( -35.00000000000000000, 24.00000000000000000, 0.000000000000000000 ) ) ;
#205 = DIRECTION ( 'NONE',  ( 1.000000000000000000, 0.000000000000000000, 0.000000000000000000 ) ) ;
#206 = CYLINDRICAL_SURFACE ( 'NONE', #5775, 1.199999999999999734 ) ;
#207 = EDGE_LOOP ( 'NONE', ( #5193, #4097, #4321, #2422 ) ) ;
#208 = CARTESIAN_POINT ( 'NONE',  ( 42.39999999999999858, 0.000000000000000000, 8.399999999999998579 ) ) ;
#209 = EDGE_CURVE ( 'NONE', #1420, #5283, #5748, .T. ) ;
#210 = CARTESIAN_POINT ( 'NONE',  ( 3.100000000000000533, 4.419459434779497542, 6.000000000000000000 ) ) ;
#211 = CARTESIAN_POINT ( 'NONE',  ( 41.39999999999999858, 25.23000000000000043, 1.435000000000000053 ) ) ;
#212 = CARTESIAN_POINT ( 'NONE',  ( 25.03104083442657668, 22.77928143708143693, 3.114818663506374818 ) ) ;
#213 = ORIENTED_EDGE ( 'NONE', *, *, #4475, .F. ) ;
#214 = CARTESIAN_POINT ( 'NONE',  ( -53.74548234461873619, -2.423960166785743997, -51.74797365149021289 ) ) ;
#215 = CIRCLE ( 'NONE', #1548, 3.000000000000000000 ) ;
#216 = DIRECTION ( 'NONE',  ( 0.000000000000000000, 0.000000000000000000, 1.000000000000000000 ) ) ;
#217 = CARTESIAN_POINT ( 'NONE',  ( 27.99795409539991908, 22.34935507712674152, 3.000000000000000000 ) ) ;
#218 = VECTOR ( 'NONE', #5551, 1000.000000000000000 ) ;
#219 = EDGE_LOOP ( 'NONE', ( #4787, #2313, #2326, #353, #3542, #2955 ) ) ;
#220 = B_SPLINE_CURVE_WITH_KNOTS ( 'NONE', 3,
 ( #612, #1562, #2502, #4286, #2906, #5087, #4701, #3734, #1062, #2849, #5629, #4672, #4256, #2820, #697, #1612, #2929, #670 ),
 .UNSPECIFIED., .F., .F.,
 ( 4, 2, 2, 2, 2, 2, 2, 2, 4 ),
 ( 0.000000000000000000, 0.0007921441960495795081, 0.001584288392099159016, 0.002376432588148738416, 0.003168576784198318032, 0.003960720980247897649, 0.004752865176297477699, 0.005545009372347057749, 0.006337153568396637800 ),
 .UNSPECIFIED. ) ;
#221 = ORIENTED_EDGE ( 'NONE', *, *, #5550, .F. ) ;
#222 = DIRECTION ( 'NONE',  ( 0.000000000000000000, 0.000000000000000000, 1.000000000000000000 ) ) ;
#223 = AXIS2_PLACEMENT_3D ( 'NONE', #973, #4028, #4054 ) ;
#224 = ADVANCED_FACE ( 'NONE', ( #823 ), #2082, .F. ) ;
#225 = AXIS2_PLACEMENT_3D ( 'NONE', #386, #2193, #1368 ) ;
#226 = AXIS2_PLACEMENT_3D ( 'NONE', #1576, #153, #5138 ) ;
#227 = DIRECTION ( 'NONE',  ( 1.000000000000000000, 0.000000000000000000, 0.000000000000000000 ) ) ;
#228 = DIRECTION ( 'NONE',  ( 1.224646799147353207E-16, 1.000000000000000000, -0.000000000000000000 ) ) ;
#229 = EDGE_CURVE ( 'NONE', #1073, #785, #4958, .T. ) ;
#230 = VERTEX_POINT ( 'NONE', #3931 ) ;
#231 = ORIENTED_EDGE ( 'NONE', *, *, #1770, .F. ) ;
#232 = FACE_OUTER_BOUND ( 'NONE', #3576, .T. ) ;
#233 = DIRECTION ( 'NONE',  ( -1.000000000000000000, 0.000000000000000000, 0.000000000000000000 ) ) ;
#234 = DIRECTION ( 'NONE',  ( 1.000000000000000000, 0.000000000000000000, 0.000000000000000000 ) ) ;
#235 = PLANE ( 'NONE',  #2958 ) ;
#236 = EDGE_CURVE ( 'NONE', #1508, #1659, #3433, .T. ) ;
#237 = EDGE_LOOP ( 'NONE', ( #4058, #975, #3571, #148 ) ) ;
#238 = DIRECTION ( 'NONE',  ( -0.000000000000000000, -0.000000000000000000, 1.000000000000000000 ) ) ;
#239 = CARTESIAN_POINT ( 'NONE',  ( 2.017697379060603868, 53.76233501326066744, -51.31415013125852909 ) ) ;
#240 = EDGE_CURVE ( 'NONE', #716, #3966, #1870, .T. ) ;
#241 = CARTESIAN_POINT ( 'NONE',  ( 27.80000000000000071, 26.00000000000000000, -10.86772065218060312 ) ) ;
#242 = CARTESIAN_POINT ( 'NONE',  ( 41.39999999999999858, 24.22999999999999687, 2.095000000000000195 ) ) ;
#243 = ORIENTED_EDGE ( 'NONE', *, *, #1783, .F. ) ;
#244 = DIRECTION ( 'NONE',  ( 0.000000000000000000, 0.000000000000000000, 1.000000000000000000 ) ) ;
#245 = FACE_OUTER_BOUND ( 'NONE', #3084, .T. ) ;
#246 = ADVANCED_FACE ( 'NONE', ( #757 ), #65, .T. ) ;
#247 = CARTESIAN_POINT ( 'NONE',  ( 24.90267858322421546, 22.74252508121141148, 3.114064972022895006 ) ) ;
#248 = ORIENTED_EDGE ( 'NONE', *, *, #2712, .T. ) ;
#249 = CARTESIAN_POINT ( 'NONE',  ( 42.63418895171015777, 32.84381472627312348, -12.02567300577640985 ) ) ;
#250 = DIRECTION ( 'NONE',  ( 0.000000000000000000, 0.000000000000000000, -1.000000000000000000 ) ) ;
#251 = LINE ( 'NONE', #5125, #4366 ) ;
#252 = PLANE ( 'NONE',  #3069 ) ;
#253 = ADVANCED_FACE ( 'NONE', ( #693 ), #2171, .T. ) ;
#254 = ORIENTED_EDGE ( 'NONE', *, *, #2615, .T. ) ;
#255 = ORIENTED_EDGE ( 'NONE', *, *, #3629, .T. ) ;
#256 = CARTESIAN_POINT ( 'NONE',  ( 50.18959113153079699, 1.024722078699472849, -54.77733458553874613 ) ) ;
#257 = FACE_OUTER_BOUND ( 'NONE', #2545, .T. ) ;
#258 = TOROIDAL_SURFACE ( 'NONE', #1399, 7.699999999999997513, 3.000000000000000000 ) ;
#259 = VECTOR ( 'NONE', #4383, 1000.000000000000000 ) ;
#260 = EDGE_CURVE ( 'NONE', #5493, #2923, #3175, .T. ) ;
#261 = ADVANCED_FACE ( 'NONE', ( #2612 ), #1396, .T. ) ;
#262 = DIRECTION ( 'NONE',  ( 0.000000000000000000, 0.000000000000000000, -1.000000000000000000 ) ) ;
#263 = CARTESIAN_POINT ( 'NONE',  ( -5.511098449335691096E-13, -52.70000000000000284, -53.61000000000003496 ) ) ;
#264 = VERTEX_POINT ( 'NONE', #333 ) ;
#265 = LINE ( 'NONE', #208, #5337 ) ;
#266 = CARTESIAN_POINT ( 'NONE',  ( -25.65055762081784252, -38.18440642122257600, 7.599999999999998757 ) ) ;
#267 = DIRECTION ( 'NONE',  ( 0.000000000000000000, 0.000000000000000000, -1.000000000000000000 ) ) ;
#268 = CARTESIAN_POINT ( 'NONE',  ( -28.10000000000000497, 24.00000000000000000, 6.000000000000000000 ) ) ;
#269 = ORIENTED_EDGE ( 'NONE', *, *, #1316, .T. ) ;
#270 = FACE_OUTER_BOUND ( 'NONE', #2361, .T. ) ;
#271 = CARTESIAN_POINT ( 'NONE',  ( 24.28051748195268900, 22.91837906899933941, 4.508487458729079300 ) ) ;
#272 = DIRECTION ( 'NONE',  ( 1.000000000000000000, 0.000000000000000000, 0.000000000000000000 ) ) ;
#273 = EDGE_CURVE ( 'NONE', #4607, #5243, #838, .T. ) ;
#274 = CARTESIAN_POINT ( 'NONE',  ( 53.79999999999999716, -3.460517776806422920E-13, -18.59972968323734577 ) ) ;
#275 = CARTESIAN_POINT ( 'NONE',  ( 48.33788216034862018, 4.054602515372264009E-14, -42.16000000000002501 ) ) ;
#276 = VERTEX_POINT ( 'NONE', #5278 ) ;
#277 = CARTESIAN_POINT ( 'NONE',  ( 42.14154360339690442, 33.44551882492254435, -13.68121694681206613 ) ) ;
#278 = DIRECTION ( 'NONE',  ( -0.000000000000000000, -1.000000000000000000, -0.000000000000000000 ) ) ;
#279 = CARTESIAN_POINT ( 'NONE',  ( 53.74540840354358551, -2.425550255470512173, -51.75024124081797083 ) ) ;
#280 = CARTESIAN_POINT ( 'NONE',  ( 0.000000000000000000, 0.000000000000000000, -32.11000000000002785 ) ) ;
#281 = ORIENTED_EDGE ( 'NONE', *, *, #5135, .T. ) ;
#282 = EDGE_LOOP ( 'NONE', ( #5467, #5666, #2040, #2437 ) ) ;
#283 = VERTEX_POINT ( 'NONE', #4396 ) ;
#284 = CARTESIAN_POINT ( 'NONE',  ( 50.19849411877662959, 0.4012506215686413302, -55.11056628611877528 ) ) ;
#285 = DIRECTION ( 'NONE',  ( 1.000000000000000000, -0.000000000000000000, -0.000000000000000000 ) ) ;
#286 = EDGE_CURVE ( 'NONE', #558, #1558, #2140, .T. ) ;
#287 = CIRCLE ( 'NONE', #1901, 53.79999999999999716 ) ;
#288 = DIRECTION ( 'NONE',  ( 1.000000000000000000, 0.000000000000000000, 0.000000000000000000 ) ) ;
#289 = CARTESIAN_POINT ( 'NONE',  ( 1.549999999999812639, -53.80100000000020088, -53.61000000000003496 ) ) ;
#290 = AXIS2_PLACEMENT_3D ( 'NONE', #5375, #4943, #2704 ) ;
#291 = ORIENTED_EDGE ( 'NONE', *, *, #5690, .F. ) ;
#292 = AXIS2_PLACEMENT_3D ( 'NONE', #4665, #1054, #5598 ) ;
#293 = ORIENTED_EDGE ( 'NONE', *, *, #1602, .T. ) ;
#294 = DIRECTION ( 'NONE',  ( -1.000000000000000000, 0.000000000000000000, 0.000000000000000000 ) ) ;
#295 = CARTESIAN_POINT ( 'NONE',  ( 1.529410673996035364, 53.77851255313967727, -50.96364977623697001 ) ) ;
#296 = EDGE_CURVE ( 'NONE', #4374, #2321, #5182, .T. ) ;
#297 = CARTESIAN_POINT ( 'NONE',  ( 50.19870356222023133, -0.4061548769823772886, -52.10059827497952512 ) ) ;
#298 = CARTESIAN_POINT ( 'NONE',  ( -3.000000000000000000, -1.500000000000000000, -10.86772065218060312 ) ) ;
#299 = VERTEX_POINT ( 'NONE', #2660 ) ;
#300 = CIRCLE ( 'NONE', #1347, 2.000000000000001776 ) ;
#301 = CARTESIAN_POINT ( 'NONE',  ( 24.82469805583300015, 22.72019546336134610, 3.113607101747004613 ) ) ;
#302 = DIRECTION ( 'NONE',  ( 0.000000000000000000, 0.000000000000000000, 1.000000000000000000 ) ) ;
#303 = CARTESIAN_POINT ( 'NONE',  ( 41.39999999999999858, 15.74000000000000021, 5.145000000000000462 ) ) ;
#304 = CARTESIAN_POINT ( 'NONE',  ( 0.9999999999999974465, 0.000000000000000000, -10.86772065218060312 ) ) ;
#305 = ADVANCED_FACE ( 'NONE', ( #1314 ), #5712, .T. ) ;
#306 = EDGE_LOOP ( 'NONE', ( #1491, #528, #254, #3024 ) ) ;
#307 = ORIENTED_EDGE ( 'NONE', *, *, #5016, .T. ) ;
#308 = AXIS2_PLACEMENT_3D ( 'NONE', #2339, #4125, #1514 ) ;
#309 = CARTESIAN_POINT ( 'NONE',  ( 42.39999999999999858, 25.23000000000000043, 47.16456800719578979 ) ) ;
#310 = ADVANCED_FACE ( 'NONE', ( #2289 ), #5417, .F. ) ;
#311 = CARTESIAN_POINT ( 'NONE',  ( -2.647190356432462810, 53.73494824363690014, -55.13794461059170260 ) ) ;
#312 = AXIS2_PLACEMENT_3D ( 'NONE', #2185, #4822, #1685 ) ;
#313 = CARTESIAN_POINT ( 'NONE',  ( 48.39478497701001203, -0.7218489000947356793, -41.99489402524855564 ) ) ;
#314 = AXIS2_PLACEMENT_3D ( 'NONE', #1173, #1731, #1262 ) ;
#315 = ORIENTED_EDGE ( 'NONE', *, *, #2490, .F. ) ;
#316 = ORIENTED_EDGE ( 'NONE', *, *, #3720, .T. ) ;
#317 = VERTEX_POINT ( 'NONE', #391 ) ;
#318 = AXIS2_PLACEMENT_3D ( 'NONE', #45, #2239, #1771 ) ;
#319 = CARTESIAN_POINT ( 'NONE',  ( 50.18644827721965385, 1.168607649903567136, -52.58661094061258723 ) ) ;
#320 = LINE ( 'NONE', #712, #5607 ) ;
#321 = CIRCLE ( 'NONE', #1464, 4.699999999999995737 ) ;
#322 = TOROIDAL_SURFACE ( 'NONE', #3154, 5.000000000000000000, 1.000000000000000000 ) ;
#323 = DIRECTION ( 'NONE',  ( -0.000000000000000000, -0.000000000000000000, -1.000000000000000000 ) ) ;
#324 = ORIENTED_EDGE ( 'NONE', *, *, #2211, .F. ) ;
#325 = CARTESIAN_POINT ( 'NONE',  ( 27.84810757022427197, 22.43539733587188678, 3.008855796219547685 ) ) ;
#326 = EDGE_LOOP ( 'NONE', ( #1235, #5040, #4861, #1121 ) ) ;
#327 = ORIENTED_EDGE ( 'NONE', *, *, #2714, .T. ) ;
#328 = PLANE ( 'NONE',  #4029 ) ;
#329 = FACE_OUTER_BOUND ( 'NONE', #559, .T. ) ;
#330 = CARTESIAN_POINT ( 'NONE',  ( 2.029210133258630245E-15, -6.087630399775893892E-15, -42.16000000000002501 ) ) ;
#331 = CARTESIAN_POINT ( 'NONE',  ( -51.79999999999999716, 2.560400198073949869E-16, -42.16000000000002501 ) ) ;
#332 = VERTEX_POINT ( 'NONE', #847 ) ;
#333 = CARTESIAN_POINT ( 'NONE',  ( 26.27000000000000313, -18.00000000000000355, 0.000000000000000000 ) ) ;
#334 = CARTESIAN_POINT ( 'NONE',  ( 24.18117352108645335, 22.87280746151874666, 4.510856941112697527 ) ) ;
#335 = EDGE_CURVE ( 'NONE', #5668, #4205, #618, .T. ) ;
#336 = ADVANCED_FACE ( 'NONE', ( #4513, #1845 ), #2690, .T. ) ;
#337 = DIRECTION ( 'NONE',  ( -0.000000000000000000, -0.000000000000000000, 1.000000000000000000 ) ) ;
#338 = CYLINDRICAL_SURFACE ( 'NONE', #2952, 3.049999999999997158 ) ;
#339 = CARTESIAN_POINT ( 'NONE',  ( 53.18935969611639791, -8.083305023393471345, -13.26431519908394030 ) ) ;
#340 = ORIENTED_EDGE ( 'NONE', *, *, #3271, .T. ) ;
#341 = CARTESIAN_POINT ( 'NONE',  ( 42.68256272660293149, 32.78059207543758191, -12.16016817547067852 ) ) ;
#342 = CARTESIAN_POINT ( 'NONE',  ( 42.99951995202604849, 30.19907474676438142, -12.70838857186677728 ) ) ;
#343 = CARTESIAN_POINT ( 'NONE',  ( 1.529272690581801042, 53.77851483160743840, -56.25637898865191744 ) ) ;
#344 = CARTESIAN_POINT ( 'NONE',  ( 48.36687591164731259, -1.792283678639192024, -38.43764686340058745 ) ) ;
#345 = ORIENTED_EDGE ( 'NONE', *, *, #1627, .T. ) ;
#346 = CARTESIAN_POINT ( 'NONE',  ( 25.36805468609272296, 24.35196300710157757, 5.621359165062771446 ) ) ;
#347 = DIRECTION ( 'NONE',  ( -0.000000000000000000, -0.000000000000000000, -1.000000000000000000 ) ) ;
#348 = DIRECTION ( 'NONE',  ( 0.000000000000000000, 1.000000000000000000, 0.000000000000000000 ) ) ;
#349 = ORIENTED_EDGE ( 'NONE', *, *, #2183, .T. ) ;
#350 = CIRCLE ( 'NONE', #3280, 49.79999999999999716 ) ;
#351 = CARTESIAN_POINT ( 'NONE',  ( 28.77100686086912518, 24.81649823513313180, 6.000000009936765188 ) ) ;
#352 = EDGE_LOOP ( 'NONE', ( #1152, #955, #231, #5611 ) ) ;
#353 = ORIENTED_EDGE ( 'NONE', *, *, #2589, .T. ) ;
#354 = AXIS2_PLACEMENT_3D ( 'NONE', #5217, #1254, #1195 ) ;
#355 = CIRCLE ( 'NONE', #3651, 1.550000000000001155 ) ;
#356 = CARTESIAN_POINT ( 'NONE',  ( -53.72211150549343017, 2.894926595913659639, -52.62921532738680952 ) ) ;
#357 = CYLINDRICAL_SURFACE ( 'NONE', #1560, 3.049999999999997158 ) ;
#358 = DIRECTION ( 'NONE',  ( 1.000000000000000000, -8.953411488912545976E-15, 0.000000000000000000 ) ) ;
#359 = CIRCLE ( 'NONE', #5163, 53.79999999999999716 ) ;
#360 = CYLINDRICAL_SURFACE ( 'NONE', #3344, 8.500000000000000000 ) ;
#361 = ORIENTED_EDGE ( 'NONE', *, *, #3261, .F. ) ;
#362 = DIRECTION ( 'NONE',  ( 1.000000000000000000, -0.000000000000000000, -0.000000000000000000 ) ) ;
#363 = CARTESIAN_POINT ( 'NONE',  ( 2.422262268630702042, -53.74555890472604602, -51.74579653735719376 ) ) ;
#364 = EDGE_CURVE ( 'NONE', #578, #4801, #4454, .T. ) ;
#365 = DIRECTION ( 'NONE',  ( -0.000000000000000000, -0.000000000000000000, -1.000000000000000000 ) ) ;
#366 = B_SPLINE_CURVE_WITH_KNOTS ( 'NONE', 3,
 ( #4306, #1137, #297, #2919, #1696, #5246, #2168, #3958, #2576, #3863, #5219, #3013, #2105, #4720, #3898, #1163, #5624, #2953, #4363, #5684, #1663, #2079, #3456, #4806 ),
 .UNSPECIFIED., .F., .F.,
 ( 4, 2, 2, 2, 2, 2, 2, 2, 2, 2, 2, 4 ),
 ( 0.004846296186788470912, 0.005451945991214695100, 0.006057595795640920155, 0.006360420697854031816, 0.006663245600067143476, 0.006966070502280256004, 0.007268895404493367664, 0.007874545208919571035, 0.008177370111132672287, 0.008480195013345773539, 0.009085844817771991655, 0.009691494622198209771 ),
 .UNSPECIFIED. ) ;
#367 = CYLINDRICAL_SURFACE ( 'NONE', #4269, 8.500000000000000000 ) ;
#368 = CARTESIAN_POINT ( 'NONE',  ( 53.55942250709703245, -5.103334829752102841, -17.02807626308680966 ) ) ;
#369 = ORIENTED_EDGE ( 'NONE', *, *, #1599, .T. ) ;
#370 = ORIENTED_EDGE ( 'NONE', *, *, #335, .T. ) ;
#371 = EDGE_CURVE ( 'NONE', #2389, #3704, #506, .T. ) ;
#372 = EDGE_CURVE ( 'NONE', #1994, #1129, #545, .T. ) ;
#373 = CARTESIAN_POINT ( 'NONE',  ( 53.71460914342077331, -3.030228753950342746, -53.21000658636570790 ) ) ;
#374 = DIRECTION ( 'NONE',  ( -1.000000000000000000, 0.000000000000000000, 0.000000000000000000 ) ) ;
#375 = ORIENTED_EDGE ( 'NONE', *, *, #371, .F. ) ;
#376 = FACE_OUTER_BOUND ( 'NONE', #2094, .T. ) ;
#377 = DIRECTION ( 'NONE',  ( -0.000000000000000000, -0.000000000000000000, -1.000000000000000000 ) ) ;
#378 = CARTESIAN_POINT ( 'NONE',  ( -53.00000000000000000, 0.000000000000000000, -37.06000000000003070 ) ) ;
#379 = EDGE_LOOP ( 'NONE', ( #3674, #2148, #3412, #1620 ) ) ;
#380 = DIRECTION ( 'NONE',  ( 1.000000000000000000, -8.953411488912545976E-15, 0.000000000000000000 ) ) ;
#381 = ORIENTED_EDGE ( 'NONE', *, *, #1423, .T. ) ;
#382 = ORIENTED_EDGE ( 'NONE', *, *, #4612, .F. ) ;
#383 = AXIS2_PLACEMENT_3D ( 'NONE', #3541, #408, #4825 ) ;
#384 = AXIS2_PLACEMENT_3D ( 'NONE', #4106, #37, #4989 ) ;
#385 = FACE_BOUND ( 'NONE', #3668, .T. ) ;
#386 = CARTESIAN_POINT ( 'NONE',  ( -3.000000000000000000, -1.500000000000000000, 8.400000000000000355 ) ) ;
#387 = CIRCLE ( 'NONE', #4626, 3.049999999999997158 ) ;
#388 = DIRECTION ( 'NONE',  ( 0.000000000000000000, 0.000000000000000000, -1.000000000000000000 ) ) ;
#389 = EDGE_LOOP ( 'NONE', ( #775, #375, #2341, #1313 ) ) ;
#390 = EDGE_CURVE ( 'NONE', #1382, #3298, #4482, .T. ) ;
#391 = CARTESIAN_POINT ( 'NONE',  ( -35.13440642122230884, 25.65055762081824042, 8.400000000000000355 ) ) ;
#392 = UNCERTAINTY_MEASURE_WITH_UNIT (LENGTH_MEASURE( 1.000000000000000082E-05 ), #2256, 'distance_accuracy_value', 'NONE');
#393 = CARTESIAN_POINT ( 'NONE',  ( 23.63199164163112798, 24.04217447104014127, 5.696498881298317052 ) ) ;
#394 = CARTESIAN_POINT ( 'NONE',  ( -1.354237774642543801, -50.18179050632222982, -52.82904861121806306 ) ) ;
#395 = DIRECTION ( 'NONE',  ( 1.000000000000000000, -1.292080795552537642E-16, 0.000000000000000000 ) ) ;
#396 = CARTESIAN_POINT ( 'NONE',  ( 51.79999999999999005, -0.1503396076491257394, -37.06000000000002359 ) ) ;
#397 = ORIENTED_EDGE ( 'NONE', *, *, #2245, .F. ) ;
#398 = CARTESIAN_POINT ( 'NONE',  ( 46.33496578788587072, 27.35414157566822979, -17.80153991660197477 ) ) ;
#399 = EDGE_CURVE ( 'NONE', #1722, #1986, #4307, .T. ) ;
#400 = DIRECTION ( 'NONE',  ( -1.000000000000000000, -1.224646799147353207E-16, 0.000000000000000000 ) ) ;
#401 = CARTESIAN_POINT ( 'NONE',  ( -2.894032310201928304, 53.72215982111864463, -54.59338663518191481 ) ) ;
#402 = CARTESIAN_POINT ( 'NONE',  ( 48.35866570162860256, -1.999862889517140863, -39.91082282307576889 ) ) ;
#403 = ORIENTED_EDGE ( 'NONE', *, *, #1725, .F. ) ;
#404 = EDGE_CURVE ( 'NONE', #1002, #578, #2623, .T. ) ;
#405 = CARTESIAN_POINT ( 'NONE',  ( 25.54267557990058535, 22.87309364394675271, 3.000000000000000000 ) ) ;
#406 = DIRECTION ( 'NONE',  ( 1.000000000000000000, -0.000000000000000000, -0.000000000000000000 ) ) ;
#407 = VECTOR ( 'NONE', #176, 1000.000000000000000 ) ;
#408 = DIRECTION ( 'NONE',  ( 0.000000000000000000, 0.000000000000000000, -1.000000000000000000 ) ) ;
#409 = ORIENTED_EDGE ( 'NONE', *, *, #4368, .T. ) ;
#410 = EDGE_CURVE ( 'NONE', #4258, #1420, #3838, .T. ) ;
#411 = VECTOR ( 'NONE', #5203, 1000.000000000000000 ) ;
#412 = DIRECTION ( 'NONE',  ( -0.000000000000000000, -0.000000000000000000, 1.000000000000000000 ) ) ;
#413 = ORIENTED_EDGE ( 'NONE', *, *, #872, .F. ) ;
#414 = VECTOR ( 'NONE', #5290, 1000.000000000000000 ) ;
#415 = AXIS2_PLACEMENT_3D ( 'NONE', #4843, #826, #4402 ) ;
#416 = CARTESIAN_POINT ( 'NONE',  ( 51.39999999999999858, 1.187913589698047206E-31, -67.11000000000002785 ) ) ;
#417 = LINE ( 'NONE', #2255, #5208 ) ;
#418 = AXIS2_PLACEMENT_3D ( 'NONE', #5415, #4015, #1427 ) ;
#419 = DIRECTION ( 'NONE',  ( 3.491481338843133355E-15, 1.000000000000000000, -0.000000000000000000 ) ) ;
#420 = EDGE_LOOP ( 'NONE', ( #615, #1406, #5492, #4090 ) ) ;
#421 = CARTESIAN_POINT ( 'NONE',  ( 20.19999999999999929, 26.00000000000000000, 8.400000000000000355 ) ) ;
#422 = CARTESIAN_POINT ( 'NONE',  ( 24.42260975773260512, 24.47675920517329828, 5.864564385664285062 ) ) ;
#423 = DIRECTION ( 'NONE',  ( 0.000000000000000000, 0.000000000000000000, 1.000000000000000000 ) ) ;
#424 = DIRECTION ( 'NONE',  ( 0.000000000000000000, 0.000000000000000000, 1.000000000000000000 ) ) ;
#425 = CARTESIAN_POINT ( 'NONE',  ( 51.78350370813527803, -1.311639688634942846, -41.54273599677893003 ) ) ;
#426 = EDGE_LOOP ( 'NONE', ( #551, #3351, #2006, #3980 ) ) ;
#427 = CARTESIAN_POINT ( 'NONE',  ( 43.42243865158711458, 31.78853128792056992, -13.43721396993967687 ) ) ;
#428 = LINE ( 'NONE', #855, #705 ) ;
#429 = EDGE_CURVE ( 'NONE', #1057, #4374, #1755, .T. ) ;
#430 = LINE ( 'NONE', #4581, #1362 ) ;
#431 = CARTESIAN_POINT ( 'NONE',  ( 24.61029916561775721, 22.64401032987858997, 3.038901410268363801 ) ) ;
#432 = VERTEX_POINT ( 'NONE', #421 ) ;
#433 = CARTESIAN_POINT ( 'NONE',  ( 28.43500108084743516, 24.22999999999999687, 2.095000000000000195 ) ) ;
#434 = DIRECTION ( 'NONE',  ( -1.000000000000000000, 0.000000000000000000, -0.000000000000000000 ) ) ;
#435 = EDGE_CURVE ( 'NONE', #2054, #5263, #1814, .T. ) ;
#436 = CYLINDRICAL_SURFACE ( 'NONE', #290, 2.049999999999998046 ) ;
#437 = EDGE_LOOP ( 'NONE', ( #4908, #947, #842, #2170, #1346 ) ) ;
#438 = CARTESIAN_POINT ( 'NONE',  ( 27.85326158718369527, 25.64645931977841542, 3.000000000000000000 ) ) ;
#439 = VERTEX_POINT ( 'NONE', #931 ) ;
#440 = DIRECTION ( 'NONE',  ( 3.491481338843133355E-15, 1.000000000000000000, -0.000000000000000000 ) ) ;
#441 = EDGE_CURVE ( 'NONE', #3158, #2384, #167, .T. ) ;
#442 = CARTESIAN_POINT ( 'NONE',  ( 52.70000000000000284, 8.933547375302734704E-16, -56.66000000000003212 ) ) ;
#443 = EDGE_CURVE ( 'NONE', #5411, #3878, #3749, .T. ) ;
#444 = FACE_BOUND ( 'NONE', #3639, .T. ) ;
#445 = AXIS2_PLACEMENT_3D ( 'NONE', #5327, #2254, #4889 ) ;
#446 = ORIENTED_EDGE ( 'NONE', *, *, #4543, .F. ) ;
#447 = CARTESIAN_POINT ( 'NONE',  ( 0.000000000000000000, 0.000000000000000000, -37.06000000000003070 ) ) ;
#448 = CARTESIAN_POINT ( 'NONE',  ( 24.59647702136136616, 23.87381645982269163, 5.498330998250790635 ) ) ;
#449 = AXIS2_PLACEMENT_3D ( 'NONE', #2317, #2373, #3748 ) ;
#450 = CARTESIAN_POINT ( 'NONE',  ( 41.39999999999999858, 6.065764695174149068, -7.594999999999999751 ) ) ;
#451 = FACE_OUTER_BOUND ( 'NONE', #5358, .T. ) ;
#452 = CARTESIAN_POINT ( 'NONE',  ( -50.18198525190901904, -1.345922649914000901, -52.83460809865947283 ) ) ;
#453 = ORIENTED_EDGE ( 'NONE', *, *, #364, .T. ) ;
#454 = CARTESIAN_POINT ( 'NONE',  ( 47.43175631132702819, 25.40777326734247765, -15.23887860642930470 ) ) ;
#455 = CARTESIAN_POINT ( 'NONE',  ( 25.37122242528483795, 22.84900340313294009, 3.014395448119020049 ) ) ;
#456 = DIRECTION ( 'NONE',  ( 0.000000000000000000, -0.000000000000000000, 1.000000000000000000 ) ) ;
#457 = CARTESIAN_POINT ( 'NONE',  ( 24.61978690258508351, 22.64760514823070281, 3.041483491650806226 ) ) ;
#458 = EDGE_LOOP ( 'NONE', ( #5372, #196, #1429, #622 ) ) ;
#459 = ORIENTED_EDGE ( 'NONE', *, *, #2287, .T. ) ;
#460 = CARTESIAN_POINT ( 'NONE',  ( 25.19088756443951382, 25.85239644698270922, 6.000000000000000000 ) ) ;
#461 = DIRECTION ( 'NONE',  ( 1.000000000000000000, 3.545978870011414316E-15, 0.000000000000000000 ) ) ;
#462 = CARTESIAN_POINT ( 'NONE',  ( 53.00000000000000000, 6.539613907446865747E-15, -37.06000000000003070 ) ) ;
#463 = CARTESIAN_POINT ( 'NONE',  ( 49.28947894077155922, -3.523898564777156128, -12.36958181987559513 ) ) ;
#464 = LINE ( 'NONE', #3070, #2205 ) ;
#465 = ORIENTED_EDGE ( 'NONE', *, *, #3793, .F. ) ;
#466 = CARTESIAN_POINT ( 'NONE',  ( -53.79999999999999716, 0.000000000000000000, -50.56000000000003780 ) ) ;
#467 = LINE ( 'NONE', #4013, #4743 ) ;
#468 = CARTESIAN_POINT ( 'NONE',  ( 24.31736568433986534, 24.84272776651148718, 6.000000000000000000 ) ) ;
#469 = CARTESIAN_POINT ( 'NONE',  ( 53.79999999999999716, 6.588599779412759964E-15, -36.26000000000002643 ) ) ;
#470 = ORIENTED_EDGE ( 'NONE', *, *, #5192, .F. ) ;
#471 = ADVANCED_FACE ( 'NONE', ( #93 ), #2811, .F. ) ;
#472 = CARTESIAN_POINT ( 'NONE',  ( 28.70055762081783968, 38.18440642122257600, 7.599999999999998757 ) ) ;
#473 = CARTESIAN_POINT ( 'NONE',  ( 24.69658755508575254, 23.52797936660560296, 5.172738607943516698 ) ) ;
#474 = CARTESIAN_POINT ( 'NONE',  ( -1.539862805841262006, -50.17638105059452158, -53.40609463724891270 ) ) ;
#475 = CARTESIAN_POINT ( 'NONE',  ( 0.4986801122175318346, 50.19761074715793114, -52.13890162617652635 ) ) ;
#476 =( BOUNDED_SURFACE ( )  B_SPLINE_SURFACE ( 3, 2, ( 
 ( #5284, #4877, #1615 ),
 ( #3941, #1265, #854 ),
 ( #4289, #1208, #793 ),
 ( #5257, #3408, #1648 ),
 ( #5727, #3472, #1236 ),
 ( #4816, #249, #4375 ),
 ( #5200, #341, #1178 ),
 ( #1707, #2966, #732 ),
 ( #2531, #2996, #277 ),
 ( #2090, #3873, #5660 ),
 ( #1881, #13, #3109 ),
 ( #2267, #427, #2696 ),
 ( #3997, #5809, #1851 ),
 ( #4110, #4549, #2751 ),
 ( #4934, #1796, #69 ),
 ( #4994, #3669, #3640 ),
 ( #1821, #5343, #5453 ),
 ( #4051, #5423, #3611 ),
 ( #4490, #1322, #1407 ),
 ( #2236, #3170, #1378 ),
 ( #3585, #5784, #398 ),
 ( #1437, #454, #5366 ),
 ( #1348, #3199, #4902 ),
 ( #3230, #2667, #2204 ),
 ( #970, #1768, #909 ),
 ( #514, #3137, #5395 ) ),
 .UNSPECIFIED., .F., .F., .F. ) 
 B_SPLINE_SURFACE_WITH_KNOTS ( ( 4, 2, 2, 2, 2, 2, 2, 2, 2, 2, 2, 2, 4 ),
 ( 3, 3 ),
 ( 0.006686041145418538528, 0.007908283631815098830, 0.008519404875013378980, 0.009130526118211659131, 0.01035276860460821943, 0.01096388984780649958, 0.01157501109100477800, 0.01279725357740133657, 0.01401949606379789687, 0.01646398103659101747, 0.01890846600938413807, 0.02135295098217725868, 0.02624192092776349988 ),
 ( 0.000000000000000000, 1.000000000000000000 ),
 .UNSPECIFIED. ) 
 GEOMETRIC_REPRESENTATION_ITEM ( )  RATIONAL_B_SPLINE_SURFACE ( (
 ( 1.000000000000000000, 0.9410325013912637093, 1.000000000000000000),
 ( 1.000000000000000000, 0.9410299899714857919, 1.000000000000000000),
 ( 1.000000000000000000, 0.9403874922127338776, 1.000000000000000000),
 ( 1.000000000000000000, 0.9385245817148144543, 1.000000000000000000),
 ( 1.000000000000000000, 0.9377531131519107888, 1.000000000000000000),
 ( 1.000000000000000000, 0.9359078967551228700, 1.000000000000000000),
 ( 1.000000000000000000, 0.9348375138731752632, 1.000000000000000000),
 ( 1.000000000000000000, 0.9312671160741998744, 1.000000000000000000),
 ( 1.000000000000000000, 0.9283903530365137380, 1.000000000000000000),
 ( 1.000000000000000000, 0.9233915971898640773, 1.000000000000000000),
 ( 1.000000000000000000, 0.9216068138920913144, 1.000000000000000000),
 ( 1.000000000000000000, 0.9178829247658560897, 1.000000000000000000),
 ( 1.000000000000000000, 0.9159364682952895187, 1.000000000000000000),
 ( 1.000000000000000000, 0.9098606979324329602, 1.000000000000000000),
 ( 1.000000000000000000, 0.9054958333124787373, 1.000000000000000000),
 ( 1.000000000000000000, 0.8961966272237187336, 1.000000000000000000),
 ( 1.000000000000000000, 0.8912405902883873132, 1.000000000000000000),
 ( 1.000000000000000000, 0.8759349522733308469, 1.000000000000000000),
 ( 1.000000000000000000, 0.8650530295173493034, 1.000000000000000000),
 ( 1.000000000000000000, 0.8422303581762320412, 1.000000000000000000),
 ( 1.000000000000000000, 0.8302272156726646646, 1.000000000000000000),
 ( 1.000000000000000000, 0.8059927254887513381, 1.000000000000000000),
 ( 1.000000000000000000, 0.7936979592642855463, 1.000000000000000000),
 ( 1.000000000000000000, 0.7565838670589756232, 1.000000000000000000),
 ( 1.000000000000000000, 0.7315029274390495440, 1.000000000000000000),
 ( 1.000000000000000000, 0.7071067811865475727, 1.000000000000000000) ) ) 
 REPRESENTATION_ITEM ( '' )  SURFACE ( )  );
#477 = DIRECTION ( 'NONE',  ( -1.000000000000000000, 0.000000000000000000, -0.000000000000000000 ) ) ;
#478 = VECTOR ( 'NONE', #5036, 1000.000000000000000 ) ;
#479 = EDGE_LOOP ( 'NONE', ( #2409, #1753, #4463, #1035 ) ) ;
#480 = CARTESIAN_POINT ( 'NONE',  ( 19.00000000000000000, 26.00000000000000000, -10.86772065218060312 ) ) ;
#481 = CARTESIAN_POINT ( 'NONE',  ( 45.10695663213107309, 29.33393504863336787, -17.12967774671401244 ) ) ;
#482 = CARTESIAN_POINT ( 'NONE',  ( 48.39999999999999858, 5.927290507873189217E-15, -32.11000000000002785 ) ) ;
#483 = CARTESIAN_POINT ( 'NONE',  ( -53.79999999999999716, 1.653538417301047538E-16, -67.11000000000002785 ) ) ;
#484 = EDGE_CURVE ( 'NONE', #2880, #716, #2441, .T. ) ;
#485 = ORIENTED_EDGE ( 'NONE', *, *, #1197, .T. ) ;
#486 = EDGE_LOOP ( 'NONE', ( #1177, #3293, #673, #3888, #4222, #768, #3922, #4912 ) ) ;
#487 = CARTESIAN_POINT ( 'NONE',  ( 53.78327993226631776, 1.353683127291122279, -56.35034527635825441 ) ) ;
#488 = CARTESIAN_POINT ( 'NONE',  ( 24.89999999999999858, 19.00000000000000000, 6.000000000000000000 ) ) ;
#489 = ADVANCED_FACE ( 'NONE', ( #4197 ), #1550, .F. ) ;
#490 = AXIS2_PLACEMENT_3D ( 'NONE', #2124, #3475, #1211 ) ;
#491 = DIRECTION ( 'NONE',  ( 0.000000000000000000, 0.000000000000000000, 1.000000000000000000 ) ) ;
#492 = CARTESIAN_POINT ( 'NONE',  ( 53.80087241713636814, -2.922322574932289196, -13.28448385886967742 ) ) ;
#493 = CARTESIAN_POINT ( 'NONE',  ( -35.00000000000000000, 24.00000000000000000, 6.000000000000000000 ) ) ;
#494 = ORIENTED_EDGE ( 'NONE', *, *, #4292, .F. ) ;
#495 = ORIENTED_EDGE ( 'NONE', *, *, #5447, .T. ) ;
#496 = CARTESIAN_POINT ( 'NONE',  ( 24.81646563447848308, 24.34127186805138976, 5.719646217865929749 ) ) ;
#497 = SPHERICAL_SURFACE ( 'NONE', #1974, 4.000000000000000000 ) ;
#498 = AXIS2_PLACEMENT_3D ( 'NONE', #304, #2175, #5752 ) ;
#499 = DIRECTION ( 'NONE',  ( -0.000000000000000000, -0.000000000000000000, 1.000000000000000000 ) ) ;
#500 = CARTESIAN_POINT ( 'NONE',  ( 23.56894218549448183, 24.69638184314145235, 5.942151061862245065 ) ) ;
#501 = CIRCLE ( 'NONE', #3339, 51.79999999999999716 ) ;
#502 = EDGE_CURVE ( 'NONE', #5263, #2188, #3284, .T. ) ;
#503 = VECTOR ( 'NONE', #1580, 1000.000000000000000 ) ;
#504 = ORIENTED_EDGE ( 'NONE', *, *, #1019, .F. ) ;
#505 = CIRCLE ( 'NONE', #2739, 1.899999999999999023 ) ;
#506 = LINE ( 'NONE', #3102, #4774 ) ;
#507 = VECTOR ( 'NONE', #3473, 1000.000000000000000 ) ;
#508 = AXIS2_PLACEMENT_3D ( 'NONE', #2743, #3221, #4422 ) ;
#509 = CARTESIAN_POINT ( 'NONE',  ( 14.00000000000000000, 26.00000000000000000, 6.000000000000000000 ) ) ;
#510 = CARTESIAN_POINT ( 'NONE',  ( 0.2032433392414703943, 50.19968698810424712, -52.07004383244258605 ) ) ;
#511 = CARTESIAN_POINT ( 'NONE',  ( -50.17847667845011728, -1.470372084327462581, -54.11080080509127299 ) ) ;
#512 = AXIS2_PLACEMENT_3D ( 'NONE', #3310, #59, #5561 ) ;
#513 = EDGE_LOOP ( 'NONE', ( #5261, #2993, #5769, #1332 ) ) ;
#514 = CARTESIAN_POINT ( 'NONE',  ( 46.39999999999999858, 18.08535318980527151, -14.59999999999999787 ) ) ;
#515 = CARTESIAN_POINT ( 'NONE',  ( 41.56046628853523117, 34.16388435868100260, -11.68030835422719527 ) ) ;
#516 = EDGE_CURVE ( 'NONE', #1893, #5082, #3498, .T. ) ;
#517 = ADVANCED_FACE ( 'NONE', ( #5140 ), #4602, .T. ) ;
#518 = FACE_OUTER_BOUND ( 'NONE', #458, .T. ) ;
#519 = CARTESIAN_POINT ( 'NONE',  ( 24.77335393774470162, 22.70207305583634394, 3.088409226616778636 ) ) ;
#520 = ORIENTED_EDGE ( 'NONE', *, *, #2, .F. ) ;
#521 = VERTEX_POINT ( 'NONE', #2379 ) ;
#522 = AXIS2_PLACEMENT_3D ( 'NONE', #2519, #2609, #358 ) ;
#523 = CARTESIAN_POINT ( 'NONE',  ( -35.14000000000000057, -18.00000000000000000, 6.000000000000000000 ) ) ;
#524 = DIRECTION ( 'NONE',  ( 1.000000000000000000, -0.000000000000000000, -0.000000000000000000 ) ) ;
#525 = FACE_OUTER_BOUND ( 'NONE', #5477, .T. ) ;
#526 = CARTESIAN_POINT ( 'NONE',  ( 53.83030134288492974, -3.652112831477688282, -12.10859932290657426 ) ) ;
#527 = CARTESIAN_POINT ( 'NONE',  ( 42.39999999999999858, -1.934235304825850044, -7.745671117884097789 ) ) ;
#528 = ORIENTED_EDGE ( 'NONE', *, *, #4417, .T. ) ;
#529 = ORIENTED_EDGE ( 'NONE', *, *, #3654, .F. ) ;
#530 = CARTESIAN_POINT ( 'NONE',  ( 24.86215032129239688, 24.07153554094703551, 5.548992821740022841 ) ) ;
#531 = DIRECTION ( 'NONE',  ( 3.491481338843133355E-15, 1.000000000000000000, 0.000000000000000000 ) ) ;
#532 = DIRECTION ( 'NONE',  ( 0.000000000000000000, 0.000000000000000000, -1.000000000000000000 ) ) ;
#533 = ADVANCED_FACE ( 'NONE', ( #124 ), #258, .F. ) ;
#534 = CARTESIAN_POINT ( 'NONE',  ( 41.39999999999999858, 24.22999999999999687, 1.435000000000000053 ) ) ;
#535 = EDGE_LOOP ( 'NONE', ( #3628, #293, #4826, #2579, #3754, #5347, #1767 ) ) ;
#536 = CARTESIAN_POINT ( 'NONE',  ( -50.20000000000000284, -7.035344883514690442E-16, -55.16000000000003212 ) ) ;
#537 = DIRECTION ( 'NONE',  ( 0.000000000000000000, 0.000000000000000000, 1.000000000000000000 ) ) ;
#538 = CIRCLE ( 'NONE', #4775, 2.049999999999998046 ) ;
#539 = CARTESIAN_POINT ( 'NONE',  ( -0.9527869365523480294, 50.19116122282935777, -52.37080730091699365 ) ) ;
#540 = CARTESIAN_POINT ( 'NONE',  ( 28.17000000000000171, -18.00000000000000355, 0.000000000000000000 ) ) ;
#541 = ORIENTED_EDGE ( 'NONE', *, *, #260, .T. ) ;
#542 = CARTESIAN_POINT ( 'NONE',  ( 0.000000000000000000, 0.000000000000000000, -61.11000000000002785 ) ) ;
#543 = EDGE_CURVE ( 'NONE', #749, #5262, #1308, .T. ) ;
#544 = CARTESIAN_POINT ( 'NONE',  ( 25.22735240294864312, 22.82269897077449627, 3.046142767630553472 ) ) ;
#545 = CIRCLE ( 'NONE', #2153, 3.900000000000000799 ) ;
#546 = CIRCLE ( 'NONE', #5426, 8.500000000000000000 ) ;
#547 = CARTESIAN_POINT ( 'NONE',  ( 42.39999999999999858, 0.06576469517414959554, 47.16456800719578979 ) ) ;
#548 = CARTESIAN_POINT ( 'NONE',  ( 24.75356309023759138, 22.69546153853140780, 3.082515732470363368 ) ) ;
#549 = EDGE_CURVE ( 'NONE', #3513, #3009, #265, .T. ) ;
#550 = ORIENTED_EDGE ( 'NONE', *, *, #2614, .T. ) ;
#551 = ORIENTED_EDGE ( 'NONE', *, *, #1203, .T. ) ;
#552 = CARTESIAN_POINT ( 'NONE',  ( 53.74544851141201462, 2.424680603660454903, -51.74903507255955049 ) ) ;
#553 = EDGE_CURVE ( 'NONE', #1588, #2235, #687, .T. ) ;
#554 = CARTESIAN_POINT ( 'NONE',  ( 1.550000000000565592, 53.80100000000055616, -53.61000000000003496 ) ) ;
#555 = CARTESIAN_POINT ( 'NONE',  ( 41.39999999999999858, 7.065764695174149068, -7.594999999999999751 ) ) ;
#556 = CARTESIAN_POINT ( 'NONE',  ( 49.24355130857921381, -3.679354959885111409, -12.01104498571178247 ) ) ;
#557 = CARTESIAN_POINT ( 'NONE',  ( 41.39999999999999858, 22.18000000000000327, 2.095000000000000195 ) ) ;
#558 = VERTEX_POINT ( 'NONE', #2076 ) ;
#559 = EDGE_LOOP ( 'NONE', ( #948, #914, #1307, #2332 ) ) ;
#560 = CARTESIAN_POINT ( 'NONE',  ( 25.03376377631573035, 23.25021933784430672, 4.708622981811632080 ) ) ;
#561 = DIRECTION ( 'NONE',  ( 1.000000000000000000, -8.953411488912545976E-15, 0.000000000000000000 ) ) ;
#562 = CARTESIAN_POINT ( 'NONE',  ( 24.00000000000000000, 26.00000000000000000, 8.400000000000000355 ) ) ;
#563 = DIRECTION ( 'NONE',  ( 0.000000000000000000, 0.000000000000000000, 1.000000000000000000 ) ) ;
#564 = DIRECTION ( 'NONE',  ( -0.000000000000000000, -0.000000000000000000, 1.000000000000000000 ) ) ;
#565 = ORIENTED_EDGE ( 'NONE', *, *, #2896, .F. ) ;
#566 = DIRECTION ( 'NONE',  ( 1.000000000000000000, -1.292080795552537642E-16, 0.000000000000000000 ) ) ;
#567 = DIRECTION ( 'NONE',  ( -1.000000000000000000, 0.000000000000000000, 0.000000000000000000 ) ) ;
#568 = DIRECTION ( 'NONE',  ( 0.000000000000000000, -0.000000000000000000, 1.000000000000000000 ) ) ;
#569 = CARTESIAN_POINT ( 'NONE',  ( -50.19868636133445960, -0.4082300358949727537, -52.10115709708480836 ) ) ;
#570 = ORIENTED_EDGE ( 'NONE', *, *, #3222, .F. ) ;
#571 = DIRECTION ( 'NONE',  ( 1.000000000000000000, 0.000000000000000000, 0.000000000000000000 ) ) ;
#572 = CARTESIAN_POINT ( 'NONE',  ( 45.98307673682887753, 27.94054286991043412, -17.63674681654252652 ) ) ;
#573 = VECTOR ( 'NONE', #3081, 1000.000000000000000 ) ;
#574 = CARTESIAN_POINT ( 'NONE',  ( 3.030215555752575618, -53.71460974791380494, -54.00975140284065645 ) ) ;
#575 = DIRECTION ( 'NONE',  ( 0.000000000000000000, 0.000000000000000000, 1.000000000000000000 ) ) ;
#576 = ORIENTED_EDGE ( 'NONE', *, *, #1988, .T. ) ;
#577 = B_SPLINE_CURVE_WITH_KNOTS ( 'NONE', 3,
 ( #3618, #1800, #1352, #5428, #3173, #17, #4468, #4998, #2789, #431, #457, #5399, #3144, #4938, #2754, #4582, #4494, #548, #4555, #1381, #519, #2331, #74, #4727, #2058, #1034, #194, #5603, #247, #3845 ),
 .UNSPECIFIED., .F., .F.,
 ( 4, 1, 2, 2, 1, 1, 1, 2, 2, 2, 2, 1, 2, 2, 1, 2, 2, 4 ),
 ( 0.000000000000000000, 0.1250000000000738853, 0.1875000000001074418, 0.2500000000001409983, 0.3750000000001988965, 0.4375000000002201572, 0.4687500000002335909, 0.4843750000002476352, 0.5000000000002615685, 0.6250000000002569056, 0.6875000000002621237, 0.7187500000002647882, 0.7343750000002566836, 0.7500000000002485789, 0.8125000000001807443, 0.8437500000001546541, 0.8750000000001285638, 1.000000000000000000 ),
 .UNSPECIFIED. ) ;
#578 = VERTEX_POINT ( 'NONE', #3810 ) ;
#579 = CARTESIAN_POINT ( 'NONE',  ( 53.79133518514071710, 0.9828314219263716289, -50.71586892970019278 ) ) ;
#580 = LINE ( 'NONE', #4179, #1032 ) ;
#581 = CIRCLE ( 'NONE', #3597, 3.049999999999997158 ) ;
#582 = AXIS2_PLACEMENT_3D ( 'NONE', #3963, #825, #4783 ) ;
#583 = DIRECTION ( 'NONE',  ( -0.000000000000000000, -1.000000000000000000, -0.000000000000000000 ) ) ;
#584 = B_SPLINE_CURVE_WITH_KNOTS ( 'NONE', 3,
 ( #4676, #3848, #2453, #5633, #1616, #4234, #1323, #4788, #5316, #3998, #2179, #1676, #2621, #342, #5696, #5285, #1296, #3110, #3085, #3559, #3533, #1237, #2149, #2593 ),
 .UNSPECIFIED., .F., .F.,
 ( 4, 2, 2, 2, 2, 2, 2, 2, 2, 2, 2, 4 ),
 ( 0.000000000000000000, 0.003908105696787689438, 0.007816211393575378877, 0.009770264241969230101, 0.01074729066616614964, 0.01172431709036307092, 0.01270134351455999046, 0.01318985672665844502, 0.01367836993875689786, 0.01465539636295379138, 0.01514390957505223900, 0.01563242278715068143 ),
 .UNSPECIFIED. ) ;
#585 = CARTESIAN_POINT ( 'NONE',  ( 53.50457572665116857, -5.634636500578572793, -16.61459367402692067 ) ) ;
#586 = CARTESIAN_POINT ( 'NONE',  ( 1.549999999999450040, -52.70000000000000995, -53.61000000000003496 ) ) ;
#587 = ORIENTED_EDGE ( 'NONE', *, *, #2287, .F. ) ;
#588 = ORIENTED_EDGE ( 'NONE', *, *, #118, .T. ) ;
#589 = CARTESIAN_POINT ( 'NONE',  ( 25.14285580040714763, 25.47802114006933394, 5.983271545075793618 ) ) ;
#590 = DIRECTION ( 'NONE',  ( 0.000000000000000000, 1.000000000000000000, 0.000000000000000000 ) ) ;
#591 = APPLICATION_PROTOCOL_DEFINITION ( 'draft international standard', 'automotive_design', 1998, #658 ) ;
#592 = EDGE_CURVE ( 'NONE', #3859, #558, #5273, .T. ) ;
#593 = CARTESIAN_POINT ( 'NONE',  ( -6.999999999999997335, 6.000000000000001776, 8.400000000000000355 ) ) ;
#594 = CARTESIAN_POINT ( 'NONE',  ( 41.39999999999999858, -1.934235304825850710, -1.594999999999999973 ) ) ;
#595 = TOROIDAL_SURFACE ( 'NONE', #308, 52.20000000000000284, 2.000000000000000000 ) ;
#596 = ORIENTED_EDGE ( 'NONE', *, *, #4580, .F. ) ;
#597 = CARTESIAN_POINT ( 'NONE',  ( -50.19968679510502341, 0.2031244138938228250, -52.07005139279728922 ) ) ;
#598 = AXIS2_PLACEMENT_3D ( 'NONE', #1855, #883, #946 ) ;
#599 = VECTOR ( 'NONE', #803, 1000.000000000000000 ) ;
#600 = CARTESIAN_POINT ( 'NONE',  ( 0.6863290888526837330, -50.19539608949589393, -55.00348421570328838 ) ) ;
#601 = DIRECTION ( 'NONE',  ( 0.000000000000000000, 0.000000000000000000, 1.000000000000000000 ) ) ;
#602 = AXIS2_PLACEMENT_3D ( 'NONE', #4255, #1505, #1528 ) ;
#603 = CARTESIAN_POINT ( 'NONE',  ( 23.06684828461709102, 25.24552808131916848, 6.000000000000000000 ) ) ;
#604 = ORIENTED_EDGE ( 'NONE', *, *, #3078, .T. ) ;
#605 = CARTESIAN_POINT ( 'NONE',  ( -53.79999999999999716, 1.171695102524768835E-23, -56.66000000000003212 ) ) ;
#606 = VECTOR ( 'NONE', #4277, 1000.000000000000000 ) ;
#607 = AXIS2_PLACEMENT_3D ( 'NONE', #1594, #4652, #2428 ) ;
#608 = CIRCLE ( 'NONE', #1553, 1.199999999999999734 ) ;
#609 = VECTOR ( 'NONE', #3272, 1000.000000000000000 ) ;
#610 = CARTESIAN_POINT ( 'NONE',  ( -2.741317040080879508, -53.73016895292788320, -54.96192124750039198 ) ) ;
#611 = AXIS2_PLACEMENT_3D ( 'NONE', #2374, #1960, #4598 ) ;
#612 = CARTESIAN_POINT ( 'NONE',  ( 49.16388827307757481, -3.934235304825850488, -10.60000000000000142 ) ) ;
#613 = AXIS2_PLACEMENT_3D ( 'NONE', #3430, #5276, #1727 ) ;
#614 = ORIENTED_EDGE ( 'NONE', *, *, #2009, .F. ) ;
#615 = ORIENTED_EDGE ( 'NONE', *, *, #240, .T. ) ;
#616 = DIRECTION ( 'NONE',  ( -0.000000000000000000, -0.000000000000000000, 1.000000000000000000 ) ) ;
#617 = FACE_OUTER_BOUND ( 'NONE', #763, .T. ) ;
#618 = B_SPLINE_CURVE_WITH_KNOTS ( 'NONE', 3,
 ( #4072, #4988, #5359, #1340, #4425, #1288 ),
 .UNSPECIFIED., .F., .F.,
 ( 4, 2, 4 ),
 ( 0.000000000000000000, 0.0003019581254502368530, 0.0006039162509004737060 ),
 .UNSPECIFIED. ) ;
#619 = DIRECTION ( 'NONE',  ( -0.000000000000000000, -1.000000000000000000, -0.000000000000000000 ) ) ;
#620 = PLANE ( 'NONE',  #607 ) ;
#621 = CARTESIAN_POINT ( 'NONE',  ( 23.70910518730156014, 23.87797743601839429, 5.621359165062774110 ) ) ;
#622 = ORIENTED_EDGE ( 'NONE', *, *, #653, .T. ) ;
#623 = ORIENTED_EDGE ( 'NONE', *, *, #2334, .T. ) ;
#624 = CARTESIAN_POINT ( 'NONE',  ( 25.06802792829087068, 23.08403535981860344, 4.406220131950041363 ) ) ;
#625 = DIRECTION ( 'NONE',  ( -0.000000000000000000, 8.673617379884036458E-16, -1.000000000000000000 ) ) ;
#626 = CARTESIAN_POINT ( 'NONE',  ( 0.000000000000000000, 0.000000000000000000, 0.000000000000000000 ) ) ;
#627 = EDGE_CURVE ( 'NONE', #5000, #3923, #1784, .T. ) ;
#628 = CARTESIAN_POINT ( 'NONE',  ( 25.19999999999999929, 26.00000000000000000, 6.000000000000000000 ) ) ;
#629 = CARTESIAN_POINT ( 'NONE',  ( 27.49629706354471992, 22.60180175806067382, 3.039332487450208120 ) ) ;
#630 = EDGE_CURVE ( 'NONE', #3901, #5205, #643, .T. ) ;
#631 = ORIENTED_EDGE ( 'NONE', *, *, #668, .T. ) ;
#632 = DIRECTION ( 'NONE',  ( 1.000000000000000000, 0.000000000000000000, 0.000000000000000000 ) ) ;
#633 = EDGE_CURVE ( 'NONE', #1754, #439, #5067, .T. ) ;
#634 = DIRECTION ( 'NONE',  ( -0.000000000000000000, -0.000000000000000000, -1.000000000000000000 ) ) ;
#635 = LINE ( 'NONE', #1905, #896 ) ;
#636 = CARTESIAN_POINT ( 'NONE',  ( 25.43610956267181322, 22.86051061691149044, 3.394138578058527589 ) ) ;
#637 = EDGE_LOOP ( 'NONE', ( #2034, #4309 ) ) ;
#638 = CARTESIAN_POINT ( 'NONE',  ( -51.39999999999999858, 6.294684547617395450E-15, -219.2793793113450533 ) ) ;
#639 = AXIS2_PLACEMENT_3D ( 'NONE', #1142, #2497, #5654 ) ;
#640 = CARTESIAN_POINT ( 'NONE',  ( -35.00000000000000000, 24.00000000000000000, 0.000000000000000000 ) ) ;
#641 = DIRECTION ( 'NONE',  ( 0.000000000000000000, 1.000000000000000000, 0.000000000000000000 ) ) ;
#642 = EDGE_LOOP ( 'NONE', ( #1690, #5015, #2355, #5520 ) ) ;
#643 = CIRCLE ( 'NONE', #4492, 51.39999999999999858 ) ;
#644 = VECTOR ( 'NONE', #5092, 1000.000000000000000 ) ;
#645 = ORIENTED_EDGE ( 'NONE', *, *, #3983, .T. ) ;
#646 = LINE ( 'NONE', #2997, #2588 ) ;
#647 = DIRECTION ( 'NONE',  ( -0.000000000000000000, -0.000000000000000000, 1.000000000000000000 ) ) ;
#648 = AXIS2_PLACEMENT_3D ( 'NONE', #984, #531, #2344 ) ;
#649 = B_SPLINE_CURVE_WITH_KNOTS ( 'NONE', 3,
 ( #4692, #2841, #3726, #3783, #1495, #5141, #94, #3226, #2466, #5051, #2780, #4632, #2440, #2352, #3290, #600, #1112, #157, #1904, #2897, #2381, #998, #3694, #4165 ),
 .UNSPECIFIED., .F., .F.,
 ( 4, 2, 2, 2, 2, 2, 2, 2, 2, 2, 2, 4 ),
 ( 0.004846296178020417789, 0.005451945980989475124, 0.006057595783958533327, 0.006360420685443055056, 0.006663245586927576784, 0.006966070488412098513, 0.007268895389896619375, 0.007874545192865662832, 0.008177370094350188898, 0.008480194995834714963, 0.009085844798803751482, 0.009691494601772789735 ),
 .UNSPECIFIED. ) ;
#650 = DIRECTION ( 'NONE',  ( 1.000000000000000000, -0.000000000000000000, -0.000000000000000000 ) ) ;
#651 = EDGE_LOOP ( 'NONE', ( #68, #1653 ) ) ;
#652 = ORIENTED_EDGE ( 'NONE', *, *, #5709, .T. ) ;
#653 = EDGE_CURVE ( 'NONE', #98, #4035, #4776, .T. ) ;
#654 = CARTESIAN_POINT ( 'NONE',  ( 25.15609245562180618, 25.55514681280885014, 5.992939547549989143 ) ) ;
#655 = DIRECTION ( 'NONE',  ( 0.000000000000000000, 0.000000000000000000, 1.000000000000000000 ) ) ;
#656 = DIRECTION ( 'NONE',  ( 0.000000000000000000, 0.000000000000000000, 1.000000000000000000 ) ) ;
#657 = CARTESIAN_POINT ( 'NONE',  ( 26.00000000000000000, 19.00000000000000000, 6.000000000000000000 ) ) ;
#658 = APPLICATION_CONTEXT ( 'automotive_design' ) ;
#659 = CARTESIAN_POINT ( 'NONE',  ( 27.04044790458261360, 22.76396826259973949, 5.839987936593326268 ) ) ;
#660 = ORIENTED_EDGE ( 'NONE', *, *, #1462, .F. ) ;
#661 = CARTESIAN_POINT ( 'NONE',  ( 26.00000000000000000, 19.00000000000000000, 6.000000000000000000 ) ) ;
#662 = FACE_OUTER_BOUND ( 'NONE', #3476, .T. ) ;
#663 = CARTESIAN_POINT ( 'NONE',  ( -22.60055762081784536, -38.18440642122257600, 8.400000000000000355 ) ) ;
#664 = CARTESIAN_POINT ( 'NONE',  ( 24.92638889819713555, 22.74931449762295088, 3.114204189450903382 ) ) ;
#665 = ADVANCED_FACE ( 'NONE', ( #1136 ), #751, .T. ) ;
#666 = EDGE_LOOP ( 'NONE', ( #5297, #197, #1264, #494, #4329, #4163, #4885 ) ) ;
#667 = DIRECTION ( 'NONE',  ( -0.000000000000000000, -0.000000000000000000, -1.000000000000000000 ) ) ;
#668 = EDGE_CURVE ( 'NONE', #5205, #5148, #4330, .T. ) ;
#669 = CARTESIAN_POINT ( 'NONE',  ( -0.7912172841001134937, -53.79453730544728529, -56.56233064631202723 ) ) ;
#670 = CARTESIAN_POINT ( 'NONE',  ( 49.79995657633516970, 0.06576469517414916532, -14.60000000000000142 ) ) ;
#671 = CIRCLE ( 'NONE', #3679, 2.000000000000001776 ) ;
#672 = ORIENTED_EDGE ( 'NONE', *, *, #1790, .F. ) ;
#673 = ORIENTED_EDGE ( 'NONE', *, *, #1286, .F. ) ;
#674 = FACE_OUTER_BOUND ( 'NONE', #426, .T. ) ;
#675 = ADVANCED_FACE ( 'NONE', ( #3010 ), #328, .F. ) ;
#676 = DIRECTION ( 'NONE',  ( 0.000000000000000000, 0.000000000000000000, 1.000000000000000000 ) ) ;
#677 = CARTESIAN_POINT ( 'NONE',  ( 19.00000000000000000, 26.00000000000000000, 8.400000000000000355 ) ) ;
#678 = ORIENTED_EDGE ( 'NONE', *, *, #1878, .T. ) ;
#679 = ORIENTED_EDGE ( 'NONE', *, *, #2922, .F. ) ;
#680 = EDGE_CURVE ( 'NONE', #1223, #3584, #5425, .T. ) ;
#681 = LINE ( 'NONE', #4241, #5576 ) ;
#682 = CARTESIAN_POINT ( 'NONE',  ( 0.000000000000000000, 0.000000000000000000, -14.60000000000000142 ) ) ;
#683 = AXIS2_PLACEMENT_3D ( 'NONE', #5723, #302, #3435 ) ;
#684 = DIRECTION ( 'NONE',  ( -0.000000000000000000, -0.000000000000000000, 1.000000000000000000 ) ) ;
#685 = LINE ( 'NONE', #2683, #3417 ) ;
#686 = ORIENTED_EDGE ( 'NONE', *, *, #3111, .F. ) ;
#687 = LINE ( 'NONE', #4304, #4590 ) ;
#688 = CARTESIAN_POINT ( 'NONE',  ( -1.350596093296817957, 53.78336263509070392, -50.86802465440393206 ) ) ;
#689 = ADVANCED_FACE ( 'NONE', ( #2049 ), #3835, .T. ) ;
#690 = DIRECTION ( 'NONE',  ( -0.000000000000000000, -0.000000000000000000, -1.000000000000000000 ) ) ;
#691 = DIRECTION ( 'NONE',  ( -1.224646799147353207E-16, 1.000000000000000000, 0.000000000000000000 ) ) ;
#692 = EDGE_LOOP ( 'NONE', ( #1200, #1712, #853, #1401 ) ) ;
#693 = FACE_OUTER_BOUND ( 'NONE', #4367, .T. ) ;
#694 = CIRCLE ( 'NONE', #4448, 1.899999999999999023 ) ;
#695 = EDGE_CURVE ( 'NONE', #1382, #2917, #2596, .T. ) ;
#696 = CARTESIAN_POINT ( 'NONE',  ( -4.599999999999996980, 6.848053665376141019, -10.86772065218060312 ) ) ;
#697 = CARTESIAN_POINT ( 'NONE',  ( 49.76189768206726427, -0.9742043587185784670, -14.47128761558438370 ) ) ;
#698 = AXIS2_PLACEMENT_3D ( 'NONE', #5002, #2304, #4092 ) ;
#699 = ORIENTED_EDGE ( 'NONE', *, *, #4916, .F. ) ;
#700 = ORIENTED_EDGE ( 'NONE', *, *, #1369, .T. ) ;
#702 = EDGE_CURVE ( 'NONE', #4702, #2389, #26, .T. ) ;
#701 = B_SPLINE_SURFACE_WITH_KNOTS ( 'NONE', 3, 3, ( 
 ( #3769, #301, #3434, #2112, #4811, #5195 ),
 ( #4782, #726, #1168, #2959, #1729, #4841 ),
 ( #3904, #2523, #787, #4311, #2172, #824 ),
 ( #3524, #3962, #1667, #2581, #271, #334 ),
 ( #2141, #2083, #5655, #1637, #5223, #3932 ),
 ( #3988, #2198, #1341, #3165, #1815, #4073 ),
 ( #473, #2290, #1792, #1315, #3103, #2262 ),
 ( #4956, #904, #2661, #2691, #2718, #4514 ),
 ( #448, #5, #3604, #4018, #874, #393 ),
 ( #5388, #5779, #1763, #3552, #5336, #932 ),
 ( #4455, #4046, #4483, #1373, #4894, #5360 ),
 ( #422, #2230, #5803, #3578, #3131, #4925 ),
 ( #5823, #5506, #2375, #500, #89, #959 ),
 ( #1049, #2741, #1425, #4068, #2319, #1397 ),
 ( #3721, #4537, #3600, #3220, #4102, #3190 ),
 ( #468, #1489, #5383, #1929, #5075, #4041 ) ),
 .UNSPECIFIED., .F., .F., .F.,
 ( 4, 2, 2, 2, 2, 2, 2, 4 ),
 ( 4, 2, 4 ),
 ( 0.000000000000000000, 0.2500000000000001110, 0.5000000000000001110, 0.6250000000000000000, 0.7500000000000000000, 0.8750000000000000000, 0.9375000000000000000, 1.000000000000000000 ),
 ( 0.000000000000000000, 0.5000000000000000000, 1.000000000000000000 ),
 .UNSPECIFIED. ) ;
#703 = ADVANCED_FACE ( 'NONE', ( #3188, #5355, #4917, #4390, #3598, #4420, #2166, #1335, #2282, #1810, #4066 ), #2632, .F. ) ;
#704 = DIRECTION ( 'NONE',  ( 0.000000000000000000, 1.000000000000000000, 0.000000000000000000 ) ) ;
#705 = VECTOR ( 'NONE', #1797, 1000.000000000000000 ) ;
#706 = VECTOR ( 'NONE', #4132, 1000.000000000000000 ) ;
#707 = DIRECTION ( 'NONE',  ( 0.000000000000000000, 0.000000000000000000, -1.000000000000000000 ) ) ;
#708 = CARTESIAN_POINT ( 'NONE',  ( 53.15900136644230400, -8.280549967434907899, -12.67498352125331706 ) ) ;
#709 = VERTEX_POINT ( 'NONE', #416 ) ;
#710 = ORIENTED_EDGE ( 'NONE', *, *, #963, .T. ) ;
#711 = DIRECTION ( 'NONE',  ( 0.000000000000000000, 0.000000000000000000, -1.000000000000000000 ) ) ;
#712 = CARTESIAN_POINT ( 'NONE',  ( 42.39999999999999858, -1.934235304825850044, -7.594999999999999751 ) ) ;
#713 = DIRECTION ( 'NONE',  ( 0.000000000000000000, -1.084202172485504434E-16, 1.000000000000000000 ) ) ;
#714 = AXIS2_PLACEMENT_3D ( 'NONE', #3823, #4678, #2455 ) ;
#715 = DIRECTION ( 'NONE',  ( -0.000000000000000000, -0.000000000000000000, 1.000000000000000000 ) ) ;
#716 = VERTEX_POINT ( 'NONE', #5412 ) ;
#717 = DIRECTION ( 'NONE',  ( -0.000000000000000000, -0.000000000000000000, -1.000000000000000000 ) ) ;
#718 = CARTESIAN_POINT ( 'NONE',  ( 29.00000000000000000, 26.00000000000000000, 8.400000000000000355 ) ) ;
#719 = ADVANCED_FACE ( 'NONE', ( #385, #2225 ), #3073, .T. ) ;
#720 = ADVANCED_FACE ( 'NONE', ( #3981, #4862 ), #2685, .T. ) ;
#721 = CYLINDRICAL_SURFACE ( 'NONE', #4101, 3.049999999999998046 ) ;
#722 = AXIS2_PLACEMENT_3D ( 'NONE', #1184, #4706, #2971 ) ;
#723 = CARTESIAN_POINT ( 'NONE',  ( -38.18440642122230599, 25.65055762081824042, 7.599999999999998757 ) ) ;
#724 = ORIENTED_EDGE ( 'NONE', *, *, #5709, .F. ) ;
#725 = CYLINDRICAL_SURFACE ( 'NONE', #4303, 51.79999999999999716 ) ;
#726 = CARTESIAN_POINT ( 'NONE',  ( 24.82371431937611206, 22.71988332781247522, 3.437232109239043432 ) ) ;
#727 = CARTESIAN_POINT ( 'NONE',  ( -28.10000000000000497, 24.00000000000000000, 3.000000000000000000 ) ) ;
#728 = CARTESIAN_POINT ( 'NONE',  ( -38.18440642122230599, 25.65055762081824042, 7.599999999999998757 ) ) ;
#729 = CARTESIAN_POINT ( 'NONE',  ( 24.34213163913140221, 22.53008108944127130, 3.392699081698725472 ) ) ;
#730 = EDGE_CURVE ( 'NONE', #2297, #5631, #3562, .T. ) ;
#731 = ORIENTED_EDGE ( 'NONE', *, *, #3728, .F. ) ;
#732 = CARTESIAN_POINT ( 'NONE',  ( 41.99474383453642190, 33.62915153518564182, -13.33567000274392811 ) ) ;
#733 = CARTESIAN_POINT ( 'NONE',  ( 23.06684828461709102, 25.24552808131916848, 6.000000000000000000 ) ) ;
#734 = CARTESIAN_POINT ( 'NONE',  ( 53.78332897512176203, -1.351921568242625771, -50.86868311172578672 ) ) ;
#735 = CARTESIAN_POINT ( 'NONE',  ( 42.39999999999999858, 0.000000000000000000, 47.16456800719578979 ) ) ;
#736 = AXIS2_PLACEMENT_3D ( 'NONE', #3321, #1090, #1029 ) ;
#737 = ADVANCED_BREP_SHAPE_REPRESENTATION ( 'Box_BRw_players', ( #1493, #3347 ), #1750 ) ;
#738 = VERTEX_POINT ( 'NONE', #3098 ) ;
#739 = ORIENTED_EDGE ( 'NONE', *, *, #1312, .T. ) ;
#740 = ORIENTED_EDGE ( 'NONE', *, *, #4116, .T. ) ;
#741 = EDGE_CURVE ( 'NONE', #5376, #5438, #5301, .T. ) ;
#742 = CIRCLE ( 'NONE', #3887, 4.000000000000000000 ) ;
#743 = DIRECTION ( 'NONE',  ( 1.000000000000000000, 0.000000000000000000, 0.000000000000000000 ) ) ;
#744 = CARTESIAN_POINT ( 'NONE',  ( 52.70000000000000284, 8.933547375302734704E-16, -53.61000000000003496 ) ) ;
#745 = AXIS2_PLACEMENT_3D ( 'NONE', #5446, #4223, #632 ) ;
#746 = VECTOR ( 'NONE', #4973, 1000.000000000000000 ) ;
#747 = CARTESIAN_POINT ( 'NONE',  ( -48.39999999999999858, 0.000000000000000000, -32.11000000000002785 ) ) ;
#748 = CARTESIAN_POINT ( 'NONE',  ( 28.64514133270167306, 24.84647388580830096, 6.000000000267108113 ) ) ;
#749 = VERTEX_POINT ( 'NONE', #5772 ) ;
#750 = ORIENTED_EDGE ( 'NONE', *, *, #4424, .F. ) ;
#751 = CYLINDRICAL_SURFACE ( 'NONE', #71, 3.900000000000000799 ) ;
#752 = DIRECTION ( 'NONE',  ( -0.000000000000000000, -0.000000000000000000, 1.000000000000000000 ) ) ;
#753 = EDGE_CURVE ( 'NONE', #1986, #1722, #5521, .T. ) ;
#754 = DIRECTION ( 'NONE',  ( -1.000000000000000000, 4.550094363217857260E-15, 0.000000000000000000 ) ) ;
#755 = DIRECTION ( 'NONE',  ( -1.000000000000000000, 0.000000000000000000, 0.000000000000000000 ) ) ;
#756 = ORIENTED_EDGE ( 'NONE', *, *, #880, .F. ) ;
#757 = FACE_OUTER_BOUND ( 'NONE', #1141, .T. ) ;
#758 = CARTESIAN_POINT ( 'NONE',  ( 0.9807848638448005696, -53.79137725691499838, -50.71507346311903319 ) ) ;
#759 = DIRECTION ( 'NONE',  ( 1.000000000000000000, 0.000000000000000000, 0.000000000000000000 ) ) ;
#760 = EDGE_CURVE ( 'NONE', #1894, #2599, #4039, .T. ) ;
#761 = CARTESIAN_POINT ( 'NONE',  ( 3.100000000000000533, 4.419459434779496654, 8.400000000000000355 ) ) ;
#762 = CARTESIAN_POINT ( 'NONE',  ( 53.79168147054184601, -1.085160285182792839, -18.54393228040947861 ) ) ;
#763 = EDGE_LOOP ( 'NONE', ( #4737, #2001, #2452, #5365 ) ) ;
#764 = DIRECTION ( 'NONE',  ( -0.000000000000000000, -0.000000000000000000, 1.000000000000000000 ) ) ;
#765 = DIRECTION ( 'NONE',  ( -0.000000000000000000, -0.000000000000000000, -1.000000000000000000 ) ) ;
#766 = DIRECTION ( 'NONE',  ( -0.000000000000000000, -0.000000000000000000, 1.000000000000000000 ) ) ;
#767 = CARTESIAN_POINT ( 'NONE',  ( 48.39669212538034060, -0.5837010550400870690, -42.05615743529753559 ) ) ;
#768 = ORIENTED_EDGE ( 'NONE', *, *, #5495, .F. ) ;
#769 = ORIENTED_EDGE ( 'NONE', *, *, #668, .F. ) ;
#770 = ORIENTED_EDGE ( 'NONE', *, *, #4287, .T. ) ;
#771 = CARTESIAN_POINT ( 'NONE',  ( 50.20000000000000284, 8.933547375302734704E-16, -55.16000000000003212 ) ) ;
#772 = DIRECTION ( 'NONE',  ( 1.000000000000000000, 0.000000000000000000, 0.000000000000000000 ) ) ;
#773 = AXIS2_PLACEMENT_3D ( 'NONE', #2460, #4244, #205 ) ;
#774 = CARTESIAN_POINT ( 'NONE',  ( 42.39999999999999858, 7.065764695174149068, -0.5950000000000000844 ) ) ;
#775 = ORIENTED_EDGE ( 'NONE', *, *, #1250, .T. ) ;
#776 = CARTESIAN_POINT ( 'NONE',  ( 27.70514673515951287, 22.50952421402169534, 5.606633935847854744 ) ) ;
#777 = AXIS2_PLACEMENT_3D ( 'NONE', #4062, #491, #22 ) ;
#778 = ORIENTED_EDGE ( 'NONE', *, *, #2033, .T. ) ;
#779 = VERTEX_POINT ( 'NONE', #2656 ) ;
#780 = CARTESIAN_POINT ( 'NONE',  ( -53.79889548972766988, 0.3968713462061754793, -56.64070496004575972 ) ) ;
#781 = DIRECTION ( 'NONE',  ( 1.000000000000000000, 0.000000000000000000, 0.000000000000000000 ) ) ;
#782 = ADVANCED_FACE ( 'NONE', ( #5821 ), #3159, .F. ) ;
#783 = DIRECTION ( 'NONE',  ( 0.000000000000000000, -1.000000000000000000, 0.000000000000000000 ) ) ;
#784 = FACE_OUTER_BOUND ( 'NONE', #4772, .T. ) ;
#785 = VERTEX_POINT ( 'NONE', #4215 ) ;
#786 = CARTESIAN_POINT ( 'NONE',  ( 28.43500108084743516, 22.18000000000000327, 1.435000000000000053 ) ) ;
#787 = CARTESIAN_POINT ( 'NONE',  ( 24.70534441725976293, 22.74339363389188762, 3.771473752318730721 ) ) ;
#788 = DIRECTION ( 'NONE',  ( 1.000000000000000000, 0.000000000000000000, 0.000000000000000000 ) ) ;
#789 = CARTESIAN_POINT ( 'NONE',  ( 42.39999999999999858, 0.06576469517414959554, -0.5949999999999983080 ) ) ;
#790 = EDGE_CURVE ( 'NONE', #3878, #4050, #1958, .T. ) ;
#791 = CARTESIAN_POINT ( 'NONE',  ( 53.20458866896662897, -7.982785495353139638, -13.51428200389083045 ) ) ;
#792 = ORIENTED_EDGE ( 'NONE', *, *, #3183, .F. ) ;
#793 = CARTESIAN_POINT ( 'NONE',  ( 41.51883817333759907, 34.21456976193044142, -11.41867413374185070 ) ) ;
#794 = AXIS2_PLACEMENT_3D ( 'NONE', #3157, #2279, #3627 ) ;
#795 = CYLINDRICAL_SURFACE ( 'NONE', #1365, 1.100000000000000311 ) ;
#796 = CARTESIAN_POINT ( 'NONE',  ( -33.90000000000000568, 24.00000000000000000, 0.000000000000000000 ) ) ;
#797 = AXIS2_PLACEMENT_3D ( 'NONE', #2295, #1027, #477 ) ;
#798 = CARTESIAN_POINT ( 'NONE',  ( 1.550000000000184563, 52.70000000000000284, -53.61000000000003496 ) ) ;
#799 = VECTOR ( 'NONE', #5751, 1000.000000000000000 ) ;
#800 = ORIENTED_EDGE ( 'NONE', *, *, #3793, .T. ) ;
#801 = EDGE_LOOP ( 'NONE', ( #3262, #345, #2400, #3798 ) ) ;
#802 = AXIS2_PLACEMENT_3D ( 'NONE', #640, #216, #2449 ) ;
#803 = DIRECTION ( 'NONE',  ( 1.000000000000000000, -0.000000000000000000, -0.000000000000000000 ) ) ;
#804 = FACE_OUTER_BOUND ( 'NONE', #3129, .T. ) ;
#805 = VECTOR ( 'NONE', #704, 1000.000000000000000 ) ;
#806 = VECTOR ( 'NONE', #1871, 1000.000000000000000 ) ;
#807 = LINE ( 'NONE', #747, #4712 ) ;
#808 = AXIS2_PLACEMENT_3D ( 'NONE', #2064, #1983, #4236 ) ;
#809 = EDGE_LOOP ( 'NONE', ( #2155, #5570, #1526, #2911 ) ) ;
#810 = CARTESIAN_POINT ( 'NONE',  ( 27.61557171085616247, 22.54990122502644923, 3.036983633060299503 ) ) ;
#811 = ORIENTED_EDGE ( 'NONE', *, *, #2008, .F. ) ;
#812 = ADVANCED_FACE ( 'NONE', ( #88 ), #3278, .F. ) ;
#813 = VERTEX_POINT ( 'NONE', #5042 ) ;
#814 = CARTESIAN_POINT ( 'NONE',  ( -53.71895489966335191, 2.952185828237171794, -54.40158580481406858 ) ) ;
#815 = DIRECTION ( 'NONE',  ( 0.000000000000000000, 0.000000000000000000, -1.000000000000000000 ) ) ;
#816 = AXIS2_PLACEMENT_3D ( 'NONE', #3771, #3877, #5698 ) ;
#817 = CARTESIAN_POINT ( 'NONE',  ( 1.831077118195028666E-13, 52.70000000000000284, -53.61000000000003496 ) ) ;
#818 = EDGE_CURVE ( 'NONE', #833, #276, #3187, .T. ) ;
#819 = CARTESIAN_POINT ( 'NONE',  ( 41.39999999999999858, 22.18000000000000327, -0.6150000000000001021 ) ) ;
#820 = AXIS2_PLACEMENT_3D ( 'NONE', #3372, #2548, #3927 ) ;
#821 = ORIENTED_EDGE ( 'NONE', *, *, #1737, .F. ) ;
#822 = ADVANCED_FACE ( 'NONE', ( #58 ), #497, .F. ) ;
#823 = FACE_OUTER_BOUND ( 'NONE', #4846, .T. ) ;
#824 = CARTESIAN_POINT ( 'NONE',  ( 24.30893942692394205, 22.60075690628892886, 3.785243653077839721 ) ) ;
#825 = DIRECTION ( 'NONE',  ( -0.000000000000000000, -0.000000000000000000, -1.000000000000000000 ) ) ;
#826 = DIRECTION ( 'NONE',  ( 1.000000000000000000, 0.000000000000000000, -0.000000000000000000 ) ) ;
#827 = CARTESIAN_POINT ( 'NONE',  ( 51.82064881415298885, 1.387778780781445991E-14, -37.06000000000003070 ) ) ;
#828 = VERTEX_POINT ( 'NONE', #2802 ) ;
#829 = ORIENTED_EDGE ( 'NONE', *, *, #2806, .F. ) ;
#830 = CARTESIAN_POINT ( 'NONE',  ( 42.39999999999999858, 12.68999999999999950, 1.435000000000000275 ) ) ;
#831 = CARTESIAN_POINT ( 'NONE',  ( -1.528576075779227716, 53.77853921556393146, -56.25691900745754737 ) ) ;
#832 = CARTESIAN_POINT ( 'NONE',  ( 48.39999999999999147, 4.081702296416024043E-14, -37.06000000000003070 ) ) ;
#833 = VERTEX_POINT ( 'NONE', #4158 ) ;
#834 = CIRCLE ( 'NONE', #2053, 51.39999999999999858 ) ;
#835 = CARTESIAN_POINT ( 'NONE',  ( -38.90000000000000568, 24.00000000000000000, 6.000000000000000000 ) ) ;
#836 = CARTESIAN_POINT ( 'NONE',  ( -1.887385422486303367E-13, -53.80100000000019378, -53.61000000000003496 ) ) ;
#837 = DIRECTION ( 'NONE',  ( -0.000000000000000000, 0.000000000000000000, 1.000000000000000000 ) ) ;
#838 = CIRCLE ( 'NONE', #1583, 3.999999999999998224 ) ;
#839 = ORIENTED_EDGE ( 'NONE', *, *, #429, .F. ) ;
#840 = ADVANCED_FACE ( 'NONE', ( #2861 ), #4567, .T. ) ;
#841 = CARTESIAN_POINT ( 'NONE',  ( -5.511098449335691096E-13, -52.69999999999999574, -53.61000000000003496 ) ) ;
#842 = ORIENTED_EDGE ( 'NONE', *, *, #1170, .F. ) ;
#843 = CARTESIAN_POINT ( 'NONE',  ( -1.550000000000189893, -53.80100000000018667, -53.61000000000003496 ) ) ;
#844 = DIRECTION ( 'NONE',  ( -0.000000000000000000, -0.000000000000000000, 1.000000000000000000 ) ) ;
#845 = DIRECTION ( 'NONE',  ( 0.000000000000000000, 0.000000000000000000, 1.000000000000000000 ) ) ;
#846 = ORIENTED_EDGE ( 'NONE', *, *, #2464, .F. ) ;
#847 = CARTESIAN_POINT ( 'NONE',  ( 41.39999999999999858, 15.74000000000000021, 4.145000000000000462 ) ) ;
#848 = PLANE ( 'NONE',  #936 ) ;
#849 = DIRECTION ( 'NONE',  ( 0.000000000000000000, 0.000000000000000000, 1.000000000000000000 ) ) ;
#850 = EDGE_CURVE ( 'NONE', #3901, #1754, #4597, .T. ) ;
#851 = DIRECTION ( 'NONE',  ( 1.000000000000000000, 0.000000000000000000, -0.000000000000000000 ) ) ;
#852 = CARTESIAN_POINT ( 'NONE',  ( 53.15087517464169764, -8.332353438136429702, -12.48873466814416311 ) ) ;
#853 = ORIENTED_EDGE ( 'NONE', *, *, #4159, .T. ) ;
#854 = CARTESIAN_POINT ( 'NONE',  ( 41.48433735151247959, 34.25623672422156574, -11.01413110461681910 ) ) ;
#855 = CARTESIAN_POINT ( 'NONE',  ( 43.20000000000000284, -2.334235304825856616, 47.16456800719578979 ) ) ;
#856 = EDGE_CURVE ( 'NONE', #4595, #1885, #5247, .T. ) ;
#857 = CARTESIAN_POINT ( 'NONE',  ( 53.77848824671031025, -1.530198720814667235, -50.96416019672081887 ) ) ;
#858 = DIRECTION ( 'NONE',  ( 0.000000000000000000, 0.000000000000000000, -1.000000000000000000 ) ) ;
#859 = EDGE_LOOP ( 'NONE', ( #1102, #5452, #1540, #3568 ) ) ;
#860 = CARTESIAN_POINT ( 'NONE',  ( 0.000000000000000000, 0.000000000000000000, -45.12002512578678193 ) ) ;
#861 = CARTESIAN_POINT ( 'NONE',  ( 51.79999999999996874, 1.387778780781448200E-14, -37.06000000000003070 ) ) ;
#862 = DIRECTION ( 'NONE',  ( 1.000000000000000000, 0.000000000000000000, 0.000000000000000000 ) ) ;
#863 = ORIENTED_EDGE ( 'NONE', *, *, #4612, .T. ) ;
#864 = DIRECTION ( 'NONE',  ( 1.000000000000000000, 0.000000000000000000, 0.000000000000000000 ) ) ;
#865 = EDGE_LOOP ( 'NONE', ( #3325, #4663, #596, #5595, #2845 ) ) ;
#866 = AXIS2_PLACEMENT_3D ( 'NONE', #1717, #4414, #3976 ) ;
#867 = DIRECTION ( 'NONE',  ( -0.000000000000000000, -0.000000000000000000, -1.000000000000000000 ) ) ;
#868 = FACE_BOUND ( 'NONE', #25, .T. ) ;
#869 = B_SPLINE_CURVE_WITH_KNOTS ( 'NONE', 3,
 ( #3296, #2878, #574, #3378, #3701, #2030, #5171, #4143, #3322, #2905, #1143, #2928, #5489, #1061, #4725, #4203, #5086, #1118, #2848, #669, #5059, #103, #1946, #1473, #1975, #1561, #3265, #4639, #610, #2472, #2420, #1033, #5146, #3733 ),
 .UNSPECIFIED., .F., .F.,
 ( 4, 2, 2, 2, 2, 2, 2, 2, 2, 2, 2, 2, 2, 2, 2, 2, 4 ),
 ( 0.000000000000000000, 0.0005961001730775616295, 0.001192200346155123259, 0.001788300519232684889, 0.002384400692310246518, 0.002980500865387807931, 0.003576601038465369777, 0.004172701211542931624, 0.004768801384620493036, 0.005364901557698054449, 0.005961001730775615862, 0.006557101903853178142, 0.007153202076930739554, 0.007749302250008300967, 0.008345402423085863247, 0.008941502596163424660, 0.009537602769240986073 ),
 .UNSPECIFIED. ) ;
#870 = CARTESIAN_POINT ( 'NONE',  ( 26.00000000000000000, 19.00000000000000000, 0.000000000000000000 ) ) ;
#871 = ORIENTED_EDGE ( 'NONE', *, *, #3579, .F. ) ;
#872 = EDGE_CURVE ( 'NONE', #4729, #2100, #173, .T. ) ;
#873 = DIRECTION ( 'NONE',  ( -1.000000000000000000, 0.000000000000000000, 0.000000000000000000 ) ) ;
#874 = CARTESIAN_POINT ( 'NONE',  ( 23.75163092588323011, 24.11493030273679139, 5.702710789152567017 ) ) ;
#875 = CARTESIAN_POINT ( 'NONE',  ( 26.00000000000000000, 19.00000000000000000, 3.000000000000000000 ) ) ;
#876 = CARTESIAN_POINT ( 'NONE',  ( 29.00000000000000000, 26.00000000000000000, 6.000000000000000000 ) ) ;
#877 = DIRECTION ( 'NONE',  ( -2.775557561562890427E-17, 8.326672684688676518E-17, 1.000000000000000000 ) ) ;
#878 = ORIENTED_EDGE ( 'NONE', *, *, #5447, .F. ) ;
#879 = CARTESIAN_POINT ( 'NONE',  ( -53.77855418952243127, -1.527944972099875232, -50.96280984806538328 ) ) ;
#880 = EDGE_CURVE ( 'NONE', #2870, #3531, #3777, .T. ) ;
#881 = CARTESIAN_POINT ( 'NONE',  ( 40.00000000000000000, 18.96000000000000085, 4.145000000000000462 ) ) ;
#882 = CARTESIAN_POINT ( 'NONE',  ( 50.39999999999999858, 6.172219867702660302E-15, -45.12002512578678193 ) ) ;
#883 = DIRECTION ( 'NONE',  ( 0.000000000000000000, 0.000000000000000000, 1.000000000000000000 ) ) ;
#884 = CIRCLE ( 'NONE', #1353, 50.20000000000000284 ) ;
#885 = ADVANCED_FACE ( 'NONE', ( #5012 ), #4658, .F. ) ;
#886 = EDGE_CURVE ( 'NONE', #5493, #1258, #4968, .T. ) ;
#887 = ORIENTED_EDGE ( 'NONE', *, *, #4434, .T. ) ;
#888 = CARTESIAN_POINT ( 'NONE',  ( -50.20000000000000284, 6.147726931719713588E-15, -47.11000000000002785 ) ) ;
#889 = FACE_OUTER_BOUND ( 'NONE', #3314, .T. ) ;
#890 = VECTOR ( 'NONE', #4411, 1000.000000000000000 ) ;
#891 = CARTESIAN_POINT ( 'NONE',  ( -31.10000000000000142, 24.00000000000000000, 3.000000000000000000 ) ) ;
#892 = ORIENTED_EDGE ( 'NONE', *, *, #3043, .F. ) ;
#893 = CYLINDRICAL_SURFACE ( 'NONE', #2486, 1.199999999999999734 ) ;
#894 = VERTEX_POINT ( 'NONE', #5504 ) ;
#895 = AXIS2_PLACEMENT_3D ( 'NONE', #718, #1060, #1695 ) ;
#896 = VECTOR ( 'NONE', #127, 1000.000000000000000 ) ;
#897 = CARTESIAN_POINT ( 'NONE',  ( 0.000000000000000000, 0.000000000000000000, 8.400000000000000355 ) ) ;
#898 = LINE ( 'NONE', #442, #2028 ) ;
#899 = CIRCLE ( 'NONE', #5590, 1.199999999999999734 ) ;
#900 = VECTOR ( 'NONE', #3633, 1000.000000000000000 ) ;
#901 = FACE_OUTER_BOUND ( 'NONE', #923, .T. ) ;
#902 = VERTEX_POINT ( 'NONE', #2738 ) ;
#903 = DIRECTION ( 'NONE',  ( -0.000000000000000000, -0.000000000000000000, 1.000000000000000000 ) ) ;
#904 = CARTESIAN_POINT ( 'NONE',  ( 24.49528656550242545, 23.71362882116973481, 5.395525380935390913 ) ) ;
#905 = CARTESIAN_POINT ( 'NONE',  ( -1.550000000000526734, -50.17606501111858819, -53.50883537364641995 ) ) ;
#906 = CARTESIAN_POINT ( 'NONE',  ( 1.500242854832656514, 50.17758129057038730, -53.20747517555506789 ) ) ;
#907 = CARTESIAN_POINT ( 'NONE',  ( -50.17605975049700362, -1.550170295086005456, -53.40687085482087326 ) ) ;
#908 = EDGE_LOOP ( 'NONE', ( #47, #4623 ) ) ;
#909 = CARTESIAN_POINT ( 'NONE',  ( 49.48709785647558590, 21.17949566367615333, -18.60000000148521693 ) ) ;
#910 = CARTESIAN_POINT ( 'NONE',  ( 25.07769084267836490, 22.78937332782957981, 3.090792637563642309 ) ) ;
#911 = FACE_OUTER_BOUND ( 'NONE', #4098, .T. ) ;
#912 = CARTESIAN_POINT ( 'NONE',  ( -53.79999999999999716, 0.000000000000000000, -42.96000000000002927 ) ) ;
#913 = EDGE_CURVE ( 'NONE', #5693, #1460, #3470, .T. ) ;
#914 = ORIENTED_EDGE ( 'NONE', *, *, #3206, .F. ) ;
#915 = EDGE_LOOP ( 'NONE', ( #4675, #2821 ) ) ;
#916 = CARTESIAN_POINT ( 'NONE',  ( 50.19760614643004715, 0.4991605909494900017, -52.13905643863856199 ) ) ;
#917 = LINE ( 'NONE', #2702, #5338 ) ;
#918 = CARTESIAN_POINT ( 'NONE',  ( -19.74000000000000199, -18.00000000000000000, 6.000000000000000000 ) ) ;
#919 = CARTESIAN_POINT ( 'NONE',  ( 53.19885663444409829, -8.020817957472264226, -13.42208997141630888 ) ) ;
#920 = EDGE_CURVE ( 'NONE', #1893, #4888, #5074, .T. ) ;
#921 = DIRECTION ( 'NONE',  ( 1.000000000000000000, 0.000000000000000000, 0.000000000000000000 ) ) ;
#922 = ORIENTED_EDGE ( 'NONE', *, *, #5683, .T. ) ;
#923 = EDGE_LOOP ( 'NONE', ( #2462, #4077, #3977, #4031 ) ) ;
#924 = DIRECTION ( 'NONE',  ( -1.047444401652940007E-14, -1.000000000000000000, -0.000000000000000000 ) ) ;
#925 = CARTESIAN_POINT ( 'NONE',  ( 42.39999999999999858, 12.68999999999999950, 2.095000000000000639 ) ) ;
#926 = CIRCLE ( 'NONE', #736, 1.199999999999999734 ) ;
#927 =( NAMED_UNIT ( * ) SI_UNIT ( $, .STERADIAN. ) SOLID_ANGLE_UNIT ( ) );
#928 = LINE ( 'NONE', #2715, #4836 ) ;
#929 = AXIS2_PLACEMENT_3D ( 'NONE', #965, #4105, #63 ) ;
#930 = ORIENTED_EDGE ( 'NONE', *, *, #2643, .F. ) ;
#931 = CARTESIAN_POINT ( 'NONE',  ( 40.00000000000000000, 32.27940519898097449, 6.000000000000000000 ) ) ;
#932 = CARTESIAN_POINT ( 'NONE',  ( 23.47776455029025655, 24.37056854108361392, 5.846778313769402935 ) ) ;
#933 = ADVANCED_FACE ( 'NONE', ( #1896 ), #3940, .T. ) ;
#934 = AXIS2_PLACEMENT_3D ( 'NONE', #4949, #924, #2711 ) ;
#935 = B_SPLINE_CURVE_WITH_KNOTS ( 'NONE', 3,
 ( #274, #1233, #3907, #4813 ),
 .UNSPECIFIED., .F., .F.,
 ( 4, 4 ),
 ( 0.01305727265986297327, 0.01312797153096178712 ),
 .UNSPECIFIED. ) ;
#936 = AXIS2_PLACEMENT_3D ( 'NONE', #3494, #1981, #3018 ) ;
#937 = DIRECTION ( 'NONE',  ( 0.000000000000000000, 0.000000000000000000, -1.000000000000000000 ) ) ;
#938 = CARTESIAN_POINT ( 'NONE',  ( 25.19999999999999929, 26.00000000000000000, 8.400000000000000355 ) ) ;
#939 = DIRECTION ( 'NONE',  ( -1.000000000000000000, 0.000000000000000000, -0.000000000000000000 ) ) ;
#940 = EDGE_CURVE ( 'NONE', #5605, #1728, #4770, .T. ) ;
#941 = ORIENTED_EDGE ( 'NONE', *, *, #2347, .T. ) ;
#942 = B_SPLINE_CURVE_WITH_KNOTS ( 'NONE', 3,
 ( #4705, #2478, #3822, #2037, #1593, #2855, #1479, #1040, #3384, #2826, #1068, #5176, #4618, #3740, #1149, #5527, #1512, #2427, #373, #4762, #5697, #4879, #3027, #279, #1617, #5259, #3536, #857, #734, #4818, #3086, #1238, #2998, #3410 ),
 .UNSPECIFIED., .F., .F.,
 ( 4, 2, 2, 2, 2, 2, 2, 2, 2, 2, 2, 2, 2, 2, 2, 2, 4 ),
 ( 0.000000000000000000, 0.0005961001853595033692, 0.001192200370719006738, 0.001788300556078510108, 0.002384400741438013477, 0.002980500926797516846, 0.003576601112157020215, 0.004172701297516523584, 0.004768801482876026954, 0.005364901668235530323, 0.005961001853595033692, 0.006557102038954537061, 0.007153202224314040431, 0.007749302409673543800, 0.008345402595033047169, 0.008941502780392549671, 0.009537602965752053907 ),
 .UNSPECIFIED. ) ;
#943 = CARTESIAN_POINT ( 'NONE',  ( 40.00000000000000000, -1.934235304825850044, -7.594999999999999751 ) ) ;
#944 = CARTESIAN_POINT ( 'NONE',  ( 24.97703066092730495, 22.76345331973012520, 3.111387887121517704 ) ) ;
#945 = LINE ( 'NONE', #547, #1742 ) ;
#946 = DIRECTION ( 'NONE',  ( 1.000000000000000000, 0.000000000000000000, 0.000000000000000000 ) ) ;
#947 = ORIENTED_EDGE ( 'NONE', *, *, #1063, .T. ) ;
#948 = ORIENTED_EDGE ( 'NONE', *, *, #1069, .F. ) ;
#949 = CARTESIAN_POINT ( 'NONE',  ( 53.76795003919011151, 1.864203957531943345, -56.03226189568223248 ) ) ;
#950 = CARTESIAN_POINT ( 'NONE',  ( -1.529410673996408843, -53.77851255313966305, -50.96364977623698422 ) ) ;
#951 = ADVANCED_FACE ( 'NONE', ( #1518 ), #5100, .T. ) ;
#952 = CARTESIAN_POINT ( 'NONE',  ( 53.79666367662578352, -2.524372606505887351, -13.66789703301135539 ) ) ;
#953 = CARTESIAN_POINT ( 'NONE',  ( 19.00000000000000000, 26.00000000000000000, -10.86772065218060312 ) ) ;
#954 = VERTEX_POINT ( 'NONE', #2459 ) ;
#955 = ORIENTED_EDGE ( 'NONE', *, *, #4227, .F. ) ;
#956 = CARTESIAN_POINT ( 'NONE',  ( 25.13583161113821873, 25.24889984255203146, 5.943536010086230448 ) ) ;
#957 = CARTESIAN_POINT ( 'NONE',  ( 0.000000000000000000, 0.000000000000000000, 8.400000000000000355 ) ) ;
#958 = DIRECTION ( 'NONE',  ( -0.000000000000000000, -0.000000000000000000, -1.000000000000000000 ) ) ;
#959 = CARTESIAN_POINT ( 'NONE',  ( 23.23338307615481924, 24.89092735895941289, 5.975783275236516090 ) ) ;
#960 = FACE_OUTER_BOUND ( 'NONE', #4978, .T. ) ;
#961 = AXIS2_PLACEMENT_3D ( 'NONE', #1248, #3885, #1657 ) ;
#962 = EDGE_CURVE ( 'NONE', #5206, #439, #1217, .T. ) ;
#963 = EDGE_CURVE ( 'NONE', #1819, #4415, #3743, .T. ) ;
#964 = ORIENTED_EDGE ( 'NONE', *, *, #3324, .F. ) ;
#965 = CARTESIAN_POINT ( 'NONE',  ( 25.65055762081784252, 38.18440642122257600, 7.599999999999998757 ) ) ;
#966 = DIRECTION ( 'NONE',  ( 1.000000000000000000, 0.000000000000000000, 0.000000000000000000 ) ) ;
#967 = DIRECTION ( 'NONE',  ( 0.000000000000000000, 0.000000000000000000, 1.000000000000000000 ) ) ;
#968 = CARTESIAN_POINT ( 'NONE',  ( 51.78852978717393540, -1.095377523733275460, -37.46950714200720967 ) ) ;
#969 = ORIENTED_EDGE ( 'NONE', *, *, #1488, .T. ) ;
#970 = CARTESIAN_POINT ( 'NONE',  ( 46.10387608450580643, 19.60483135954660483, -14.59999999999999787 ) ) ;
#971 = CARTESIAN_POINT ( 'NONE',  ( 46.41719152178961849, 27.21392715950901220, -17.83751194192653600 ) ) ;
#972 = DIRECTION ( 'NONE',  ( 1.000000000000000000, 0.000000000000000000, 0.000000000000000000 ) ) ;
#973 = CARTESIAN_POINT ( 'NONE',  ( 46.39999999999999858, 0.06576469517414959554, 47.16456800719578979 ) ) ;
#974 = ORIENTED_EDGE ( 'NONE', *, *, #1037, .T. ) ;
#975 = ORIENTED_EDGE ( 'NONE', *, *, #3579, .T. ) ;
#976 = DIRECTION ( 'NONE',  ( -1.000000000000000000, 0.000000000000000000, -0.000000000000000000 ) ) ;
#977 = CARTESIAN_POINT ( 'NONE',  ( -1.354334157892705948, -53.78326697034149362, -50.86989830499804555 ) ) ;
#978 = DIRECTION ( 'NONE',  ( 0.000000000000000000, 0.000000000000000000, 1.000000000000000000 ) ) ;
#979 = CARTESIAN_POINT ( 'NONE',  ( 49.56768250550183552, -2.371625049903068216, -13.77434158458832414 ) ) ;
#980 = CARTESIAN_POINT ( 'NONE',  ( 26.00000000000000000, 19.00000000000000000, 6.000000000000000000 ) ) ;
#981 = ORIENTED_EDGE ( 'NONE', *, *, #159, .F. ) ;
#982 = ORIENTED_EDGE ( 'NONE', *, *, #5508, .F. ) ;
#983 = CARTESIAN_POINT ( 'NONE',  ( 24.96188237339453053, 23.02829174762328890, 4.374875283086132605 ) ) ;
#984 = CARTESIAN_POINT ( 'NONE',  ( 1.831077118195028666E-13, 52.70000000000000284, -53.61000000000003496 ) ) ;
#985 = AXIS2_PLACEMENT_3D ( 'NONE', #841, #2630, #380 ) ;
#986 = DIRECTION ( 'NONE',  ( 0.000000000000000000, -1.000000000000000000, 0.000000000000000000 ) ) ;
#987 = CARTESIAN_POINT ( 'NONE',  ( -53.80100000000000193, 1.387778780781448200E-14, -37.06000000000003070 ) ) ;
#988 = AXIS2_PLACEMENT_3D ( 'NONE', #5033, #1510, #1384 ) ;
#989 = CARTESIAN_POINT ( 'NONE',  ( -27.43999999999999773, -18.00000000000000000, 3.000000000000000000 ) ) ;
#990 = EDGE_CURVE ( 'NONE', #5457, #5148, #834, .T. ) ;
#991 = AXIS2_PLACEMENT_3D ( 'NONE', #3695, #1113, #3259 ) ;
#992 = EDGE_LOOP ( 'NONE', ( #4548, #1354 ) ) ;
#993 = AXIS2_PLACEMENT_3D ( 'NONE', #882, #5026, #5455 ) ;
#994 = CARTESIAN_POINT ( 'NONE',  ( -50.17606723260261958, 1.549928086881429357, -53.40724292502270742 ) ) ;
#995 = CIRCLE ( 'NONE', #4272, 4.000000000000003553 ) ;
#996 = AXIS2_PLACEMENT_3D ( 'NONE', #5685, #3457, #5191 ) ;
#997 = EDGE_CURVE ( 'NONE', #4385, #2219, #3926, .T. ) ;
#998 = CARTESIAN_POINT ( 'NONE',  ( 1.508842902662612007, -50.17737933926461835, -54.01823003279252333 ) ) ;
#999 = CARTESIAN_POINT ( 'NONE',  ( 1.023389080823896347, 50.18961958678780633, -52.44139236900470280 ) ) ;
#1000 = CARTESIAN_POINT ( 'NONE',  ( 51.79096126870879147, -0.9760031184804845994, -37.37702712686249384 ) ) ;
#1001 = EDGE_CURVE ( 'NONE', #828, #3402, #4113, .T. ) ;
#1002 = VERTEX_POINT ( 'NONE', #5592 ) ;
#1003 = DIRECTION ( 'NONE',  ( -1.000000000000000000, 0.000000000000000000, 0.000000000000000000 ) ) ;
#1004 = CARTESIAN_POINT ( 'NONE',  ( 25.21380317492489098, 22.81994038483652076, 3.049945192694426765 ) ) ;
#1005 = FACE_OUTER_BOUND ( 'NONE', #2119, .T. ) ;
#1006 = CARTESIAN_POINT ( 'NONE',  ( -1.400000000000002798, 6.848053665376141019, 6.000000000000000000 ) ) ;
#1007 = ORIENTED_EDGE ( 'NONE', *, *, #1934, .F. ) ;
#1008 = ORIENTED_EDGE ( 'NONE', *, *, #3072, .T. ) ;
#1009 = CARTESIAN_POINT ( 'NONE',  ( 53.78337567537573705, 1.349888723371604593, -50.86778325245530397 ) ) ;
#1010 = PLANE ( 'NONE',  #1123 ) ;
#1011 = DIRECTION ( 'NONE',  ( 1.000000000000000000, 0.000000000000000000, 0.000000000000000000 ) ) ;
#1012 = CARTESIAN_POINT ( 'NONE',  ( 49.40171919258920497, -3.113431025695293730, -13.04170258921108250 ) ) ;
#1013 = CARTESIAN_POINT ( 'NONE',  ( 43.20000000000000284, -2.334235304825856616, -8.594999999999998863 ) ) ;
#1014 = ORIENTED_EDGE ( 'NONE', *, *, #2444, .T. ) ;
#1015 = VERTEX_POINT ( 'NONE', #2539 ) ;
#1016 = CARTESIAN_POINT ( 'NONE',  ( 25.18914524985357772, 23.77681315522067251, 5.210483015714667765 ) ) ;
#1017 = DIRECTION ( 'NONE',  ( 1.000000000000000000, 0.000000000000000000, 0.000000000000000000 ) ) ;
#1018 = CARTESIAN_POINT ( 'NONE',  ( -9.099999999999999645, -7.419459434779497542, -10.86772065218060312 ) ) ;
#1019 = EDGE_CURVE ( 'NONE', #1460, #5693, #2797, .T. ) ;
#1020 = CARTESIAN_POINT ( 'NONE',  ( 40.00000000000000000, -1.934235304825850044, -7.594999999999999751 ) ) ;
#1021 = CARTESIAN_POINT ( 'NONE',  ( 27.21308061344335272, 22.70754421283669799, 3.008848482403049474 ) ) ;
#1022 = VERTEX_POINT ( 'NONE', #1131 ) ;
#1023 = CARTESIAN_POINT ( 'NONE',  ( -50.19968411640065398, 0.2039053618144588409, -55.14986280614097325 ) ) ;
#1024 = EDGE_CURVE ( 'NONE', #4205, #2350, #320, .T. ) ;
#1025 = DIRECTION ( 'NONE',  ( 0.000000000000000000, 0.000000000000000000, 1.000000000000000000 ) ) ;
#1026 = CARTESIAN_POINT ( 'NONE',  ( -51.39999999999999858, 6.294684547617395450E-15, -67.11000000000002785 ) ) ;
#1027 = DIRECTION ( 'NONE',  ( 0.000000000000000000, 0.000000000000000000, -1.000000000000000000 ) ) ;
#1028 = ORIENTED_EDGE ( 'NONE', *, *, #3478, .F. ) ;
#1029 = DIRECTION ( 'NONE',  ( 1.000000000000000000, 0.000000000000000000, 0.000000000000000000 ) ) ;
#1030 = CARTESIAN_POINT ( 'NONE',  ( 40.00000000000000000, 32.27940519898097449, -17.00000000000001421 ) ) ;
#1031 = AXIS2_PLACEMENT_3D ( 'NONE', #5309, #35, #873 ) ;
#1032 = VECTOR ( 'NONE', #4560, 1000.000000000000000 ) ;
#1033 = CARTESIAN_POINT ( 'NONE',  ( -3.030049848243150823, -53.71461926710618684, -54.01127072848626653 ) ) ;
#1034 = CARTESIAN_POINT ( 'NONE',  ( 24.83993877686827645, 22.72347890813090743, 3.104889933348111697 ) ) ;
#1035 = ORIENTED_EDGE ( 'NONE', *, *, #3075, .F. ) ;
#1036 = EDGE_LOOP ( 'NONE', ( #4558, #2932 ) ) ;
#1037 = EDGE_CURVE ( 'NONE', #4258, #3826, #1598, .T. ) ;
#1038 = LINE ( 'NONE', #4119, #4920 ) ;
#1039 = CARTESIAN_POINT ( 'NONE',  ( 38.18440642122248363, -25.65055762081797397, 7.599999999999998757 ) ) ;
#1040 = CARTESIAN_POINT ( 'NONE',  ( 53.76811165733750641, -1.859482550940758872, -56.03581041736821788 ) ) ;
#1041 = ORIENTED_EDGE ( 'NONE', *, *, #741, .T. ) ;
#1042 = CARTESIAN_POINT ( 'NONE',  ( 53.75701450011608529, -2.167354463301796930, -18.33149692983755230 ) ) ;
#1043 = DIRECTION ( 'NONE',  ( 1.000000000000000000, 0.000000000000000000, 0.000000000000000000 ) ) ;
#1044 = ORIENTED_EDGE ( 'NONE', *, *, #1366, .T. ) ;
#1045 = EDGE_LOOP ( 'NONE', ( #652, #974, #3790, #2722 ) ) ;
#1046 = CARTESIAN_POINT ( 'NONE',  ( 24.77121468935688497, 23.79292751915593129, 5.396652547269725098 ) ) ;
#1047 = CARTESIAN_POINT ( 'NONE',  ( -50.20000000000000284, 6.147726931719713588E-15, -61.11000000000002785 ) ) ;
#1048 = PRODUCT_CONTEXT ( 'NONE', #2393, 'mechanical' ) ;
#1049 = CARTESIAN_POINT ( 'NONE',  ( 24.36009715260821196, 24.69404803493198841, 5.952623564363074493 ) ) ;
#1050 = ADVANCED_FACE ( 'NONE', ( #257 ), #4300, .T. ) ;
#1051 = DIRECTION ( 'NONE',  ( 1.000000000000000000, 0.000000000000000000, 0.000000000000000000 ) ) ;
#1052 = ORIENTED_EDGE ( 'NONE', *, *, #1917, .F. ) ;
#1053 = CARTESIAN_POINT ( 'NONE',  ( 28.17000000000000171, -18.00000000000000355, 3.000000000000000000 ) ) ;
#1054 = DIRECTION ( 'NONE',  ( 0.000000000000000000, 0.000000000000000000, 1.000000000000000000 ) ) ;
#1055 = CARTESIAN_POINT ( 'NONE',  ( 0.7771962276064002806, 50.19405412958662538, -54.95489484737333186 ) ) ;
#1056 = CARTESIAN_POINT ( 'NONE',  ( -3.050000000000559819, -53.71347596274138425, -53.61000000000003496 ) ) ;
#1057 = VERTEX_POINT ( 'NONE', #2483 ) ;
#1058 = CARTESIAN_POINT ( 'NONE',  ( -53.79885859796250003, -0.4012707072073660730, -56.64004985501059508 ) ) ;
#1059 = AXIS2_PLACEMENT_3D ( 'NONE', #4192, #262, #3831 ) ;
#1060 = DIRECTION ( 'NONE',  ( -0.000000000000000000, 0.000000000000000000, 1.000000000000000000 ) ) ;
#1061 = CARTESIAN_POINT ( 'NONE',  ( 0.9840332651463964408, -53.79131319372587683, -56.50372463187514427 ) ) ;
#1062 = CARTESIAN_POINT ( 'NONE',  ( 49.44392663880692140, -2.945130053145380788, -13.24606733314784179 ) ) ;
#1063 = EDGE_CURVE ( 'NONE', #3646, #5668, #5332, .T. ) ;
#1064 = EDGE_LOOP ( 'NONE', ( #3852, #4765, #4830, #4126, #2699, #769 ) ) ;
#1065 = ORIENTED_EDGE ( 'NONE', *, *, #484, .T. ) ;
#1066 = CARTESIAN_POINT ( 'NONE',  ( 53.79999999999999716, 6.588599791129186396E-15, -50.56000000000003780 ) ) ;
#1067 = CARTESIAN_POINT ( 'NONE',  ( -0.9854931414150071012, -53.79128953912970701, -50.71670057228585193 ) ) ;
#1068 = CARTESIAN_POINT ( 'NONE',  ( 53.74548234461873619, -2.423960166785743553, -55.47202634850985703 ) ) ;
#1069 = EDGE_CURVE ( 'NONE', #2013, #1827, #3005, .T. ) ;
#1070 = CARTESIAN_POINT ( 'NONE',  ( 41.48433734939759887, 34.25623672678269571, 8.400000000000000355 ) ) ;
#1071 = EDGE_CURVE ( 'NONE', #5072, #4607, #350, .T. ) ;
#1072 = FACE_OUTER_BOUND ( 'NONE', #3730, .T. ) ;
#1073 = VERTEX_POINT ( 'NONE', #2941 ) ;
#1074 = ORIENTED_EDGE ( 'NONE', *, *, #390, .F. ) ;
#1075 = CARTESIAN_POINT ( 'NONE',  ( 24.79834376676125274, 24.47853953230019641, 5.791766028893537310 ) ) ;
#1076 = PRODUCT_DEFINITION_CONTEXT ( 'detailed design', #658, 'design' ) ;
#1077 = CARTESIAN_POINT ( 'NONE',  ( 46.39999999999999858, 0.06576469517414959554, -10.60000000000000142 ) ) ;
#1078 = CARTESIAN_POINT ( 'NONE',  ( 26.00000000000000000, 19.00000000000000000, 6.000000000000000000 ) ) ;
#1079 = CARTESIAN_POINT ( 'NONE',  ( 14.00000000000000000, 26.00000000000000000, -10.86772065218060312 ) ) ;
#1080 = CARTESIAN_POINT ( 'NONE',  ( 27.36502415086037843, 22.65527364952059486, 5.606750239017273429 ) ) ;
#1081 = VERTEX_POINT ( 'NONE', #5671 ) ;
#1082 = DIRECTION ( 'NONE',  ( -1.000000000000000000, 0.000000000000000000, 0.000000000000000000 ) ) ;
#1083 = CIRCLE ( 'NONE', #2113, 8.500000000000000000 ) ;
#1084 = AXIS2_PLACEMENT_3D ( 'NONE', #1144, #2474, #2032 ) ;
#1085 = CARTESIAN_POINT ( 'NONE',  ( 41.39999999999999858, 18.96000000000000085, -0.6150000000000001021 ) ) ;
#1086 = CARTESIAN_POINT ( 'NONE',  ( 46.39999999999999858, -3.934235304825849600, -14.60000000000000142 ) ) ;
#1087 = CIRCLE ( 'NONE', #5669, 1.199999999999999734 ) ;
#1088 = CARTESIAN_POINT ( 'NONE',  ( 25.43602650871483206, 22.86050081012503910, 3.000000000000000444 ) ) ;
#1089 = ORIENTED_EDGE ( 'NONE', *, *, #4145, .T. ) ;
#1090 = DIRECTION ( 'NONE',  ( -0.000000000000000000, -0.000000000000000000, -1.000000000000000000 ) ) ;
#1091 = VECTOR ( 'NONE', #14, 1000.000000000000000 ) ;
#1092 = AXIS2_PLACEMENT_3D ( 'NONE', #1788, #419, #3162 ) ;
#1093 = VECTOR ( 'NONE', #619, 1000.000000000000000 ) ;
#1094 = CARTESIAN_POINT ( 'NONE',  ( 49.79995657633517681, 0.06576469517414917920, -18.60000000000000497 ) ) ;
#1095 = DIRECTION ( 'NONE',  ( 1.000000000000000000, -7.117468379375429201E-15, 0.000000000000000000 ) ) ;
#1096 = EDGE_LOOP ( 'NONE', ( #2059, #5178, #1304, #1244 ) ) ;
#1097 = VERTEX_POINT ( 'NONE', #1105 ) ;
#1098 = CARTESIAN_POINT ( 'NONE',  ( -53.00000000000000000, 0.000000000000000000, -36.26000000000002643 ) ) ;
#1099 = CARTESIAN_POINT ( 'NONE',  ( 42.39999999999999858, 0.000000000000000000, -8.594999999999998863 ) ) ;
#1100 = CARTESIAN_POINT ( 'NONE',  ( 42.21709879759670514, -1.934235304825850044, -7.658951923967559416 ) ) ;
#1101 = CIRCLE ( 'NONE', #1847, 3.000000000000000000 ) ;
#1102 = ORIENTED_EDGE ( 'NONE', *, *, #1678, .F. ) ;
#1103 = ORIENTED_EDGE ( 'NONE', *, *, #997, .F. ) ;
#1104 = CARTESIAN_POINT ( 'NONE',  ( 24.55021989073369326, 24.82605444129605843, 5.977892484203274570 ) ) ;
#1105 = CARTESIAN_POINT ( 'NONE',  ( 51.00820976179323196, -6.334235304825851287, -17.00000000000001421 ) ) ;
#1106 = DIRECTION ( 'NONE',  ( 1.000000000000000000, 0.000000000000000000, 0.000000000000000000 ) ) ;
#1107 = EDGE_CURVE ( 'NONE', #3880, #5262, #538, .T. ) ;
#1108 = FACE_OUTER_BOUND ( 'NONE', #4489, .T. ) ;
#1109 = CIRCLE ( 'NONE', #2790, 1.550000000000002709 ) ;
#1110 = ORIENTED_EDGE ( 'NONE', *, *, #1917, .T. ) ;
#1111 = CARTESIAN_POINT ( 'NONE',  ( -8.184343791876346577E-16, -6.334235304825844182, -17.00000000000000000 ) ) ;
#1112 = CARTESIAN_POINT ( 'NONE',  ( 0.7753919187811458835, -50.19408192516900158, -54.95592264003352767 ) ) ;
#1113 = DIRECTION ( 'NONE',  ( 0.000000000000000000, -1.000000000000000000, -1.084202172485504434E-16 ) ) ;
#1114 = FACE_OUTER_BOUND ( 'NONE', #2125, .T. ) ;
#1115 = ORIENTED_EDGE ( 'NONE', *, *, #5538, .F. ) ;
#1116 = FACE_OUTER_BOUND ( 'NONE', #1045, .T. ) ;
#1117 = EDGE_CURVE ( 'NONE', #1097, #1625, #2070, .T. ) ;
#1118 = CARTESIAN_POINT ( 'NONE',  ( -0.1978872797366249547, -53.80000401661327913, -56.66007085042909353 ) ) ;
#1119 = CYLINDRICAL_SURFACE ( 'NONE', #1084, 3.049999999999997158 ) ;
#1120 = EDGE_CURVE ( 'NONE', #3775, #5228, #2249, .T. ) ;
#1121 = ORIENTED_EDGE ( 'NONE', *, *, #1988, .F. ) ;
#1122 = VECTOR ( 'NONE', #3572, 1000.000000000000000 ) ;
#1123 = AXIS2_PLACEMENT_3D ( 'NONE', #1385, #1951, #1478 ) ;
#1124 = ORIENTED_EDGE ( 'NONE', *, *, #1640, .T. ) ;
#1125 = DIRECTION ( 'NONE',  ( 1.000000000000000000, 1.785744754682007442E-15, 0.000000000000000000 ) ) ;
#1126 = DIRECTION ( 'NONE',  ( 0.000000000000000000, -1.000000000000000000, 0.000000000000000000 ) ) ;
#1127 = FACE_OUTER_BOUND ( 'NONE', #4342, .T. ) ;
#1128 = EDGE_LOOP ( 'NONE', ( #1044, #4948 ) ) ;
#1129 = VERTEX_POINT ( 'NONE', #5207 ) ;
#1130 = CARTESIAN_POINT ( 'NONE',  ( 24.75512356662000002, 24.96030526362726576, 5.979887921343633117 ) ) ;
#1131 = CARTESIAN_POINT ( 'NONE',  ( -9.099999999999999645, 4.419459434779497542, 6.000000000000000000 ) ) ;
#1132 = CARTESIAN_POINT ( 'NONE',  ( 51.00820976179323196, -6.334235304825851287, 6.000000000000000000 ) ) ;
#1133 = DIRECTION ( 'NONE',  ( -1.000000000000000000, 0.000000000000000000, -0.000000000000000000 ) ) ;
#1134 = ADVANCED_FACE ( 'NONE', ( #1189 ), #2975, .F. ) ;
#1135 = ORIENTED_EDGE ( 'NONE', *, *, #443, .T. ) ;
#1136 = FACE_OUTER_BOUND ( 'NONE', #1652, .T. ) ;
#1137 = CARTESIAN_POINT ( 'NONE',  ( 50.20000000000002416, -0.2022834221262883592, -52.06000000000005201 ) ) ;
#1138 = ADVANCED_FACE ( 'NONE', ( #2186 ), #2626, .F. ) ;
#1139 = FACE_OUTER_BOUND ( 'NONE', #420, .T. ) ;
#1140 = ADVANCED_FACE ( 'NONE', ( #3066 ), #2157, .F. ) ;
#1141 = EDGE_LOOP ( 'NONE', ( #5579, #3914, #4176, #3245 ) ) ;
#1142 = CARTESIAN_POINT ( 'NONE',  ( -35.00000000000000000, 24.00000000000000000, 6.000000000000000000 ) ) ;
#1143 = CARTESIAN_POINT ( 'NONE',  ( 1.862026824503258293, -53.76802656862370355, -56.03395980913741425 ) ) ;
#1144 = CARTESIAN_POINT ( 'NONE',  ( 38.18440642122248363, -25.65055762081797397, 7.599999999999998757 ) ) ;
#1145 = EDGE_LOOP ( 'NONE', ( #4571, #3952 ) ) ;
#1146 = EDGE_LOOP ( 'NONE', ( #4728, #5766, #1280, #2417 ) ) ;
#1147 = CARTESIAN_POINT ( 'NONE',  ( 41.39999999999999858, 13.69000000000000128, 1.435000000000000275 ) ) ;
#1148 = VECTOR ( 'NONE', #2246, 1000.000000000000000 ) ;
#1149 = CARTESIAN_POINT ( 'NONE',  ( 53.71895054788183899, -2.952268579086235967, -54.40177396373403695 ) ) ;
#1150 = VECTOR ( 'NONE', #1967, 1000.000000000000000 ) ;
#1151 = FACE_BOUND ( 'NONE', #140, .T. ) ;
#1152 = ORIENTED_EDGE ( 'NONE', *, *, #3336, .T. ) ;
#1153 = VERTEX_POINT ( 'NONE', #861 ) ;
#1154 = CARTESIAN_POINT ( 'NONE',  ( 24.31736568433986534, 24.84272776651148718, 6.000000000000000000 ) ) ;
#1155 = DIRECTION ( 'NONE',  ( -4.550094363217858838E-15, -1.000000000000000000, 0.000000000000000000 ) ) ;
#1156 = AXIS2_PLACEMENT_3D ( 'NONE', #3527, #3404, #1232 ) ;
#1157 = CARTESIAN_POINT ( 'NONE',  ( -35.00000000000000000, 24.00000000000000000, 3.000000000000000000 ) ) ;
#1158 = CARTESIAN_POINT ( 'NONE',  ( 27.73270935785509295, 22.49422128561005252, 3.024052143982339569 ) ) ;
#1159 = ORIENTED_EDGE ( 'NONE', *, *, #1586, .F. ) ;
#1160 = DIRECTION ( 'NONE',  ( -0.000000000000000000, -0.000000000000000000, -1.000000000000000000 ) ) ;
#1161 = CARTESIAN_POINT ( 'NONE',  ( -53.80100000000000193, 8.933547375302734704E-16, -53.61000000000003496 ) ) ;
#1162 = EDGE_CURVE ( 'NONE', #1948, #1994, #4442, .T. ) ;
#1163 = CARTESIAN_POINT ( 'NONE',  ( 50.18067071951337255, -1.393484222717436882, -54.29632907405640907 ) ) ;
#1164 = AXIS2_PLACEMENT_3D ( 'NONE', #980, #5070, #5127 ) ;
#1165 = DIRECTION ( 'NONE',  ( 1.000000000000000000, 0.000000000000000000, -0.000000000000000000 ) ) ;
#1166 = VERTEX_POINT ( 'NONE', #3540 ) ;
#1167 = DIRECTION ( 'NONE',  ( 0.000000000000000000, 0.000000000000000000, 1.000000000000000000 ) ) ;
#1168 = CARTESIAN_POINT ( 'NONE',  ( 24.72759364779693314, 22.68799392982888108, 3.413673132820849165 ) ) ;
#1169 = AXIS2_PLACEMENT_3D ( 'NONE', #2015, #711, #3389 ) ;
#1170 = EDGE_CURVE ( 'NONE', #2675, #5668, #4500, .T. ) ;
#1171 = FACE_OUTER_BOUND ( 'NONE', #2931, .T. ) ;
#1172 = EDGE_CURVE ( 'NONE', #2870, #1223, #546, .T. ) ;
#1173 = CARTESIAN_POINT ( 'NONE',  ( 2.029210133258630245E-15, -6.087630399775893892E-15, -67.11000000000002785 ) ) ;
#1174 = CYLINDRICAL_SURFACE ( 'NONE', #1164, 3.900000000000000799 ) ;
#1175 = AXIS2_PLACEMENT_3D ( 'NONE', #203, #5181, #743 ) ;
#1176 = VECTOR ( 'NONE', #3789, 1000.000000000000000 ) ;
#1177 = ORIENTED_EDGE ( 'NONE', *, *, #5589, .F. ) ;
#1178 = CARTESIAN_POINT ( 'NONE',  ( 41.81031452979011220, 33.85774925473081964, -12.78489182179656858 ) ) ;
#1179 = PRODUCT_DEFINITION_SHAPE ( 'NONE', 'NONE',  #1907 ) ;
#1180 = CARTESIAN_POINT ( 'NONE',  ( 53.11279496167818337, -8.571523281117084281, 8.400000000000000355 ) ) ;
#1181 = AXIS2_PLACEMENT_3D ( 'NONE', #4890, #4950, #3189 ) ;
#1182 = CIRCLE ( 'NONE', #2199, 4.999999999999997335 ) ;
#1183 = DIRECTION ( 'NONE',  ( 1.000000000000000000, 0.000000000000000000, 0.000000000000000000 ) ) ;
#1184 = CARTESIAN_POINT ( 'NONE',  ( -25.65055762081784252, -38.18440642122257600, 8.400000000000000355 ) ) ;
#1185 = ORIENTED_EDGE ( 'NONE', *, *, #3514, .T. ) ;
#1186 = ORIENTED_EDGE ( 'NONE', *, *, #856, .T. ) ;
#1187 = CIRCLE ( 'NONE', #490, 3.049999999999997158 ) ;
#1188 = CARTESIAN_POINT ( 'NONE',  ( -1.550000000000526068, -50.17606501111858108, -53.61000000000003496 ) ) ;
#1189 = FACE_OUTER_BOUND ( 'NONE', #809, .T. ) ;
#1190 = ADVANCED_FACE ( 'NONE', ( #804 ), #3593, .T. ) ;
#1191 = CARTESIAN_POINT ( 'NONE',  ( 40.00000000000000000, 15.74000000000000021, 4.145000000000000462 ) ) ;
#1192 = CARTESIAN_POINT ( 'NONE',  ( 19.00000000000000000, 26.00000000000000000, 6.000000000000000000 ) ) ;
#1193 = EDGE_LOOP ( 'NONE', ( #541, #2881, #1936 ) ) ;
#1194 = ORIENTED_EDGE ( 'NONE', *, *, #1823, .T. ) ;
#1195 = DIRECTION ( 'NONE',  ( -1.000000000000000000, 0.000000000000000000, 0.000000000000000000 ) ) ;
#1196 = CARTESIAN_POINT ( 'NONE',  ( 2.894131117526662855, 53.72215362803241590, -52.62716872951857283 ) ) ;
#1197 = EDGE_CURVE ( 'NONE', #1886, #4057, #4005, .T. ) ;
#1198 = DIRECTION ( 'NONE',  ( 0.000000000000000000, 0.000000000000000000, -1.000000000000000000 ) ) ;
#1199 = DIRECTION ( 'NONE',  ( -0.000000000000000000, -0.000000000000000000, 1.000000000000000000 ) ) ;
#1200 = ORIENTED_EDGE ( 'NONE', *, *, #3380, .T. ) ;
#1201 = DIRECTION ( 'NONE',  ( 1.000000000000000000, -0.000000000000000000, -0.000000000000000000 ) ) ;
#1202 = DIRECTION ( 'NONE',  ( -0.000000000000000000, -0.000000000000000000, -1.000000000000000000 ) ) ;
#1203 = EDGE_CURVE ( 'NONE', #202, #954, #3950, .T. ) ;
#1204 = DIRECTION ( 'NONE',  ( -0.000000000000000000, -0.000000000000000000, -1.000000000000000000 ) ) ;
#1205 = DIRECTION ( 'NONE',  ( 0.000000000000000000, 0.000000000000000000, -1.000000000000000000 ) ) ;
#1206 = DIRECTION ( 'NONE',  ( -1.000000000000000000, 0.000000000000000000, 0.000000000000000000 ) ) ;
#1207 = EDGE_LOOP ( 'NONE', ( #529, #2571, #1008, #2619 ) ) ;
#1208 = CARTESIAN_POINT ( 'NONE',  ( 42.42993921264951496, 33.10892528332315266, -11.18790581303318454 ) ) ;
#1209 = CARTESIAN_POINT ( 'NONE',  ( 0.9999999999999974465, 0.000000000000000000, 6.000000000000000000 ) ) ;
#1210 = CARTESIAN_POINT ( 'NONE',  ( 41.39999999999999858, 13.69000000000000128, 2.095000000000000639 ) ) ;
#1211 = DIRECTION ( 'NONE',  ( -1.000000000000000000, 0.000000000000000000, 0.000000000000000000 ) ) ;
#1212 = VECTOR ( 'NONE', #867, 1000.000000000000000 ) ;
#1213 = EDGE_CURVE ( 'NONE', #1339, #3307, #2995, .T. ) ;
#1214 = ORIENTED_EDGE ( 'NONE', *, *, #83, .F. ) ;
#1215 = ORIENTED_EDGE ( 'NONE', *, *, #3707, .F. ) ;
#1216 = CARTESIAN_POINT ( 'NONE',  ( 25.16356453745976651, 25.63195017460052938, 6.000000000000000000 ) ) ;
#1217 = LINE ( 'NONE', #3800, #1670 ) ;
#1218 = AXIS2_PLACEMENT_3D ( 'NONE', #5560, #5132, #117 ) ;
#1219 = MECHANICAL_DESIGN_GEOMETRIC_PRESENTATION_REPRESENTATION (  '', ( #1502 ), #3373 ) ;
#1220 = CARTESIAN_POINT ( 'NONE',  ( 25.65055762081784252, 38.18440642122257600, 7.599999999999998757 ) ) ;
#1221 = DIRECTION ( 'NONE',  ( 1.000000000000000000, 0.000000000000000000, -0.000000000000000000 ) ) ;
#1222 = ORIENTED_EDGE ( 'NONE', *, *, #2434, .F. ) ;
#1223 = VERTEX_POINT ( 'NONE', #3091 ) ;
#1224 = CARTESIAN_POINT ( 'NONE',  ( -53.73023102022898456, 2.740101826327466128, -54.96433387840340146 ) ) ;
#1225 = CARTESIAN_POINT ( 'NONE',  ( -1.857254758797712846, 53.76818847654365641, -51.18249854934071408 ) ) ;
#1226 = ADVANCED_FACE ( 'NONE', ( #4883 ), #4033, .F. ) ;
#1227 = CARTESIAN_POINT ( 'NONE',  ( 35.86999999999999744, -18.00000000000000355, 3.000000000000000000 ) ) ;
#1228 = CARTESIAN_POINT ( 'NONE',  ( -0.4043455360768009044, 50.19872358422863812, -55.12009542676462104 ) ) ;
#1229 = ORIENTED_EDGE ( 'NONE', *, *, #1963, .T. ) ;
#1230 = CARTESIAN_POINT ( 'NONE',  ( 24.59647702136136616, 23.87381645982269163, 5.498330998250790635 ) ) ;
#1231 = CARTESIAN_POINT ( 'NONE',  ( 3.049999999999436273, -53.71347596274145531, -53.61000000000003496 ) ) ;
#1232 = DIRECTION ( 'NONE',  ( -1.000000000000000000, 0.000000000000000000, 0.000000000000000000 ) ) ;
#1233 = CARTESIAN_POINT ( 'NONE',  ( 53.79999999999999716, 0.02366786372581172401, -18.59990978734854750 ) ) ;
#1234 = CARTESIAN_POINT ( 'NONE',  ( 24.00000000000000000, 26.00000000000000000, -10.86772065218060312 ) ) ;
#1235 = ORIENTED_EDGE ( 'NONE', *, *, #5705, .F. ) ;
#1236 = CARTESIAN_POINT ( 'NONE',  ( 41.65797557961595743, 34.04495433431024054, -12.20786782436211837 ) ) ;
#1237 = CARTESIAN_POINT ( 'NONE',  ( 42.41029929692582812, 31.68440065497583191, -10.92759232653741641 ) ) ;
#1238 = CARTESIAN_POINT ( 'NONE',  ( 53.79885859796250003, -0.4012707072073620762, -50.57995014498948194 ) ) ;
#1239 = FACE_OUTER_BOUND ( 'NONE', #4009, .T. ) ;
#1240 = EDGE_CURVE ( 'NONE', #5659, #3644, #917, .T. ) ;
#1241 = VECTOR ( 'NONE', #713, 1000.000000000000000 ) ;
#1242 = ORIENTED_EDGE ( 'NONE', *, *, #2009, .T. ) ;
#1243 = EDGE_LOOP ( 'NONE', ( #2026, #1521 ) ) ;
#1244 = ORIENTED_EDGE ( 'NONE', *, *, #2927, .F. ) ;
#1245 = CARTESIAN_POINT ( 'NONE',  ( 50.19848440486278207, 0.4025248287191095509, -52.10975714613351784 ) ) ;
#1246 = CARTESIAN_POINT ( 'NONE',  ( -1.887385422486303367E-13, -53.80100000000019378, -53.61000000000003496 ) ) ;
#1247 = ADVANCED_FACE ( 'NONE', ( #2275 ), #5735, .F. ) ;
#1248 = CARTESIAN_POINT ( 'NONE',  ( 42.39999999999999858, 22.18000000000000327, 1.435000000000000053 ) ) ;
#1249 = ORIENTED_EDGE ( 'NONE', *, *, #1317, .T. ) ;
#1250 = EDGE_CURVE ( 'NONE', #1603, #3704, #2215, .T. ) ;
#1251 = DIRECTION ( 'NONE',  ( 1.000000000000000000, 0.000000000000000000, 0.000000000000000000 ) ) ;
#1252 = ORIENTED_EDGE ( 'NONE', *, *, #1759, .T. ) ;
#1253 = ORIENTED_EDGE ( 'NONE', *, *, #2968, .T. ) ;
#1254 = DIRECTION ( 'NONE',  ( 0.000000000000000000, 0.000000000000000000, -1.000000000000000000 ) ) ;
#1255 = CARTESIAN_POINT ( 'NONE',  ( 1.354334157892330692, 53.78326697034152204, -50.86989830499805265 ) ) ;
#1256 = CARTESIAN_POINT ( 'NONE',  ( 49.79995657633516970, 0.06576469517414981758, -14.60000000000000142 ) ) ;
#1257 = FACE_OUTER_BOUND ( 'NONE', #4246, .T. ) ;
#1258 = VERTEX_POINT ( 'NONE', #1777 ) ;
#1259 = CARTESIAN_POINT ( 'NONE',  ( 24.63147821564690787, 23.75276871573288417, 5.396081745037045074 ) ) ;
#1260 = CARTESIAN_POINT ( 'NONE',  ( 38.40000000000000568, 31.70930462813714001, 8.400000000000000355 ) ) ;
#1261 = DIRECTION ( 'NONE',  ( 0.000000000000000000, 0.000000000000000000, 1.000000000000000000 ) ) ;
#1262 = DIRECTION ( 'NONE',  ( -1.000000000000000000, 1.162264728904460753E-16, 0.000000000000000000 ) ) ;
#1263 = CARTESIAN_POINT ( 'NONE',  ( 51.82064881415298885, -4.000000000000068390, -42.16000000000014580 ) ) ;
#1264 = ORIENTED_EDGE ( 'NONE', *, *, #1462, .T. ) ;
#1265 = CARTESIAN_POINT ( 'NONE',  ( 42.40000000183340489, 33.14736832774281794, -10.89722346355842042 ) ) ;
#1266 = AXIS2_PLACEMENT_3D ( 'NONE', #5021, #4961, #2782 ) ;
#1267 = CARTESIAN_POINT ( 'NONE',  ( -3.000000000000000000, -1.500000000000000000, 6.000000000000000000 ) ) ;
#1268 = CARTESIAN_POINT ( 'NONE',  ( 1.350698017974386822, 53.78335924493998732, -56.35190680222288506 ) ) ;
#1269 = CIRCLE ( 'NONE', #4550, 3.000000000000000444 ) ;
#1270 = CARTESIAN_POINT ( 'NONE',  ( 48.39671074480426682, -0.5820294585884392413, -37.16324816566937983 ) ) ;
#1271 = AXIS2_PLACEMENT_3D ( 'NONE', #303, #2116, #1205 ) ;
#1272 = ORIENTED_EDGE ( 'NONE', *, *, #2073, .F. ) ;
#1273 = CARTESIAN_POINT ( 'NONE',  ( 25.28296733322940426, 25.07257024142237967, 5.921918030004947653 ) ) ;
#1274 = DIRECTION ( 'NONE',  ( 1.000000000000000000, 0.000000000000000000, -0.000000000000000000 ) ) ;
#1275 = VECTOR ( 'NONE', #2046, 1000.000000000000000 ) ;
#1276 = FACE_OUTER_BOUND ( 'NONE', #2852, .T. ) ;
#1277 = ORIENTED_EDGE ( 'NONE', *, *, #3944, .F. ) ;
#1278 = CIRCLE ( 'NONE', #3153, 3.000000000000002665 ) ;
#1279 = DIRECTION ( 'NONE',  ( 0.000000000000000000, 0.000000000000000000, 1.000000000000000000 ) ) ;
#1280 = ORIENTED_EDGE ( 'NONE', *, *, #1574, .F. ) ;
#1281 = ORIENTED_EDGE ( 'NONE', *, *, #5288, .F. ) ;
#1282 = CARTESIAN_POINT ( 'NONE',  ( -53.78327993226631776, 1.353683127291126498, -50.86965472364182972 ) ) ;
#1283 = DIRECTION ( 'NONE',  ( 1.000000000000000000, 0.000000000000000000, -0.000000000000000000 ) ) ;
#1284 = EDGE_CURVE ( 'NONE', #1287, #5256, #1400, .T. ) ;
#1285 = CARTESIAN_POINT ( 'NONE',  ( 20.19999999999999929, 26.00000000000000000, 6.000000000000000000 ) ) ;
#1286 = EDGE_CURVE ( 'NONE', #1166, #894, #5291, .T. ) ;
#1287 = VERTEX_POINT ( 'NONE', #4910 ) ;
#1288 = CARTESIAN_POINT ( 'NONE',  ( 42.39999999999999858, -1.934235304825850710, -1.444328882115899493 ) ) ;
#1289 = CARTESIAN_POINT ( 'NONE',  ( 2.014333324631963684, -53.76246202901052840, -51.31118161903300035 ) ) ;
#1290 = CARTESIAN_POINT ( 'NONE',  ( -4.997679776475233030E-16, -3.934235304825844715, -10.59999999999999787 ) ) ;
#1291 = CARTESIAN_POINT ( 'NONE',  ( 3.100000000000000533, -7.419459434779496654, 6.000000000000000000 ) ) ;
#1292 = CARTESIAN_POINT ( 'NONE',  ( 2.029210133258630245E-15, -6.087630399775893892E-15, -67.11000000000002785 ) ) ;
#1293 = ADVANCED_FACE ( 'NONE', ( #889 ), #2678, .F. ) ;
#1294 = ORIENTED_EDGE ( 'NONE', *, *, #1719, .T. ) ;
#1295 = CARTESIAN_POINT ( 'NONE',  ( 42.39999999999999858, 31.70930462813714001, -10.59999999999999787 ) ) ;
#1296 = CARTESIAN_POINT ( 'NONE',  ( 42.80185616862970477, 30.71044609645785073, -12.35102561656038134 ) ) ;
#1297 = EDGE_CURVE ( 'NONE', #1541, #3939, #2336, .T. ) ;
#1298 = CARTESIAN_POINT ( 'NONE',  ( 0.7912172840997396817, 53.79453730544728529, -56.56233064631202723 ) ) ;
#1299 = DIRECTION ( 'NONE',  ( 1.000000000000000000, 0.000000000000000000, 0.000000000000000000 ) ) ;
#1300 = ORIENTED_EDGE ( 'NONE', *, *, #5167, .F. ) ;
#1301 = CARTESIAN_POINT ( 'NONE',  ( 25.47220077595679655, 23.46994678193089712, 4.843640159924743394 ) ) ;
#1302 = CARTESIAN_POINT ( 'NONE',  ( -53.00000000000000000, 0.000000000000000000, -42.96000000000002927 ) ) ;
#1303 = CARTESIAN_POINT ( 'NONE',  ( 35.13440642122248647, -25.65055762081797397, 8.400000000000000355 ) ) ;
#1304 = ORIENTED_EDGE ( 'NONE', *, *, #410, .F. ) ;
#1305 = LINE ( 'NONE', #4977, #3520 ) ;
#1306 = VERTEX_POINT ( 'NONE', #3238 ) ;
#1307 = ORIENTED_EDGE ( 'NONE', *, *, #5475, .T. ) ;
#1308 = CIRCLE ( 'NONE', #4398, 1.000000000000000888 ) ;
#1309 = DIRECTION ( 'NONE',  ( -1.000000000000000000, 0.000000000000000000, 0.000000000000000000 ) ) ;
#1310 = CARTESIAN_POINT ( 'NONE',  ( 28.17000000000000171, -18.00000000000000355, 3.000000000000000000 ) ) ;
#1311 = FACE_BOUND ( 'NONE', #5173, .T. ) ;
#1312 = EDGE_CURVE ( 'NONE', #828, #2767, #3270, .T. ) ;
#1313 = ORIENTED_EDGE ( 'NONE', *, *, #5264, .F. ) ;
#1314 = FACE_OUTER_BOUND ( 'NONE', #4147, .T. ) ;
#1315 = CARTESIAN_POINT ( 'NONE',  ( 24.10199637098448733, 23.61588455634279171, 5.336682692313178045 ) ) ;
#1316 = EDGE_CURVE ( 'NONE', #3163, #5438, #355, .T. ) ;
#1317 = EDGE_CURVE ( 'NONE', #4505, #4595, #3677, .T. ) ;
#1318 = CARTESIAN_POINT ( 'NONE',  ( 1.167334603082150091, -50.18647673313076751, -52.58527794137764744 ) ) ;
#1319 = CARTESIAN_POINT ( 'NONE',  ( 0.9999999999999974465, -9.000000000000001776, 8.400000000000000355 ) ) ;
#1320 = CARTESIAN_POINT ( 'NONE',  ( 53.38062899396317107, -6.712362320502359481, -15.58525573710903167 ) ) ;
#1321 = ORIENTED_EDGE ( 'NONE', *, *, #880, .T. ) ;
#1322 = CARTESIAN_POINT ( 'NONE',  ( 45.48337996246709736, 28.75774912602018318, -14.90742152919328234 ) ) ;
#1323 = CARTESIAN_POINT ( 'NONE',  ( 44.16622624098984318, 26.87427289536049813, -13.92756388214660213 ) ) ;
#1324 = CARTESIAN_POINT ( 'NONE',  ( 0.000000000000000000, 0.000000000000000000, 6.000000000000000000 ) ) ;
#1325 = CARTESIAN_POINT ( 'NONE',  ( 48.36042774805179789, -1.958583230209764769, -40.21043613278278173 ) ) ;
#1326 = ORIENTED_EDGE ( 'NONE', *, *, #3978, .F. ) ;
#1327 = CARTESIAN_POINT ( 'NONE',  ( 24.34213163913139866, 22.53008108944127130, 3.000000000000000000 ) ) ;
#1328 = CARTESIAN_POINT ( 'NONE',  ( 40.00000000000000000, 18.96000000000000085, -0.6150000000000001021 ) ) ;
#1329 = DIRECTION ( 'NONE',  ( -0.000000000000000000, -0.000000000000000000, -1.000000000000000000 ) ) ;
#1330 = ORIENTED_EDGE ( 'NONE', *, *, #2066, .T. ) ;
#1331 = CARTESIAN_POINT ( 'NONE',  ( -52.70000000000000284, -8.933547375302734704E-16, -53.61000000000003496 ) ) ;
#1332 = ORIENTED_EDGE ( 'NONE', *, *, #592, .T. ) ;
#1333 = CIRCLE ( 'NONE', #2731, 6.899999999999999467 ) ;
#1334 = AXIS2_PLACEMENT_3D ( 'NONE', #5780, #849, #966 ) ;
#1335 = FACE_BOUND ( 'NONE', #5035, .T. ) ;
#1336 = DIRECTION ( 'NONE',  ( -0.000000000000000000, -0.000000000000000000, -1.000000000000000000 ) ) ;
#1337 = AXIS2_PLACEMENT_3D ( 'NONE', #555, #3155, #2680 ) ;
#1338 = FACE_BOUND ( 'NONE', #3774, .T. ) ;
#1339 = VERTEX_POINT ( 'NONE', #4647 ) ;
#1340 = CARTESIAN_POINT ( 'NONE',  ( 42.21506224808126717, -1.934235304825850488, -1.531759492328946370 ) ) ;
#1341 = CARTESIAN_POINT ( 'NONE',  ( 24.45187395336872171, 23.42329825137390031, 5.104603953117731407 ) ) ;
#1342 = ADVANCED_FACE ( 'NONE', ( #617 ), #1010, .F. ) ;
#1343 = DIRECTION ( 'NONE',  ( 1.000000000000000000, 0.000000000000000000, 0.000000000000000000 ) ) ;
#1344 = DIRECTION ( 'NONE',  ( -1.000000000000000000, 0.000000000000000000, 0.000000000000000000 ) ) ;
#1345 = CARTESIAN_POINT ( 'NONE',  ( 51.79095580098061191, -0.9762701793737051936, -41.84276476717619175 ) ) ;
#1346 = ORIENTED_EDGE ( 'NONE', *, *, #1713, .T. ) ;
#1347 = AXIS2_PLACEMENT_3D ( 'NONE', #5318, #3913, #2093 ) ;
#1348 = CARTESIAN_POINT ( 'NONE',  ( 45.22766044166544930, 23.23387916724925972, -14.42893103180709602 ) ) ;
#1349 = CARTESIAN_POINT ( 'NONE',  ( 38.18440642122248363, -25.65055762081797397, 7.599999999999998757 ) ) ;
#1350 = EDGE_CURVE ( 'NONE', #2937, #4257, #4093, .T. ) ;
#1351 = DIRECTION ( 'NONE',  ( 1.000000000000000000, 5.337610695313251385E-15, 0.000000000000000000 ) ) ;
#1352 = CARTESIAN_POINT ( 'NONE',  ( 24.40121428912231138, 22.55740476399946104, 3.001542293629491098 ) ) ;
#1353 = AXIS2_PLACEMENT_3D ( 'NONE', #5324, #3095, #4096 ) ;
#1354 = ORIENTED_EDGE ( 'NONE', *, *, #2158, .F. ) ;
#1355 = VERTEX_POINT ( 'NONE', #5065 ) ;
#1356 = CARTESIAN_POINT ( 'NONE',  ( 25.54267557990058179, 22.87309364394674915, 3.392699081698724584 ) ) ;
#1357 = DIRECTION ( 'NONE',  ( 1.270305253563490991E-16, 1.000000000000000000, 0.000000000000000000 ) ) ;
#1358 = AXIS2_PLACEMENT_3D ( 'NONE', #169, #4290, #5581 ) ;
#1359 = DIRECTION ( 'NONE',  ( 1.000000000000000000, 0.000000000000000000, 0.000000000000000000 ) ) ;
#1360 = VERTEX_POINT ( 'NONE', #2426 ) ;
#1361 = CARTESIAN_POINT ( 'NONE',  ( 49.23015067453287230, -3.723385941464150584, -11.88821742082261501 ) ) ;
#1362 = VECTOR ( 'NONE', #3671, 1000.000000000000000 ) ;
#1363 = CARTESIAN_POINT ( 'NONE',  ( -3.000000000000000000, -1.500000000000000000, 8.400000000000000355 ) ) ;
#1364 = ORIENTED_EDGE ( 'NONE', *, *, #818, .T. ) ;
#1365 = AXIS2_PLACEMENT_3D ( 'NONE', #5258, #765, #5344 ) ;
#1366 = EDGE_CURVE ( 'NONE', #54, #5501, #1873, .T. ) ;
#1367 = CARTESIAN_POINT ( 'NONE',  ( -29.33999999999999631, -18.00000000000000000, 6.000000000000000000 ) ) ;
#1368 = DIRECTION ( 'NONE',  ( 1.000000000000000000, 0.000000000000000000, 0.000000000000000000 ) ) ;
#1369 = EDGE_CURVE ( 'NONE', #3930, #4205, #3673, .T. ) ;
#1370 = CARTESIAN_POINT ( 'NONE',  ( 0.000000000000000000, 0.000000000000000000, 8.400000000000000355 ) ) ;
#1371 = ORIENTED_EDGE ( 'NONE', *, *, #3223, .F. ) ;
#1372 = DIRECTION ( 'NONE',  ( 3.491481338843133750E-15, 1.000000000000000000, -0.000000000000000000 ) ) ;
#1373 = CARTESIAN_POINT ( 'NONE',  ( 23.72349831874853265, 24.45063279535649414, 5.856226777531434280 ) ) ;
#1374 = CARTESIAN_POINT ( 'NONE',  ( 0.2027570745629720672, -50.19999777958781095, -52.06007191270873591 ) ) ;
#1375 = CARTESIAN_POINT ( 'NONE',  ( 26.00000000000000000, 19.00000000000000000, 0.000000000000000000 ) ) ;
#1376 = CARTESIAN_POINT ( 'NONE',  ( -50.19114138003141790, -0.9538223892520296676, -52.37158902480975087 ) ) ;
#1377 = EDGE_LOOP ( 'NONE', ( #4381, #2476 ) ) ;
#1378 = CARTESIAN_POINT ( 'NONE',  ( 45.89156987869916549, 28.09080610435639258, -17.59067597224800039 ) ) ;
#1379 = CARTESIAN_POINT ( 'NONE',  ( 25.17157580846918918, 22.81103661197196431, 3.062529231980034350 ) ) ;
#1380 = CARTESIAN_POINT ( 'NONE',  ( -3.000000000000000000, -1.500000000000000000, 8.400000000000000355 ) ) ;
#1381 = CARTESIAN_POINT ( 'NONE',  ( 24.76891347204624338, 22.70059879390980484, 3.087113464443312250 ) ) ;
#1382 = VERTEX_POINT ( 'NONE', #4121 ) ;
#1383 = ORIENTED_EDGE ( 'NONE', *, *, #2836, .T. ) ;
#1384 = DIRECTION ( 'NONE',  ( -1.000000000000000000, 0.000000000000000000, 0.000000000000000000 ) ) ;
#1385 = CARTESIAN_POINT ( 'NONE',  ( 28.43500108084743516, 18.96000000000000085, -0.6150000000000001021 ) ) ;
#1386 = DIRECTION ( 'NONE',  ( -1.000000000000000000, -0.000000000000000000, -0.000000000000000000 ) ) ;
#1387 = ADVANCED_FACE ( 'NONE', ( #109 ), #3648, .T. ) ;
#1388 = CARTESIAN_POINT ( 'NONE',  ( 53.80035893768150146, -0.2362800967333226199, -14.60034967452387278 ) ) ;
#1389 = EDGE_CURVE ( 'NONE', #1460, #1015, #580, .T. ) ;
#1390 = AXIS2_PLACEMENT_3D ( 'NONE', #204, #655, #772 ) ;
#1391 = FACE_OUTER_BOUND ( 'NONE', #3809, .T. ) ;
#1392 = ORIENTED_EDGE ( 'NONE', *, *, #371, .T. ) ;
#1393 = CARTESIAN_POINT ( 'NONE',  ( 25.24954953810937752, 23.38788548748606644, 4.794972441461525570 ) ) ;
#1394 = DIRECTION ( 'NONE',  ( -0.000000000000000000, -0.000000000000000000, -1.000000000000000000 ) ) ;
#1395 = CYLINDRICAL_SURFACE ( 'NONE', #5123, 1.899999999999999023 ) ;
#1396 = TOROIDAL_SURFACE ( 'NONE', #3369, 3.049999999999999822, 1.000000000000000000 ) ;
#1397 = CARTESIAN_POINT ( 'NONE',  ( 23.15032256656337850, 25.06778719964934865, 5.995119876875310005 ) ) ;
#1398 = PLANE ( 'NONE',  #1092 ) ;
#1399 = AXIS2_PLACEMENT_3D ( 'NONE', #1053, #4631, #1966 ) ;
#1400 = CIRCLE ( 'NONE', #2253, 53.79999999999999716 ) ;
#1401 = ORIENTED_EDGE ( 'NONE', *, *, #5275, .F. ) ;
#1402 = DIRECTION ( 'NONE',  ( 0.000000000000000000, -1.000000000000000000, 0.000000000000000000 ) ) ;
#1403 = CYLINDRICAL_SURFACE ( 'NONE', #384, 3.049999999999997158 ) ;
#1404 = CARTESIAN_POINT ( 'NONE',  ( 0.1005527988019305902, 50.20000110567857377, -52.05996419027880506 ) ) ;
#1405 = PLANE ( 'NONE',  #5292 ) ;
#1406 = ORIENTED_EDGE ( 'NONE', *, *, #4194, .F. ) ;
#1407 = CARTESIAN_POINT ( 'NONE',  ( 45.00274920946019108, 29.49376437680522045, -17.06077893372036769 ) ) ;
#1408 = CARTESIAN_POINT ( 'NONE',  ( 25.12198575927628852, 22.80003128785845945, 3.077930439447777555 ) ) ;
#1409 = CARTESIAN_POINT ( 'NONE',  ( 26.00000000000000000, 19.00000000000000000, 3.000000000000000000 ) ) ;
#1410 = LINE ( 'NONE', #4144, #3876 ) ;
#1411 = EDGE_LOOP ( 'NONE', ( #4252, #4518, #4939 ) ) ;
#1412 = ORIENTED_EDGE ( 'NONE', *, *, #4685, .F. ) ;
#1413 = CARTESIAN_POINT ( 'NONE',  ( 53.71346665807507748, 3.050163864308370609, -53.80871544074829416 ) ) ;
#1414 = CARTESIAN_POINT ( 'NONE',  ( -2.298674099642561863, -53.75105455872632376, -51.59552073306706177 ) ) ;
#1415 = EDGE_CURVE ( 'NONE', #4780, #779, #2552, .T. ) ;
#1416 = CARTESIAN_POINT ( 'NONE',  ( 40.00000000000000000, 24.22999999999999687, 1.435000000000000053 ) ) ;
#1417 = CARTESIAN_POINT ( 'NONE',  ( 53.76739281652942992, -1.893150309905934137, -18.39502536309612424 ) ) ;
#1418 = CARTESIAN_POINT ( 'NONE',  ( 43.11545378648836646, -2.221507020143669298, -8.437457629718680963 ) ) ;
#1419 = ORIENTED_EDGE ( 'NONE', *, *, #741, .F. ) ;
#1420 = VERTEX_POINT ( 'NONE', #3867 ) ;
#1421 = CARTESIAN_POINT ( 'NONE',  ( 25.05013698965493774, 25.11522435983586732, 5.942024714626791493 ) ) ;
#1422 = CARTESIAN_POINT ( 'NONE',  ( 3.100000000000000533, 4.419459434779496654, -10.86772065218060312 ) ) ;
#1423 = EDGE_CURVE ( 'NONE', #3307, #2917, #1535, .T. ) ;
#1424 = APPLICATION_PROTOCOL_DEFINITION ( 'draft international standard', 'automotive_design', 1998, #2393 ) ;
#1425 = CARTESIAN_POINT ( 'NONE',  ( 23.92405951001749997, 24.65913448428569765, 5.957866562958331613 ) ) ;
#1426 = EDGE_CURVE ( 'NONE', #4228, #2041, #1785, .T. ) ;
#1427 = DIRECTION ( 'NONE',  ( 0.000000000000000000, 0.000000000000000000, 1.000000000000000000 ) ) ;
#1428 = AXIS2_PLACEMENT_3D ( 'NONE', #2989, #3020, #272 ) ;
#1429 = ORIENTED_EDGE ( 'NONE', *, *, #4292, .T. ) ;
#1430 = B_SPLINE_CURVE_WITH_KNOTS ( 'NONE', 3,
 ( #5635, #200, #1100, #4735, #2884, #4293 ),
 .UNSPECIFIED., .F., .F.,
 ( 4, 2, 4 ),
 ( 0.000000000000000000, 0.0003019521491395498565, 0.0006039042982790997129 ),
 .UNSPECIFIED. ) ;
#1431 = CARTESIAN_POINT ( 'NONE',  ( -50.19538090672014619, 0.6874204081866363003, -52.21706171114849582 ) ) ;
#1432 = CIRCLE ( 'NONE', #3119, 51.79999999999999716 ) ;
#1433 = CARTESIAN_POINT ( 'NONE',  ( -0.7771267853797876324, -50.19405472586576877, -52.26509227608612207 ) ) ;
#1434 = CARTESIAN_POINT ( 'NONE',  ( -25.65055762081784252, -38.18440642122257600, 7.599999999999998757 ) ) ;
#1435 = CARTESIAN_POINT ( 'NONE',  ( 51.78351068964278170, -1.311369548279105235, -37.67695893843458066 ) ) ;
#1436 = ORIENTED_EDGE ( 'NONE', *, *, #920, .T. ) ;
#1437 = CARTESIAN_POINT ( 'NONE',  ( 45.03829893476861912, 23.93798733494003272, -14.36714247967086777 ) ) ;
#1438 = CARTESIAN_POINT ( 'NONE',  ( 25.05581052516312468, 22.78399118684782110, 3.096568939063169879 ) ) ;
#1439 = DIRECTION ( 'NONE',  ( 0.000000000000000000, 0.000000000000000000, 1.000000000000000000 ) ) ;
#1440 = DIRECTION ( 'NONE',  ( -1.000000000000000000, 0.000000000000000000, -0.000000000000000000 ) ) ;
#1441 = ORIENTED_EDGE ( 'NONE', *, *, #3844, .F. ) ;
#1442 = ORIENTED_EDGE ( 'NONE', *, *, #4685, .T. ) ;
#1443 = CARTESIAN_POINT ( 'NONE',  ( 53.76233992004000584, 2.017575917367648408, -55.90597301800546859 ) ) ;
#1444 = EDGE_CURVE ( 'NONE', #3009, #3121, #2710, .T. ) ;
#1445 = DIRECTION ( 'NONE',  ( -1.000000000000000000, 4.476705744456272988E-15, 0.000000000000000000 ) ) ;
#1446 = CARTESIAN_POINT ( 'NONE',  ( 42.39999999999999858, 0.000000000000000000, 5.144999999999996909 ) ) ;
#1447 = VECTOR ( 'NONE', #1608, 1000.000000000000000 ) ;
#1448 = CARTESIAN_POINT ( 'NONE',  ( 53.79847495857955408, -1.122812103366991554, -14.42546421724269834 ) ) ;
#1449 = DIRECTION ( 'NONE',  ( 1.000000000000000000, 0.000000000000000000, 0.000000000000000000 ) ) ;
#1450 = ORIENTED_EDGE ( 'NONE', *, *, #1563, .F. ) ;
#1451 = VERTEX_POINT ( 'NONE', #3328 ) ;
#1452 = CARTESIAN_POINT ( 'NONE',  ( 25.42335849558990191, 23.88359345665639566, 5.260160435377088106 ) ) ;
#1453 = CARTESIAN_POINT ( 'NONE',  ( 52.70000000000000284, 8.933547375302734704E-16, -53.61000000000003496 ) ) ;
#1454 = CIRCLE ( 'NONE', #5573, 8.500000000000000000 ) ;
#1455 = ADVANCED_FACE ( 'NONE', ( #5552 ), #848, .F. ) ;
#1456 = CARTESIAN_POINT ( 'NONE',  ( 0.000000000000000000, 0.000000000000000000, -36.26000000000002643 ) ) ;
#1457 = CIRCLE ( 'NONE', #5582, 8.500000000000000000 ) ;
#1458 = DIRECTION ( 'NONE',  ( -0.000000000000000000, -0.000000000000000000, 1.000000000000000000 ) ) ;
#1459 = AXIS2_PLACEMENT_3D ( 'NONE', #2664, #3106, #3637 ) ;
#1460 = VERTEX_POINT ( 'NONE', #5749 ) ;
#1461 = TOROIDAL_SURFACE ( 'NONE', #4923, 7.699999999999997513, 3.000000000000000000 ) ;
#1462 = EDGE_CURVE ( 'NONE', #5256, #98, #72, .T. ) ;
#1463 = CARTESIAN_POINT ( 'NONE',  ( -50.17637817751548823, 1.539956168184744234, -53.81324333429142115 ) ) ;
#1464 = AXIS2_PLACEMENT_3D ( 'NONE', #43, #1822, #5397 ) ;
#1465 = CIRCLE ( 'NONE', #418, 3.049999999999997158 ) ;
#1466 = CARTESIAN_POINT ( 'NONE',  ( 17.80000000000000071, 26.00000000000000000, -10.86772065218060312 ) ) ;
#1467 = CARTESIAN_POINT ( 'NONE',  ( 40.00000000000000000, -6.334235304825849511, -17.00000000000000000 ) ) ;
#1468 = ADVANCED_FACE ( 'NONE', ( #2613 ), #701, .F. ) ;
#1469 = DIRECTION ( 'NONE',  ( 0.000000000000000000, 0.000000000000000000, 1.000000000000000000 ) ) ;
#1470 = EDGE_LOOP ( 'NONE', ( #1660, #1803, #1789, #846 ) ) ;
#1471 = DIRECTION ( 'NONE',  ( 0.000000000000000000, 0.000000000000000000, -1.000000000000000000 ) ) ;
#1472 = CARTESIAN_POINT ( 'NONE',  ( 3.050000000000181011, 52.69999999999998863, -53.61000000000003496 ) ) ;
#1473 = CARTESIAN_POINT ( 'NONE',  ( -1.859759246075666450, -53.76810046860699543, -56.03554988824702576 ) ) ;
#1474 = CARTESIAN_POINT ( 'NONE',  ( 42.39999999999998437, 6.479978257547243103, -1.180786437626904828 ) ) ;
#1475 = ORIENTED_EDGE ( 'NONE', *, *, #1120, .F. ) ;
#1476 = ORIENTED_EDGE ( 'NONE', *, *, #1024, .T. ) ;
#1477 = PLANE ( 'NONE',  #4079 ) ;
#1478 = DIRECTION ( 'NONE',  ( -1.000000000000000000, 0.000000000000000000, -0.000000000000000000 ) ) ;
#1479 = CARTESIAN_POINT ( 'NONE',  ( 53.77855418952243127, -1.527944972099874121, -56.25719015193468664 ) ) ;
#1480 = CARTESIAN_POINT ( 'NONE',  ( 53.79233359217148802, -1.063503756481231965, -18.54793022077798526 ) ) ;
#1481 = LINE ( 'NONE', #84, #407 ) ;
#1482 = ORIENTED_EDGE ( 'NONE', *, *, #4145, .F. ) ;
#1483 = ORIENTED_EDGE ( 'NONE', *, *, #1719, .F. ) ;
#1484 = CARTESIAN_POINT ( 'NONE',  ( 25.16693754317212139, 23.92090282876482377, 5.337149500202494679 ) ) ;
#1485 = CARTESIAN_POINT ( 'NONE',  ( 0.000000000000000000, 0.000000000000000000, -14.60000000000000142 ) ) ;
#1486 = AXIS2_PLACEMENT_3D ( 'NONE', #677, #2479, #4763 ) ;
#1487 =( NAMED_UNIT ( * ) SI_UNIT ( $, .STERADIAN. ) SOLID_ANGLE_UNIT ( ) );
#1488 = EDGE_CURVE ( 'NONE', #5263, #5394, #4969, .T. ) ;
#1489 = CARTESIAN_POINT ( 'NONE',  ( 24.10653368337491287, 24.78491004624588712, 6.000000000000000000 ) ) ;
#1490 = CARTESIAN_POINT ( 'NONE',  ( 27.13077496573600200, 22.73347326724927342, 3.000000014190138842 ) ) ;
#1491 = ORIENTED_EDGE ( 'NONE', *, *, #5147, .T. ) ;
#1492 = DIRECTION ( 'NONE',  ( 0.000000000000000000, 0.000000000000000000, 1.000000000000000000 ) ) ;
#1493 = MANIFOLD_SOLID_BREP ( 'Cut-Extrude12', #4866 ) ;
#1494 = ADVANCED_FACE ( 'NONE', ( #5443 ), #3161, .F. ) ;
#1495 = CARTESIAN_POINT ( 'NONE',  ( -1.239583305338187724, -50.18489647057245406, -54.56224593978822668 ) ) ;
#1496 = DIRECTION ( 'NONE',  ( 0.000000000000000000, 0.000000000000000000, -1.000000000000000000 ) ) ;
#1497 = CARTESIAN_POINT ( 'NONE',  ( 25.32380234130027929, 22.91672514269356142, 3.783402326733096288 ) ) ;
#1498 = ORIENTED_EDGE ( 'NONE', *, *, #1852, .F. ) ;
#1499 = CARTESIAN_POINT ( 'NONE',  ( -53.80000000000001137, -0.1990790492814283885, -56.66000000000003922 ) ) ;
#1500 = LINE ( 'NONE', #2104, #606 ) ;
#1501 = AXIS2_PLACEMENT_3D ( 'NONE', #3517, #3956, #5797 ) ;
#1502 = STYLED_ITEM ( 'NONE', ( #1898 ), #1493 ) ;
#1503 = EDGE_CURVE ( 'NONE', #1360, #4801, #4221, .T. ) ;
#1504 = EDGE_CURVE ( 'NONE', #738, #1153, #119, .T. ) ;
#1505 = DIRECTION ( 'NONE',  ( -2.775557561562890735E-17, 8.326672684688676518E-17, 1.000000000000000000 ) ) ;
#1506 = DIRECTION ( 'NONE',  ( 0.000000000000000000, 1.000000000000000000, 0.000000000000000000 ) ) ;
#1507 = CIRCLE ( 'NONE', #2257, 51.39999999999999858 ) ;
#1508 = VERTEX_POINT ( 'NONE', #4131 ) ;
#1509 = ORIENTED_EDGE ( 'NONE', *, *, #2231, .T. ) ;
#1510 = DIRECTION ( 'NONE',  ( -0.000000000000000000, -0.000000000000000000, 1.000000000000000000 ) ) ;
#1511 = CARTESIAN_POINT ( 'NONE',  ( -2.017697379060980012, -53.76233501326063902, -51.31415013125852909 ) ) ;
#1512 = CARTESIAN_POINT ( 'NONE',  ( 53.71348000816626467, -3.049928756116754069, -53.81006533570381833 ) ) ;
#1513 = CARTESIAN_POINT ( 'NONE',  ( 40.00000000000000000, 13.69000000000000128, 2.095000000000000639 ) ) ;
#1514 = DIRECTION ( 'NONE',  ( -1.000000000000000000, 0.000000000000000000, 0.000000000000000000 ) ) ;
#1515 = EDGE_LOOP ( 'NONE', ( #4474, #4565, #1215, #2496 ) ) ;
#1516 = ORIENTED_EDGE ( 'NONE', *, *, #5767, .F. ) ;
#1517 = CARTESIAN_POINT ( 'NONE',  ( 25.38756939989109185, 23.23506027464238244, 4.508483115634084548 ) ) ;
#1518 = FACE_OUTER_BOUND ( 'NONE', #1128, .T. ) ;
#1519 = FACE_OUTER_BOUND ( 'NONE', #282, .T. ) ;
#1520 = CARTESIAN_POINT ( 'NONE',  ( 27.33519970351622064, 22.66457417962072896, 3.024036090740094274 ) ) ;
#1521 = ORIENTED_EDGE ( 'NONE', *, *, #1415, .T. ) ;
#1522 = CARTESIAN_POINT ( 'NONE',  ( -50.17845531425081163, 1.471098376198362256, -54.10868010455786958 ) ) ;
#1523 = CARTESIAN_POINT ( 'NONE',  ( -53.79999999999999716, 0.000000000000000000, -50.56000000000003780 ) ) ;
#1524 = CYLINDRICAL_SURFACE ( 'NONE', #2212, 1.000000000000000888 ) ;
#1525 = CARTESIAN_POINT ( 'NONE',  ( -5.511098449335691096E-13, -52.70000000000000284, -53.61000000000003496 ) ) ;
#1526 = ORIENTED_EDGE ( 'NONE', *, *, #2183, .F. ) ;
#1527 = CARTESIAN_POINT ( 'NONE',  ( -53.77848824671031025, -1.530198720814669455, -56.25583980327922973 ) ) ;
#1528 = DIRECTION ( 'NONE',  ( 0.000000000000000000, -1.000000000000000000, 0.000000000000000000 ) ) ;
#1529 = LINE ( 'NONE', #4611, #3034 ) ;
#1530 = VECTOR ( 'NONE', #1862, 1000.000000000000000 ) ;
#1531 = EDGE_LOOP ( 'NONE', ( #969, #4722, #76, #3068 ) ) ;
#1532 = VERTEX_POINT ( 'NONE', #5471 ) ;
#1533 = DIRECTION ( 'NONE',  ( -1.000000000000000000, 0.000000000000000000, -0.000000000000000000 ) ) ;
#1534 = EDGE_CURVE ( 'NONE', #4071, #813, #359, .T. ) ;
#1535 = LINE ( 'NONE', #5279, #3471 ) ;
#1536 = AXIS2_PLACEMENT_3D ( 'NONE', #5311, #1204, #2501 ) ;
#1537 = DIRECTION ( 'NONE',  ( -1.000000000000000000, 0.000000000000000000, 0.000000000000000000 ) ) ;
#1538 = DIRECTION ( 'NONE',  ( 0.000000000000000000, 0.000000000000000000, 1.000000000000000000 ) ) ;
#1539 = CARTESIAN_POINT ( 'NONE',  ( 53.11279496167818337, -8.571523281117084281, -10.60000000000000142 ) ) ;
#1540 = ORIENTED_EDGE ( 'NONE', *, *, #5645, .T. ) ;
#1541 = VERTEX_POINT ( 'NONE', #1020 ) ;
#1542 = CYLINDRICAL_SURFACE ( 'NONE', #3138, 3.049999999999997158 ) ;
#1543 = CARTESIAN_POINT ( 'NONE',  ( 30.20000000000000284, 26.00000000000000000, -10.86772065218060312 ) ) ;
#1544 = CARTESIAN_POINT ( 'NONE',  ( 42.39999999999999858, 15.74000000000000021, -1.615000000000000213 ) ) ;
#1545 = CARTESIAN_POINT ( 'NONE',  ( 40.00000000000000000, -1.934235304825850044, -7.594999999999999751 ) ) ;
#1546 = CARTESIAN_POINT ( 'NONE',  ( 27.57602172075284486, 22.56763736139994592, 3.039341864072923727 ) ) ;
#1547 = EDGE_CURVE ( 'NONE', #2333, #3713, #1977, .T. ) ;
#1548 = AXIS2_PLACEMENT_3D ( 'NONE', #5643, #4715, #3037 ) ;
#1549 = ORIENTED_EDGE ( 'NONE', *, *, #4116, .F. ) ;
#1550 = CYLINDRICAL_SURFACE ( 'NONE', #3934, 1.100000000000000311 ) ;
#1551 = VECTOR ( 'NONE', #165, 1000.000000000000000 ) ;
#1552 = CIRCLE ( 'NONE', #1638, 3.049999999999997158 ) ;
#1553 = AXIS2_PLACEMENT_3D ( 'NONE', #876, #1848, #3227 ) ;
#1554 = CARTESIAN_POINT ( 'NONE',  ( 25.65055762081784252, 38.18440642122257600, 7.599999999999998757 ) ) ;
#1555 = DIRECTION ( 'NONE',  ( -1.000000000000000000, 0.000000000000000000, 0.000000000000000000 ) ) ;
#1556 = VECTOR ( 'NONE', #337, 1000.000000000000000 ) ;
#1557 = DIRECTION ( 'NONE',  ( -0.000000000000000000, -0.000000000000000000, 1.000000000000000000 ) ) ;
#1558 = VERTEX_POINT ( 'NONE', #5562 ) ;
#1559 = CARTESIAN_POINT ( 'NONE',  ( -53.79134890227037857, -0.9823191167165921112, -56.50440138224649900 ) ) ;
#1560 = AXIS2_PLACEMENT_3D ( 'NONE', #266, #752, #3861 ) ;
#1561 = CARTESIAN_POINT ( 'NONE',  ( -2.298614370135164897, -53.75106216508851986, -55.62479849597477255 ) ) ;
#1562 = CARTESIAN_POINT ( 'NONE',  ( 49.16388827307758902, -3.934235304825851376, -10.86592555773536084 ) ) ;
#1563 = EDGE_CURVE ( 'NONE', #709, #3847, #1507, .T. ) ;
#1564 = ORIENTED_EDGE ( 'NONE', *, *, #3978, .T. ) ;
#1565 = ORIENTED_EDGE ( 'NONE', *, *, #2714, .F. ) ;
#1566 = LINE ( 'NONE', #198, #218 ) ;
#1567 = CARTESIAN_POINT ( 'NONE',  ( -33.90000000000000568, 24.00000000000000000, 6.000000000000000000 ) ) ;
#1568 = CARTESIAN_POINT ( 'NONE',  ( 53.14805568803195257, -8.350289211634917663, -12.41769319794650883 ) ) ;
#1569 = VERTEX_POINT ( 'NONE', #628 ) ;
#1570 = ORIENTED_EDGE ( 'NONE', *, *, #97, .F. ) ;
#1571 = CARTESIAN_POINT ( 'NONE',  ( 24.53158939245629711, 24.90147561490948647, 6.000000000000000000 ) ) ;
#1572 = DIRECTION ( 'NONE',  ( 0.000000000000000000, 1.084202172485504434E-16, -1.000000000000000000 ) ) ;
#1573 = EDGE_CURVE ( 'NONE', #1603, #4206, #2999, .T. ) ;
#1574 = EDGE_CURVE ( 'NONE', #1795, #41, #1997, .T. ) ;
#1575 = CARTESIAN_POINT ( 'NONE',  ( 22.80000000000000071, 26.00000000000000000, -10.86772065218060312 ) ) ;
#1576 = CARTESIAN_POINT ( 'NONE',  ( -3.000000000000000000, -1.500000000000000000, 8.400000000000000355 ) ) ;
#1577 = EDGE_LOOP ( 'NONE', ( #3479, #465, #5430, #3915 ) ) ;
#1578 = DIRECTION ( 'NONE',  ( 1.000000000000000000, 0.000000000000000000, 0.000000000000000000 ) ) ;
#1579 = FACE_OUTER_BOUND ( 'NONE', #2161, .T. ) ;
#1580 = DIRECTION ( 'NONE',  ( 0.000000000000000000, -1.000000000000000000, -0.000000000000000000 ) ) ;
#1581 = EDGE_LOOP ( 'NONE', ( #4003, #269 ) ) ;
#1582 = CARTESIAN_POINT ( 'NONE',  ( -6.999999999999997335, 0.000000000000000000, 6.000000000000000000 ) ) ;
#1583 = AXIS2_PLACEMENT_3D ( 'NONE', #4723, #3842, #3902 ) ;
#1584 = VECTOR ( 'NONE', #4795, 1000.000000000000000 ) ;
#1585 = DIRECTION ( 'NONE',  ( 0.000000000000000000, 0.000000000000000000, 1.000000000000000000 ) ) ;
#1586 = EDGE_CURVE ( 'NONE', #5228, #1306, #671, .T. ) ;
#1587 = CARTESIAN_POINT ( 'NONE',  ( 27.69289463392267692, 22.51764238358365944, 3.039606203753798752 ) ) ;
#1588 = VERTEX_POINT ( 'NONE', #593 ) ;
#1589 = AXIS2_PLACEMENT_3D ( 'NONE', #1840, #1723, #3630 ) ;
#1590 = VECTOR ( 'NONE', #524, 1000.000000000000000 ) ;
#1591 = ORIENTED_EDGE ( 'NONE', *, *, #1488, .F. ) ;
#1592 = FACE_OUTER_BOUND ( 'NONE', #3825, .T. ) ;
#1593 = CARTESIAN_POINT ( 'NONE',  ( 53.79132900511996240, -0.9833867657036455823, -56.50403227240690285 ) ) ;
#1594 = CARTESIAN_POINT ( 'NONE',  ( 28.43500108084743516, 24.22999999999999687, 1.435000000000000053 ) ) ;
#1595 = ORIENTED_EDGE ( 'NONE', *, *, #633, .F. ) ;
#1596 = VERTEX_POINT ( 'NONE', #5642 ) ;
#1597 = DIRECTION ( 'NONE',  ( 1.000000000000000000, 0.000000000000000000, 0.000000000000000000 ) ) ;
#1598 = LINE ( 'NONE', #1656, #3554 ) ;
#1599 = EDGE_CURVE ( 'NONE', #1541, #2675, #152, .T. ) ;
#1600 = CARTESIAN_POINT ( 'NONE',  ( 28.43500108084743516, 6.065764695174149068, -1.594999999999999973 ) ) ;
#1601 = DIRECTION ( 'NONE',  ( 0.000000000000000000, 0.000000000000000000, 1.000000000000000000 ) ) ;
#1602 = EDGE_CURVE ( 'NONE', #4418, #1355, #3803, .T. ) ;
#1603 = VERTEX_POINT ( 'NONE', #4687 ) ;
#1604 = CARTESIAN_POINT ( 'NONE',  ( -53.71459383878946880, 3.030495488455525965, -53.21241844015479927 ) ) ;
#1605 = DIRECTION ( 'NONE',  ( -3.491481338843133355E-15, -1.000000000000000000, -0.000000000000000000 ) ) ;
#1606 = ADVANCED_FACE ( 'NONE', ( #1519 ), #2976, .T. ) ;
#1607 = CARTESIAN_POINT ( 'NONE',  ( 48.39999999999999147, 4.081702296416024043E-14, -42.16000000000002501 ) ) ;
#1608 = DIRECTION ( 'NONE',  ( -1.000000000000000000, -0.000000000000000000, -0.000000000000000000 ) ) ;
#1609 = ORIENTED_EDGE ( 'NONE', *, *, #4726, .F. ) ;
#1610 = DIRECTION ( 'NONE',  ( 0.000000000000000000, 0.000000000000000000, 1.000000000000000000 ) ) ;
#1611 = CARTESIAN_POINT ( 'NONE',  ( 38.40000000000000568, 31.70930462813714001, 8.400000000000000355 ) ) ;
#1612 = CARTESIAN_POINT ( 'NONE',  ( 49.79283748786317432, -0.4612558830354832606, -14.57374543041891357 ) ) ;
#1613 = CIRCLE ( 'NONE', #961, 3.049999999999997602 ) ;
#1614 = ORIENTED_EDGE ( 'NONE', *, *, #273, .F. ) ;
#1615 = CARTESIAN_POINT ( 'NONE',  ( 41.48433734939758466, 34.25623672678270282, -10.60000000000000320 ) ) ;
#1616 = CARTESIAN_POINT ( 'NONE',  ( 44.91535106943926081, 24.41089127436902118, -14.33782612982693472 ) ) ;
#1617 = CARTESIAN_POINT ( 'NONE',  ( 53.75102470626351447, -2.299486330126342182, -51.59619672421496261 ) ) ;
#1618 = CARTESIAN_POINT ( 'NONE',  ( 49.17216342518436534, -3.908854311874983889, -11.12132749291513889 ) ) ;
#1619 = ORIENTED_EDGE ( 'NONE', *, *, #4407, .T. ) ;
#1620 = ORIENTED_EDGE ( 'NONE', *, *, #2968, .F. ) ;
#1621 = CARTESIAN_POINT ( 'NONE',  ( 50.18067135222278097, 1.393460009088042462, -52.92364624120823180 ) ) ;
#1622 = DIRECTION ( 'NONE',  ( 0.000000000000000000, 0.000000000000000000, -1.000000000000000000 ) ) ;
#1623 = CARTESIAN_POINT ( 'NONE',  ( 0.000000000000000000, 0.000000000000000000, -67.11000000000002785 ) ) ;
#1624 = CARTESIAN_POINT ( 'NONE',  ( 27.89577456603146999, 22.41333276010334785, 5.708241146642270003 ) ) ;
#1625 = VERTEX_POINT ( 'NONE', #1132 ) ;
#1626 = AXIS2_PLACEMENT_3D ( 'NONE', #3765, #5060, #1095 ) ;
#1627 = EDGE_CURVE ( 'NONE', #1828, #4780, #4270, .T. ) ;
#1628 = ORIENTED_EDGE ( 'NONE', *, *, #1213, .T. ) ;
#1629 = DIRECTION ( 'NONE',  ( 0.000000000000000000, 0.000000000000000000, 1.000000000000000000 ) ) ;
#1630 = CARTESIAN_POINT ( 'NONE',  ( 1.831077118195029171E-13, 52.70000000000000995, -53.61000000000003496 ) ) ;
#1631 = CIRCLE ( 'NONE', #5472, 1.199999999999999734 ) ;
#1632 = CARTESIAN_POINT ( 'NONE',  ( 20.47000000000000242, -18.00000000000000355, 6.000000000000000000 ) ) ;
#1633 = CIRCLE ( 'NONE', #794, 6.899999999999999467 ) ;
#1634 = FACE_OUTER_BOUND ( 'NONE', #5348, .T. ) ;
#1635 = EDGE_LOOP ( 'NONE', ( #1186, #2251 ) ) ;
#1636 = CARTESIAN_POINT ( 'NONE',  ( -3.000000000000000000, -1.500000000000000000, 8.400000000000000355 ) ) ;
#1637 = CARTESIAN_POINT ( 'NONE',  ( 24.31448544727953731, 23.12026256048810779, 4.794672590312480054 ) ) ;
#1638 = AXIS2_PLACEMENT_3D ( 'NONE', #49, #5524, #3706 ) ;
#1639 = B_SPLINE_CURVE_WITH_KNOTS ( 'NONE', 3,
 ( #2181, #4345, #3971, #767, #313, #1680, #5346, #2152, #1739, #5260, #4002, #1325, #402, #5757, #3028, #344, #2210, #3505, #3561, #5287, #1270, #3063, #3113, #832 ),
 .UNSPECIFIED., .F., .F.,
 ( 4, 2, 2, 2, 2, 2, 2, 2, 2, 2, 2, 4 ),
 ( 5.329392559486756066E-17, 0.0004446561006990690170, 0.0008893122013980847996, 0.001333968302097100853, 0.001778624402796117124, 0.002667936604194148364, 0.003557248805592180037, 0.004446561006990211277, 0.005335873208388242084, 0.006225185409786273757, 0.006669841510485289594, 0.007114497611184304564 ),
 .UNSPECIFIED. ) ;
#1640 = EDGE_CURVE ( 'NONE', #1306, #3345, #1900, .T. ) ;
#1641 = CYLINDRICAL_SURFACE ( 'NONE', #2005, 1.899999999999999023 ) ;
#1642 = CIRCLE ( 'NONE', #2495, 3.900000000000000799 ) ;
#1643 = DIRECTION ( 'NONE',  ( 1.000000000000000000, 0.000000000000000000, 0.000000000000000000 ) ) ;
#1644 = CARTESIAN_POINT ( 'NONE',  ( 53.63955512131787629, -4.177785545644308485, -17.58520766438133265 ) ) ;
#1645 = AXIS2_PLACEMENT_3D ( 'NONE', #3969, #3026, #3943 ) ;
#1646 = CIRCLE ( 'NONE', #3990, 3.900000000000000799 ) ;
#1647 = ORIENTED_EDGE ( 'NONE', *, *, #5231, .T. ) ;
#1648 = CARTESIAN_POINT ( 'NONE',  ( 41.61731698170227389, 34.09459787208180614, -12.01223224355802799 ) ) ;
#1649 = CARTESIAN_POINT ( 'NONE',  ( 42.39999999999999858, 12.68999999999999950, 47.16456800719578979 ) ) ;
#1650 = CARTESIAN_POINT ( 'NONE',  ( -0.7917739856091693396, 53.79453375112492353, -56.56226857449073009 ) ) ;
#1651 = DIRECTION ( 'NONE',  ( 1.000000000000000000, -7.117468379375429201E-15, 0.000000000000000000 ) ) ;
#1652 = EDGE_LOOP ( 'NONE', ( #3736, #1294, #5009, #1330 ) ) ;
#1653 = ORIENTED_EDGE ( 'NONE', *, *, #2434, .T. ) ;
#1654 = ORIENTED_EDGE ( 'NONE', *, *, #730, .T. ) ;
#1655 = CARTESIAN_POINT ( 'NONE',  ( 50.18490664098707299, 1.239192717316352166, -54.56278691323199581 ) ) ;
#1656 = CARTESIAN_POINT ( 'NONE',  ( 32.86999999999999744, -18.00000000000000355, 6.000000000000000000 ) ) ;
#1657 = DIRECTION ( 'NONE',  ( 0.000000000000000000, 0.000000000000000000, 1.000000000000000000 ) ) ;
#1658 = CARTESIAN_POINT ( 'NONE',  ( 48.39999999999999858, 5.927290507873189217E-15, -45.12002512578678193 ) ) ;
#1659 = VERTEX_POINT ( 'NONE', #5185 ) ;
#1660 = ORIENTED_EDGE ( 'NONE', *, *, #2163, .F. ) ;
#1661 = CARTESIAN_POINT ( 'NONE',  ( -53.79999999999999716, 1.171695102524768835E-23, -56.66000000000003212 ) ) ;
#1662 = CARTESIAN_POINT ( 'NONE',  ( -0.1987155847284483023, 53.80000928927501036, -50.55983614322544639 ) ) ;
#1663 = CARTESIAN_POINT ( 'NONE',  ( 50.19426895761090890, -0.7811068920770924962, -54.96393156807653924 ) ) ;
#1664 = CARTESIAN_POINT ( 'NONE',  ( -0.2031291528777758315, 50.20000525809249581, -55.16017029440980224 ) ) ;
#1665 = ORIENTED_EDGE ( 'NONE', *, *, #3300, .T. ) ;
#1666 = CARTESIAN_POINT ( 'NONE',  ( 24.31736568433986534, 24.84272776651148718, 6.000000000000000000 ) ) ;
#1667 = CARTESIAN_POINT ( 'NONE',  ( 24.62514831048427411, 22.95723347683051685, 4.405605557927727567 ) ) ;
#1668 = ADVANCED_FACE ( 'NONE', ( #3856 ), #2915, .F. ) ;
#1669 = CARTESIAN_POINT ( 'NONE',  ( -27.43999999999999773, -18.00000000000000000, 0.000000000000000000 ) ) ;
#1670 = VECTOR ( 'NONE', #4683, 1000.000000000000000 ) ;
#1671 = CARTESIAN_POINT ( 'NONE',  ( 0.000000000000000000, 0.000000000000000000, -219.2793793113450533 ) ) ;
#1672 = DIRECTION ( 'NONE',  ( -0.000000000000000000, -0.000000000000000000, 1.000000000000000000 ) ) ;
#1673 = ORIENTED_EDGE ( 'NONE', *, *, #2334, .F. ) ;
#1674 = VERTEX_POINT ( 'NONE', #1191 ) ;
#1675 = ADVANCED_FACE ( 'NONE', ( #2865 ), #4299, .F. ) ;
#1676 = CARTESIAN_POINT ( 'NONE',  ( 43.25417902726188402, 29.52089680579124931, -13.07570367800257749 ) ) ;
#1677 = AXIS2_PLACEMENT_3D ( 'NONE', #786, #362, #3016 ) ;
#1678 = EDGE_CURVE ( 'NONE', #276, #5401, #2890, .T. ) ;
#1679 = CARTESIAN_POINT ( 'NONE',  ( 28.17000000000000171, -18.00000000000000355, 3.000000000000000000 ) ) ;
#1680 = CARTESIAN_POINT ( 'NONE',  ( 48.39030663564510348, -0.9769864450664311750, -41.84228896201163650 ) ) ;
#1681 = AXIS2_PLACEMENT_3D ( 'NONE', #4045, #3551, #3986 ) ;
#1682 = ORIENTED_EDGE ( 'NONE', *, *, #4038, .T. ) ;
#1683 = ORIENTED_EDGE ( 'NONE', *, *, #3380, .F. ) ;
#1684 = EDGE_LOOP ( 'NONE', ( #5783, #3781, #1591, #361 ) ) ;
#1685 = DIRECTION ( 'NONE',  ( -1.000000000000000000, 0.000000000000000000, 0.000000000000000000 ) ) ;
#1686 = DIRECTION ( 'NONE',  ( 0.000000000000000000, -0.000000000000000000, 1.000000000000000000 ) ) ;
#1687 = AXIS2_PLACEMENT_3D ( 'NONE', #3309, #1868, #561 ) ;
#1688 = AXIS2_PLACEMENT_3D ( 'NONE', #2284, #4160, #3632 ) ;
#1689 = LINE ( 'NONE', #2602, #3495 ) ;
#1690 = ORIENTED_EDGE ( 'NONE', *, *, #3511, .T. ) ;
#1691 = CARTESIAN_POINT ( 'NONE',  ( 27.99795409539991553, 22.34935507712674507, 2.999999999999999556 ) ) ;
#1692 = ORIENTED_EDGE ( 'NONE', *, *, #1573, .T. ) ;
#1693 = VERTEX_POINT ( 'NONE', #3341 ) ;
#1694 = DIRECTION ( 'NONE',  ( -0.000000000000000000, -0.000000000000000000, -1.000000000000000000 ) ) ;
#1695 = DIRECTION ( 'NONE',  ( 1.000000000000000000, 0.000000000000000000, 0.000000000000000000 ) ) ;
#1696 = CARTESIAN_POINT ( 'NONE',  ( 50.19117139170717934, -0.9522459617310601310, -52.37041671158176825 ) ) ;
#1697 = PRODUCT ( 'Box_BRw_players', 'Box_BRw_players', '', ( #1048 ) ) ;
#1698 = DIRECTION ( 'NONE',  ( -0.000000000000000000, -0.000000000000000000, 1.000000000000000000 ) ) ;
#1699 = VERTEX_POINT ( 'NONE', #4660 ) ;
#1700 = ADVANCED_FACE ( 'NONE', ( #5617 ), #4805, .F. ) ;
#1701 = DIRECTION ( 'NONE',  ( -1.000000000000000000, 0.000000000000000000, 0.000000000000000000 ) ) ;
#1702 = CARTESIAN_POINT ( 'NONE',  ( -38.18440642122230599, 25.65055762081824042, 7.599999999999998757 ) ) ;
#1703 = DIRECTION ( 'NONE',  ( 0.000000000000000000, -1.000000000000000000, 0.000000000000000000 ) ) ;
#1704 = DIRECTION ( 'NONE',  ( 0.000000000000000000, 0.000000000000000000, 1.000000000000000000 ) ) ;
#1705 = FACE_OUTER_BOUND ( 'NONE', #2131, .T. ) ;
#1706 = ORIENTED_EDGE ( 'NONE', *, *, #5786, .F. ) ;
#1707 = CARTESIAN_POINT ( 'NONE',  ( 42.63622902433881734, 31.12884287069396905, -11.96783500117027721 ) ) ;
#1708 = CARTESIAN_POINT ( 'NONE',  ( -27.43999999999999773, -18.00000000000000000, 6.000000000000000000 ) ) ;
#1709 = LINE ( 'NONE', #2561, #411 ) ;
#1710 = CARTESIAN_POINT ( 'NONE',  ( 24.00000000000000000, 26.00000000000000000, 6.000000000000000000 ) ) ;
#1711 = CIRCLE ( 'NONE', #4520, 1.000000000000000000 ) ;
#1712 = ORIENTED_EDGE ( 'NONE', *, *, #702, .T. ) ;
#1713 = EDGE_CURVE ( 'NONE', #3859, #4792, #1992, .T. ) ;
#1714 = CARTESIAN_POINT ( 'NONE',  ( 25.23693650798091070, 25.46240662203116045, 5.999999999999999112 ) ) ;
#1715 = CARTESIAN_POINT ( 'NONE',  ( 0.000000000000000000, 0.000000000000000000, 6.000000000000000000 ) ) ;
#1716 = TOROIDAL_SURFACE ( 'NONE', #292, 7.699999999999997513, 3.000000000000000000 ) ;
#1717 = CARTESIAN_POINT ( 'NONE',  ( -27.43999999999999773, -18.00000000000000000, 6.000000000000000000 ) ) ;
#1718 = ORIENTED_EDGE ( 'NONE', *, *, #856, .F. ) ;
#1719 = EDGE_CURVE ( 'NONE', #1948, #4857, #4995, .T. ) ;
#1720 = DIRECTION ( 'NONE',  ( 3.491481338843133355E-15, 1.000000000000000000, -0.000000000000000000 ) ) ;
#1721 = ORIENTED_EDGE ( 'NONE', *, *, #3690, .T. ) ;
#1722 = VERTEX_POINT ( 'NONE', #378 ) ;
#1723 = DIRECTION ( 'NONE',  ( 0.000000000000000000, 0.000000000000000000, 1.000000000000000000 ) ) ;
#1724 = CYLINDRICAL_SURFACE ( 'NONE', #3617, 1.000000000000000888 ) ;
#1725 = EDGE_CURVE ( 'NONE', #230, #1022, #2160, .T. ) ;
#1726 = CARTESIAN_POINT ( 'NONE',  ( 53.81121645298017597, -3.323580485763701020, -12.76620887048552078 ) ) ;
#1727 = DIRECTION ( 'NONE',  ( -1.000000000000000000, 0.000000000000000000, -0.000000000000000000 ) ) ;
#1728 = VERTEX_POINT ( 'NONE', #4352 ) ;
#1729 = CARTESIAN_POINT ( 'NONE',  ( 24.43936747250565489, 22.57574695592096248, 3.393941190305419742 ) ) ;
#1730 = CARTESIAN_POINT ( 'NONE',  ( 40.00000000000000000, 0.000000000000000000, -17.00000000000000000 ) ) ;
#1731 = DIRECTION ( 'NONE',  ( -2.775557561562890735E-17, 8.326672684688676518E-17, 1.000000000000000000 ) ) ;
#1732 = CARTESIAN_POINT ( 'NONE',  ( 51.79999999999996874, 1.387778780781448200E-14, -37.06000000000003070 ) ) ;
#1733 = ORIENTED_EDGE ( 'NONE', *, *, #997, .T. ) ;
#1734 = CARTESIAN_POINT ( 'NONE',  ( -4.599999999999996980, 6.848053665376141019, 8.400000000000000355 ) ) ;
#1735 = AXIS2_PLACEMENT_3D ( 'NONE', #557, #3333, #3712 ) ;
#1736 = CYLINDRICAL_SURFACE ( 'NONE', #1838, 4.699999999999995737 ) ;
#1737 = EDGE_CURVE ( 'NONE', #4888, #4133, #3023, .T. ) ;
#1738 = CARTESIAN_POINT ( 'NONE',  ( 2.894401434845591758, 53.72213989742382267, -54.59231894394975626 ) ) ;
#1739 = CARTESIAN_POINT ( 'NONE',  ( 48.37960120991910173, -1.407672203934209998, -41.42886019092589578 ) ) ;
#1740 = CIRCLE ( 'NONE', #314, 53.79999999999999716 ) ;
#1741 = ORIENTED_EDGE ( 'NONE', *, *, #1547, .F. ) ;
#1742 = VECTOR ( 'NONE', #5787, 1000.000000000000000 ) ;
#1743 = LINE ( 'NONE', #3481, #599 ) ;
#1744 = CARTESIAN_POINT ( 'NONE',  ( -31.10000000000000142, 24.00000000000000000, 6.000000000000000000 ) ) ;
#1745 = VECTOR ( 'NONE', #1758, 1000.000000000000000 ) ;
#1746 = AXIS2_PLACEMENT_3D ( 'NONE', #2052, #845, #1165 ) ;
#1747 = EDGE_CURVE ( 'NONE', #2767, #1693, #3397, .T. ) ;
#1748 = CARTESIAN_POINT ( 'NONE',  ( 17.80000000000000071, 26.00000000000000000, 8.400000000000000355 ) ) ;
#1749 = VERTEX_POINT ( 'NONE', #2187 ) ;
#1750 =( GEOMETRIC_REPRESENTATION_CONTEXT ( 3 ) GLOBAL_UNCERTAINTY_ASSIGNED_CONTEXT ( ( #4869 ) ) GLOBAL_UNIT_ASSIGNED_CONTEXT ( ( #2772, #5133, #1487 ) ) REPRESENTATION_CONTEXT ( 'NONE', 'WORKASPACE' ) );
#1751 = AXIS2_PLACEMENT_3D ( 'NONE', #5788, #1772, #374 ) ;
#1752 = CYLINDRICAL_SURFACE ( 'NONE', #5661, 8.500000000000000000 ) ;
#1753 = ORIENTED_EDGE ( 'NONE', *, *, #516, .F. ) ;
#1754 = VERTEX_POINT ( 'NONE', #3951 ) ;
#1755 = B_SPLINE_CURVE_WITH_KNOTS ( 'NONE', 3,
 ( #3523, #4868, #5778, #1762, #4, #5335 ),
 .UNSPECIFIED., .F., .F.,
 ( 4, 2, 4 ),
 ( 0.000000000000000000, 0.5000000000000000000, 1.000000000000000000 ),
 .UNSPECIFIED. ) ;
#1756 = CARTESIAN_POINT ( 'NONE',  ( -53.76795003919009730, 1.864203957531944233, -51.18773810431786586 ) ) ;
#1757 = EDGE_CURVE ( 'NONE', #1955, #5077, #3207, .T. ) ;
#1758 = DIRECTION ( 'NONE',  ( -0.000000000000000000, -0.000000000000000000, -1.000000000000000000 ) ) ;
#1759 = EDGE_CURVE ( 'NONE', #5789, #3972, #1333, .T. ) ;
#1760 = DIRECTION ( 'NONE',  ( 1.000000000000000000, -0.000000000000000000, 0.000000000000000000 ) ) ;
#1761 = ORIENTED_EDGE ( 'NONE', *, *, #5577, .F. ) ;
#1762 = CARTESIAN_POINT ( 'NONE',  ( 24.75311782599384713, 25.03641655800457499, 6.000000000000000888 ) ) ;
#1763 = CARTESIAN_POINT ( 'NONE',  ( 24.16893083894748528, 24.15739600541654752, 5.718992394148186165 ) ) ;
#1764 = CARTESIAN_POINT ( 'NONE',  ( 42.39999999999999858, 6.479978257547243103, -8.009213562373094675 ) ) ;
#1765 = CYLINDRICAL_SURFACE ( 'NONE', #1933, 51.39999999999999858 ) ;
#1766 = CARTESIAN_POINT ( 'NONE',  ( 53.75782362614439336, -2.145953510112066365, -18.33644854670938074 ) ) ;
#1767 = ORIENTED_EDGE ( 'NONE', *, *, #5192, .T. ) ;
#1768 = CARTESIAN_POINT ( 'NONE',  ( 49.54625731030910885, 21.02771545619762961, -14.86666937932497667 ) ) ;
#1769 = CARTESIAN_POINT ( 'NONE',  ( 41.48433734939760598, 34.25623672678275256, -10.81924075072072000 ) ) ;
#1770 = EDGE_CURVE ( 'NONE', #3646, #3516, #1711, .T. ) ;
#1771 = DIRECTION ( 'NONE',  ( 1.000000000000000000, 0.000000000000000000, 0.000000000000000000 ) ) ;
#1772 = DIRECTION ( 'NONE',  ( -0.000000000000000000, -0.000000000000000000, -1.000000000000000000 ) ) ;
#1773 = VERTEX_POINT ( 'NONE', #3919 ) ;
#1774 = VERTEX_POINT ( 'NONE', #1748 ) ;
#1775 = AXIS2_PLACEMENT_3D ( 'NONE', #2914, #5614, #3918 ) ;
#1776 = LINE ( 'NONE', #2677, #3050 ) ;
#1777 = CARTESIAN_POINT ( 'NONE',  ( 42.39999999999999858, 0.06576469517414959554, -10.59999999999999787 ) ) ;
#1778 = CARTESIAN_POINT ( 'NONE',  ( 51.79999999999999005, -1.387778780781442836E-14, -42.16000000000002501 ) ) ;
#1779 = VECTOR ( 'NONE', #2846, 1000.000000000000000 ) ;
#1780 = ORIENTED_EDGE ( 'NONE', *, *, #1963, .F. ) ;
#1781 = FACE_OUTER_BOUND ( 'NONE', #2648, .T. ) ;
#1782 = ORIENTED_EDGE ( 'NONE', *, *, #2864, .T. ) ;
#1783 = EDGE_CURVE ( 'NONE', #3713, #1874, #807, .T. ) ;
#1784 = CIRCLE ( 'NONE', #4217, 0.9999999999999991118 ) ;
#1785 = CIRCLE ( 'NONE', #5068, 3.049999999999997158 ) ;
#1786 = CARTESIAN_POINT ( 'NONE',  ( -53.79525199591822826, 0.8034275463213264024, -50.64102624651251006 ) ) ;
#1787 = DIRECTION ( 'NONE',  ( 1.000000000000000000, 0.000000000000000000, 0.000000000000000000 ) ) ;
#1788 = CARTESIAN_POINT ( 'NONE',  ( 1.831077118195028666E-13, 52.70000000000000284, -53.61000000000003496 ) ) ;
#1789 = ORIENTED_EDGE ( 'NONE', *, *, #185, .T. ) ;
#1790 = EDGE_CURVE ( 'NONE', #1569, #1057, #5272, .T. ) ;
#1791 = CARTESIAN_POINT ( 'NONE',  ( 24.90987560040008830, 22.79948508747904867, 3.761143922844979670 ) ) ;
#1792 = CARTESIAN_POINT ( 'NONE',  ( 24.41024769831244257, 23.53667136378643221, 5.227715307868523453 ) ) ;
#1793 = CARTESIAN_POINT ( 'NONE',  ( 41.98578643762691343, 6.065764695174149068, -7.594999999999999751 ) ) ;
#1794 = CARTESIAN_POINT ( 'NONE',  ( 2.029210133258630245E-15, -6.087630399775893892E-15, -42.16000000000002501 ) ) ;
#1795 = VERTEX_POINT ( 'NONE', #5765 ) ;
#1796 = CARTESIAN_POINT ( 'NONE',  ( 43.93705338926121584, 31.07107120566169911, -13.97609225612588801 ) ) ;
#1797 = DIRECTION ( 'NONE',  ( -0.000000000000000000, -0.000000000000000000, 1.000000000000000000 ) ) ;
#1798 = B_SPLINE_CURVE_WITH_KNOTS ( 'NONE', 3,
 ( #5785, #1769, #2818, #2268, #515, #70, #2785, #2357, #2752, #1882, #4112, #4521, #4936, #3613, #2328, #5424, #481, #572, #971, #5488, #2386, #4552, #4491, #3670, #4052, #3140 ),
 .UNSPECIFIED., .F., .F.,
 ( 4, 2, 2, 2, 2, 2, 2, 2, 2, 2, 2, 2, 4 ),
 ( 0.000000000000000000, 0.0006573525819223186451, 0.001314705163844637290, 0.002629410327689273279, 0.003944115491533909702, 0.005258820655378546559, 0.006573525819223182548, 0.007888230983067822874, 0.01051764131075708791, 0.01314705163844635816, 0.01577646196613562493, 0.01840587229382489171, 0.02103528262151415848 ),
 .UNSPECIFIED. ) ;
#1799 = DIRECTION ( 'NONE',  ( 1.000000000000000000, 0.000000000000000000, 0.000000000000000000 ) ) ;
#1800 = CARTESIAN_POINT ( 'NONE',  ( 24.36547746152596972, 22.54104522860005488, 3.000000000000000444 ) ) ;
#1801 = EDGE_CURVE ( 'NONE', #521, #3136, #4150, .T. ) ;
#1802 = EDGE_LOOP ( 'NONE', ( #2512, #3362 ) ) ;
#1803 = ORIENTED_EDGE ( 'NONE', *, *, #2158, .T. ) ;
#1804 = DIRECTION ( 'NONE',  ( -0.000000000000000000, -0.000000000000000000, 1.000000000000000000 ) ) ;
#1805 = DIRECTION ( 'NONE',  ( 3.491481338843133355E-15, 1.000000000000000000, -0.000000000000000000 ) ) ;
#1806 = LINE ( 'NONE', #3625, #1148 ) ;
#1807 = ORIENTED_EDGE ( 'NONE', *, *, #3547, .F. ) ;
#1808 = CARTESIAN_POINT ( 'NONE',  ( 41.39999999999999858, 22.18000000000000327, 2.095000000000000195 ) ) ;
#1809 = ORIENTED_EDGE ( 'NONE', *, *, #5326, .T. ) ;
#1810 = FACE_BOUND ( 'NONE', #4979, .T. ) ;
#1811 = DIRECTION ( 'NONE',  ( 0.000000000000000000, 0.000000000000000000, 1.000000000000000000 ) ) ;
#1812 = FACE_BOUND ( 'NONE', #4971, .T. ) ;
#1813 = EDGE_LOOP ( 'NONE', ( #4155, #3502, #3064, #4970 ) ) ;
#1814 = LINE ( 'NONE', #3603, #2988 ) ;
#1815 = CARTESIAN_POINT ( 'NONE',  ( 24.01798187507082716, 23.50535036946046574, 5.263198964177506767 ) ) ;
#1816 = CARTESIAN_POINT ( 'NONE',  ( -1.550000000000526068, -50.17606501111858108, -53.61000000000003496 ) ) ;
#1817 = CARTESIAN_POINT ( 'NONE',  ( -0.7798382368216341121, 50.19428905513360917, -52.25533312174822242 ) ) ;
#1818 = CARTESIAN_POINT ( 'NONE',  ( 51.76907685850368779, -1.791558806647706614, -38.43579295200757429 ) ) ;
#1819 = VERTEX_POINT ( 'NONE', #1303 ) ;
#1820 = TOROIDAL_SURFACE ( 'NONE', #2940, 52.20000000000000284, 2.000000000000000000 ) ;
#1821 = CARTESIAN_POINT ( 'NONE',  ( 43.51487852093168129, 28.79913543137643828, -13.37421970382120584 ) ) ;
#1822 = DIRECTION ( 'NONE',  ( 0.000000000000000000, 0.000000000000000000, 1.000000000000000000 ) ) ;
#1823 = EDGE_CURVE ( 'NONE', #3176, #1588, #1689, .T. ) ;
#1824 = DIRECTION ( 'NONE',  ( 0.000000000000000000, 0.000000000000000000, 1.000000000000000000 ) ) ;
#1825 = DIRECTION ( 'NONE',  ( 0.000000000000000000, -1.000000000000000000, 0.000000000000000000 ) ) ;
#1826 = AXIS2_PLACEMENT_3D ( 'NONE', #1292, #877, #3938 ) ;
#1827 = VERTEX_POINT ( 'NONE', #4443 ) ;
#1828 = VERTEX_POINT ( 'NONE', #3512 ) ;
#1829 = CARTESIAN_POINT ( 'NONE',  ( 2.029210133258630245E-15, -6.087630399775893892E-15, -37.06000000000003070 ) ) ;
#1830 = DIRECTION ( 'NONE',  ( -0.000000000000000000, -0.000000000000000000, -1.000000000000000000 ) ) ;
#1831 = AXIS2_PLACEMENT_3D ( 'NONE', #2458, #5613, #1597 ) ;
#1832 = VECTOR ( 'NONE', #395, 1000.000000000000000 ) ;
#1833 = LINE ( 'NONE', #2308, #4061 ) ;
#1834 = CARTESIAN_POINT ( 'NONE',  ( 53.79893754083262536, -0.9783661660094060686, -14.46667493589837683 ) ) ;
#1835 = DIRECTION ( 'NONE',  ( 0.000000000000000000, 0.000000000000000000, -1.000000000000000000 ) ) ;
#1836 = EDGE_CURVE ( 'NONE', #749, #1451, #1613, .T. ) ;
#1837 = ORIENTED_EDGE ( 'NONE', *, *, #4905, .F. ) ;
#1838 = AXIS2_PLACEMENT_3D ( 'NONE', #1708, #5810, #4878 ) ;
#1839 = AXIS2_PLACEMENT_3D ( 'NONE', #723, #3046, #2610 ) ;
#1840 = CARTESIAN_POINT ( 'NONE',  ( 0.000000000000000000, 0.000000000000000000, 6.000000000000000000 ) ) ;
#1841 = CYLINDRICAL_SURFACE ( 'NONE', #4180, 8.500000000000000000 ) ;
#1842 = AXIS2_PLACEMENT_3D ( 'NONE', #2508, #2395, #5584 ) ;
#1843 = CARTESIAN_POINT ( 'NONE',  ( 5.500000000000000888, -1.500000000000000000, -10.86772065218060312 ) ) ;
#1844 = EDGE_LOOP ( 'NONE', ( #3879, #3115 ) ) ;
#1845 = FACE_BOUND ( 'NONE', #1635, .T. ) ;
#1846 = DIRECTION ( 'NONE',  ( -0.000000000000000000, -0.000000000000000000, -1.000000000000000000 ) ) ;
#1847 = AXIS2_PLACEMENT_3D ( 'NONE', #1227, #783, #1198 ) ;
#1848 = DIRECTION ( 'NONE',  ( -0.000000000000000000, -0.000000000000000000, -1.000000000000000000 ) ) ;
#1849 = CARTESIAN_POINT ( 'NONE',  ( 28.17000000000000171, -18.00000000000000355, 6.000000000000000000 ) ) ;
#1850 = ORIENTED_EDGE ( 'NONE', *, *, #81, .F. ) ;
#1851 = CARTESIAN_POINT ( 'NONE',  ( 42.75515240545131235, 32.65673825215485238, -14.77912233315291068 ) ) ;
#1852 = EDGE_CURVE ( 'NONE', #1153, #2266, #4007, .T. ) ;
#1853 = CARTESIAN_POINT ( 'NONE',  ( 25.20507874095172696, 22.81813327818701609, 3.052486791751432005 ) ) ;
#1854 = CARTESIAN_POINT ( 'NONE',  ( -9.099999999999999645, 0.000000000000000000, -10.86772065218060312 ) ) ;
#1855 = CARTESIAN_POINT ( 'NONE',  ( -27.43999999999999773, -18.00000000000000000, 6.000000000000000000 ) ) ;
#1856 = ADVANCED_FACE ( 'NONE', ( #2218 ), #3449, .F. ) ;
#1857 = EDGE_LOOP ( 'NONE', ( #4023, #2475 ) ) ;
#1858 = ORIENTED_EDGE ( 'NONE', *, *, #2163, .T. ) ;
#1859 = CARTESIAN_POINT ( 'NONE',  ( 53.71459383878946170, 3.030495488455526853, -54.00758155984527775 ) ) ;
#1860 = ADVANCED_FACE ( 'NONE', ( #1276 ), #2569, .F. ) ;
#1861 = CARTESIAN_POINT ( 'NONE',  ( -0.7915858628698793087, -53.79452940381614212, -50.65781418379092571 ) ) ;
#1862 = DIRECTION ( 'NONE',  ( -0.000000000000000000, -0.000000000000000000, 1.000000000000000000 ) ) ;
#1863 = CARTESIAN_POINT ( 'NONE',  ( 53.30652288608646217, -7.271863941303265300, -14.82733972102075981 ) ) ;
#1864 = DIRECTION ( 'NONE',  ( 0.000000000000000000, 0.000000000000000000, 1.000000000000000000 ) ) ;
#1865 = ORIENTED_EDGE ( 'NONE', *, *, #2366, .T. ) ;
#1866 = ORIENTED_EDGE ( 'NONE', *, *, #5731, .T. ) ;
#1867 = CARTESIAN_POINT ( 'NONE',  ( 25.04783552375969435, 25.04391262903387982, 5.923130217095588179 ) ) ;
#1868 = DIRECTION ( 'NONE',  ( 1.047444401652940007E-14, 1.000000000000000000, -0.000000000000000000 ) ) ;
#1869 = DIRECTION ( 'NONE',  ( 0.000000000000000000, 0.000000000000000000, 1.000000000000000000 ) ) ;
#1870 = CIRCLE ( 'NONE', #5153, 1.000000000000000888 ) ;
#1871 = DIRECTION ( 'NONE',  ( -0.000000000000000000, -0.000000000000000000, 1.000000000000000000 ) ) ;
#1872 = AXIS2_PLACEMENT_3D ( 'NONE', #3225, #1903, #3693 ) ;
#1873 = CIRCLE ( 'NONE', #3563, 3.049999999999997158 ) ;
#1874 = VERTEX_POINT ( 'NONE', #3006 ) ;
#1875 = CARTESIAN_POINT ( 'NONE',  ( -50.20000000000000284, -8.933547375302734704E-16, -52.06000000000003070 ) ) ;
#1876 = CARTESIAN_POINT ( 'NONE',  ( -0.6863537718239866026, -50.19539545692821036, -52.21653999709683802 ) ) ;
#1877 = CARTESIAN_POINT ( 'NONE',  ( -1.470756994300917109, 50.17846539137956086, -53.11030233441299941 ) ) ;
#1878 = EDGE_CURVE ( 'NONE', #5631, #902, #3114, .T. ) ;
#1879 = CARTESIAN_POINT ( 'NONE',  ( -50.17757949475504375, -1.500302230647192259, -54.01223972098498649 ) ) ;
#1880 = ORIENTED_EDGE ( 'NONE', *, *, #3667, .T. ) ;
#1881 = CARTESIAN_POINT ( 'NONE',  ( 42.86040486530539795, 30.56031553137507473, -12.46515257121634868 ) ) ;
#1882 = CARTESIAN_POINT ( 'NONE',  ( 42.55558048318133757, 32.91723244744019894, -14.47522763610955820 ) ) ;
#1883 = CARTESIAN_POINT ( 'NONE',  ( -4.997679776475233030E-16, -3.934235304825844715, 47.16456800719578979 ) ) ;
#1884 = CARTESIAN_POINT ( 'NONE',  ( 41.39999999999999858, 13.69000000000000128, 2.094999999999999751 ) ) ;
#1885 = VERTEX_POINT ( 'NONE', #4856 ) ;
#1886 = VERTEX_POINT ( 'NONE', #774 ) ;
#1887 = CARTESIAN_POINT ( 'NONE',  ( 53.71895489966333770, 2.952185828237176235, -52.81841419518600134 ) ) ;
#1888 = CARTESIAN_POINT ( 'NONE',  ( 0.3975816268234529938, -53.79888398395901561, -50.57950451841421113 ) ) ;
#1889 = PLANE ( 'NONE',  #11 ) ;
#1890 = CARTESIAN_POINT ( 'NONE',  ( 53.83370686687990769, -3.693379544135621195, -11.99932900828614990 ) ) ;
#1891 = EDGE_CURVE ( 'NONE', #166, #2611, #5743, .T. ) ;
#1892 = CARTESIAN_POINT ( 'NONE',  ( 24.34213163913139866, 22.53008108944127130, 3.000000000000000000 ) ) ;
#1893 = VERTEX_POINT ( 'NONE', #2732 ) ;
#1894 = VERTEX_POINT ( 'NONE', #2365 ) ;
#1895 = CARTESIAN_POINT ( 'NONE',  ( 25.29971199605590471, 23.87215298390209384, 5.263298010091965295 ) ) ;
#1896 = FACE_OUTER_BOUND ( 'NONE', #865, .T. ) ;
#1897 = ADVANCED_FACE ( 'NONE', ( #2276 ), #1889, .F. ) ;
#1898 = PRESENTATION_STYLE_ASSIGNMENT (( #4569 ) ) ;
#1899 = CARTESIAN_POINT ( 'NONE',  ( 15.19999999999999929, 26.00000000000000000, 6.000000000000000000 ) ) ;
#1900 = CIRCLE ( 'NONE', #3019, 50.20000000000000284 ) ;
#1901 = AXIS2_PLACEMENT_3D ( 'NONE', #2232, #3636, #64 ) ;
#1902 = ORIENTED_EDGE ( 'NONE', *, *, #5650, .T. ) ;
#1903 = DIRECTION ( 'NONE',  ( 1.000000000000000000, -0.000000000000000000, -0.000000000000000000 ) ) ;
#1904 = CARTESIAN_POINT ( 'NONE',  ( 1.023651667399066101, -50.18961311190834351, -54.77827735897011507 ) ) ;
#1905 = CARTESIAN_POINT ( 'NONE',  ( 42.39999999999999858, 33.11615919758811799, -10.59999999999999787 ) ) ;
#1906 = CARTESIAN_POINT ( 'NONE',  ( -50.17638239969372194, -1.539818176101277025, -53.81411653772077841 ) ) ;
#1907 = PRODUCT_DEFINITION ( 'UNKNOWN', '', #4932, #1076 ) ;
#1908 = ORIENTED_EDGE ( 'NONE', *, *, #1627, .F. ) ;
#1909 = CARTESIAN_POINT ( 'NONE',  ( -53.72212302410492413, -2.894710884842066179, -54.59136991608671252 ) ) ;
#1910 = CARTESIAN_POINT ( 'NONE',  ( 25.49165621434088536, 22.86706941527753756, 3.000000000000001776 ) ) ;
#1911 = DIRECTION ( 'NONE',  ( 1.000000000000000000, 0.000000000000000000, 0.000000000000000000 ) ) ;
#1912 = DIRECTION ( 'NONE',  ( 0.000000000000000000, 0.000000000000000000, -1.000000000000000000 ) ) ;
#1913 = B_SPLINE_CURVE_WITH_KNOTS ( 'NONE', 3,
 ( #2964, #5500, #4593, #621, #2369, #2429, #4563, #4758, #729, #1892 ),
 .UNSPECIFIED., .F., .F.,
 ( 4, 2, 2, 2, 4 ),
 ( 0.000000000000000000, 0.2500000000000000000, 0.5000000000000000000, 0.7500000000000000000, 1.000000000000000000 ),
 .UNSPECIFIED. ) ;
#1914 = ORIENTED_EDGE ( 'NONE', *, *, #1737, .T. ) ;
#1915 = ORIENTED_EDGE ( 'NONE', *, *, #4726, .T. ) ;
#1916 = CARTESIAN_POINT ( 'NONE',  ( 53.74532036108738708, 2.427501780650369589, -55.46725432215538376 ) ) ;
#1917 = EDGE_CURVE ( 'NONE', #3031, #5587, #4034, .T. ) ;
#1918 = CARTESIAN_POINT ( 'NONE',  ( -2.952696142444957594, -53.71892693970369947, -52.81989564692589312 ) ) ;
#1919 = FACE_OUTER_BOUND ( 'NONE', #4656, .T. ) ;
#1920 = AXIS2_PLACEMENT_3D ( 'NONE', #4814, #5658, #3965 ) ;
#1921 = CARTESIAN_POINT ( 'NONE',  ( 53.84032695402608937, -3.765324319340938697, -11.78138018530495934 ) ) ;
#1922 = CARTESIAN_POINT ( 'NONE',  ( 8.354123777873128646E-18, 0.06576469517415549360, -14.60000000000000142 ) ) ;
#1923 = ORIENTED_EDGE ( 'NONE', *, *, #5105, .F. ) ;
#1924 = ORIENTED_EDGE ( 'NONE', *, *, #3271, .F. ) ;
#1925 = CARTESIAN_POINT ( 'NONE',  ( 24.67695029360450576, 24.17440428860260226, 5.681499774327103403 ) ) ;
#1926 = CARTESIAN_POINT ( 'NONE',  ( 46.39999999999999858, 0.06576469517414959554, -10.59999999999999787 ) ) ;
#1927 = DIRECTION ( 'NONE',  ( 1.000000000000000000, 0.000000000000000000, 0.000000000000000000 ) ) ;
#1928 = EDGE_CURVE ( 'NONE', #3038, #1773, #1806, .T. ) ;
#1929 = CARTESIAN_POINT ( 'NONE',  ( 23.40515690906910251, 24.93088735588823823, 6.000000000000000000 ) ) ;
#1930 = AXIS2_PLACEMENT_3D ( 'NONE', #2669, #4435, #3059 ) ;
#1931 = AXIS2_PLACEMENT_3D ( 'NONE', #5094, #2039, #5609 ) ;
#1932 = CARTESIAN_POINT ( 'NONE',  ( 46.39999999999999858, 0.06576469517414959554, -7.594999999999999751 ) ) ;
#1933 = AXIS2_PLACEMENT_3D ( 'NONE', #4960, #2693, #3555 ) ;
#1934 = EDGE_CURVE ( 'NONE', #3320, #1773, #4431, .T. ) ;
#1935 = ADVANCED_FACE ( 'NONE', ( #1919 ), #3710, .T. ) ;
#1936 = ORIENTED_EDGE ( 'NONE', *, *, #886, .F. ) ;
#1937 = DIRECTION ( 'NONE',  ( -1.000000000000000000, 0.000000000000000000, 0.000000000000000000 ) ) ;
#1938 = AXIS2_PLACEMENT_3D ( 'NONE', #3295, #3893, #781 ) ;
#1939 = AXIS2_PLACEMENT_3D ( 'NONE', #4827, #1601, #1221 ) ;
#1940 = DIRECTION ( 'NONE',  ( -1.000000000000000000, 0.000000000000000000, 0.000000000000000000 ) ) ;
#1941 = FACE_OUTER_BOUND ( 'NONE', #4644, .T. ) ;
#1942 = FACE_OUTER_BOUND ( 'NONE', #1207, .T. ) ;
#1943 = ORIENTED_EDGE ( 'NONE', *, *, #2038, .F. ) ;
#1944 = CARTESIAN_POINT ( 'NONE',  ( 15.19999999999999929, 26.00000000000000000, 8.400000000000000355 ) ) ;
#1945 = CARTESIAN_POINT ( 'NONE',  ( 25.03308035755271987, 22.77827585087928952, 3.102048211652854715 ) ) ;
#1946 = CARTESIAN_POINT ( 'NONE',  ( -1.529272690582173855, -53.77851483160742418, -56.25637898865192454 ) ) ;
#1947 = CARTESIAN_POINT ( 'NONE',  ( 27.84761814649302991, 22.43903333395164523, 3.000000000000000444 ) ) ;
#1948 = VERTEX_POINT ( 'NONE', #891 ) ;
#1949 = EDGE_LOOP ( 'NONE', ( #2815, #5120, #3185, #1007 ) ) ;
#1950 = CARTESIAN_POINT ( 'NONE',  ( 28.17000000000000171, -18.00000000000000355, 6.000000000000000000 ) ) ;
#1951 = DIRECTION ( 'NONE',  ( 0.000000000000000000, 0.000000000000000000, -1.000000000000000000 ) ) ;
#1952 = DIRECTION ( 'NONE',  ( -0.000000000000000000, -0.000000000000000000, -1.000000000000000000 ) ) ;
#1953 = DIRECTION ( 'NONE',  ( -1.000000000000000000, 0.000000000000000000, -0.000000000000000000 ) ) ;
#1954 = DIRECTION ( 'NONE',  ( 0.000000000000000000, 0.000000000000000000, 1.000000000000000000 ) ) ;
#1955 = VERTEX_POINT ( 'NONE', #918 ) ;
#1956 = VERTEX_POINT ( 'NONE', #3179 ) ;
#1957 = CARTESIAN_POINT ( 'NONE',  ( 25.28091427890517195, 23.18746944818289180, 4.473390297057170173 ) ) ;
#1958 = LINE ( 'NONE', #1543, #5528 ) ;
#1959 = AXIS2_PLACEMENT_3D ( 'NONE', #3741, #2012, #3796 ) ;
#1960 = DIRECTION ( 'NONE',  ( -1.047444401652940007E-14, -1.000000000000000000, 0.000000000000000000 ) ) ;
#1961 = DIRECTION ( 'NONE',  ( -1.000000000000000000, 0.000000000000000000, 0.000000000000000000 ) ) ;
#1962 = CARTESIAN_POINT ( 'NONE',  ( 27.04749567971252233, 22.75669439813562178, 5.999999999999993783 ) ) ;
#1963 = EDGE_CURVE ( 'NONE', #3930, #3516, #2285, .T. ) ;
#1964 = ORIENTED_EDGE ( 'NONE', *, *, #2510, .T. ) ;
#1965 = AXIS2_PLACEMENT_3D ( 'NONE', #2044, #4242, #2016 ) ;
#1966 = DIRECTION ( 'NONE',  ( 1.000000000000000000, 0.000000000000000000, 0.000000000000000000 ) ) ;
#1967 = DIRECTION ( 'NONE',  ( -0.000000000000000000, -0.000000000000000000, 1.000000000000000000 ) ) ;
#1968 = AXIS2_PLACEMENT_3D ( 'NONE', #1111, #2351, #566 ) ;
#1969 = CARTESIAN_POINT ( 'NONE',  ( 1.355011434659967984, 50.18176868103434174, -54.38922997974175644 ) ) ;
#1970 = DIRECTION ( 'NONE',  ( 1.000000000000000000, 0.000000000000000000, 0.000000000000000000 ) ) ;
#1971 = ADVANCED_FACE ( 'NONE', ( #3120 ), #5364, .T. ) ;
#1972 = ORIENTED_EDGE ( 'NONE', *, *, #2143, .F. ) ;
#1973 = CARTESIAN_POINT ( 'NONE',  ( -53.75109573208689540, -2.297721046238982545, -51.59442127497718644 ) ) ;
#1974 = AXIS2_PLACEMENT_3D ( 'NONE', #1077, #590, #1990 ) ;
#1975 = CARTESIAN_POINT ( 'NONE',  ( -2.013803755777828108, -53.76248605050754037, -55.90948590671674623 ) ) ;
#1976 = LINE ( 'NONE', #3297, #5771 ) ;
#1977 = CIRCLE ( 'NONE', #3288, 48.39999999999999858 ) ;
#1978 = ORIENTED_EDGE ( 'NONE', *, *, #4539, .T. ) ;
#1979 = ORIENTED_EDGE ( 'NONE', *, *, #229, .T. ) ;
#1980 = LINE ( 'NONE', #1649, #4829 ) ;
#1981 = DIRECTION ( 'NONE',  ( 0.000000000000000000, -0.000000000000000000, 1.000000000000000000 ) ) ;
#1982 = ADVANCED_FACE ( 'NONE', ( #3594 ), #436, .F. ) ;
#1983 = DIRECTION ( 'NONE',  ( 1.000000000000000000, -0.000000000000000000, -0.000000000000000000 ) ) ;
#1984 = CARTESIAN_POINT ( 'NONE',  ( 53.11279496167818337, -8.571523281117086057, -10.60000000000000142 ) ) ;
#1985 = CARTESIAN_POINT ( 'NONE',  ( 43.00788493872094875, -2.126196137756861226, -8.280094294201967742 ) ) ;
#1986 = VERTEX_POINT ( 'NONE', #462 ) ;
#1987 = ORIENTED_EDGE ( 'NONE', *, *, #1197, .F. ) ;
#1988 = EDGE_CURVE ( 'NONE', #2641, #264, #3316, .T. ) ;
#1989 = CARTESIAN_POINT ( 'NONE',  ( 24.65126002699769359, 24.31314287893804860, 5.761843062957286321 ) ) ;
#1990 = DIRECTION ( 'NONE',  ( -1.000000000000000000, 0.000000000000000000, 0.000000000000000000 ) ) ;
#1991 = CARTESIAN_POINT ( 'NONE',  ( 41.39999999999999858, 22.18000000000000327, 5.144999999999997797 ) ) ;
#1992 = LINE ( 'NONE', #1600, #100 ) ;
#1993 = CARTESIAN_POINT ( 'NONE',  ( 27.45623165052433734, 22.61818430353739373, 3.036968526112021838 ) ) ;
#1994 = VERTEX_POINT ( 'NONE', #4529 ) ;
#1995 = CARTESIAN_POINT ( 'NONE',  ( -50.19117619712774570, 0.9449507259689656768, -52.37718602767588294 ) ) ;
#1996 = EDGE_CURVE ( 'NONE', #4729, #2100, #1833, .T. ) ;
#1997 = CIRCLE ( 'NONE', #1059, 4.000000000000003553 ) ;
#1998 = DIRECTION ( 'NONE',  ( -0.000000000000000000, -0.000000000000000000, -1.000000000000000000 ) ) ;
#1999 = CARTESIAN_POINT ( 'NONE',  ( 0.9457411537677380409, 50.19116134948611574, -54.84221337306777855 ) ) ;
#2000 = CARTESIAN_POINT ( 'NONE',  ( 25.12826270668822914, 22.80270717417393556, 3.414070702111482003 ) ) ;
#2001 = ORIENTED_EDGE ( 'NONE', *, *, #2875, .T. ) ;
#2002 = DIRECTION ( 'NONE',  ( 1.000000000000000000, -0.000000000000000000, -0.000000000000000000 ) ) ;
#2003 = DIRECTION ( 'NONE',  ( -0.000000000000000000, -0.000000000000000000, 1.000000000000000000 ) ) ;
#2004 = CARTESIAN_POINT ( 'NONE',  ( -1.400000000000002798, 0.000000000000000000, 6.000000000000000000 ) ) ;
#2005 = AXIS2_PLACEMENT_3D ( 'NONE', #3843, #5197, #3052 ) ;
#2006 = ORIENTED_EDGE ( 'NONE', *, *, #2473, .F. ) ;
#2007 = EDGE_LOOP ( 'NONE', ( #565, #5144 ) ) ;
#2008 = EDGE_CURVE ( 'NONE', #3345, #3038, #4094, .T. ) ;
#2009 = EDGE_CURVE ( 'NONE', #1728, #2880, #80, .T. ) ;
#2010 = CARTESIAN_POINT ( 'NONE',  ( 24.09390846741616699, 24.78144775778277875, 5.999999999999999112 ) ) ;
#2011 = CARTESIAN_POINT ( 'NONE',  ( -9.099999999999999645, -7.419459434779497542, 8.400000000000000355 ) ) ;
#2012 = DIRECTION ( 'NONE',  ( 0.000000000000000000, -1.000000000000000000, 0.000000000000000000 ) ) ;
#2013 = VERTEX_POINT ( 'NONE', #5434 ) ;
#2014 = ORIENTED_EDGE ( 'NONE', *, *, #5180, .F. ) ;
#2015 = CARTESIAN_POINT ( 'NONE',  ( 0.000000000000000000, 0.000000000000000000, -42.96000000000002927 ) ) ;
#2016 = DIRECTION ( 'NONE',  ( 1.000000000000000000, 0.000000000000000000, 0.000000000000000000 ) ) ;
#2017 = CARTESIAN_POINT ( 'NONE',  ( -3.000000000000000000, -1.500000000000000000, 6.000000000000000000 ) ) ;
#2018 = CYLINDRICAL_SURFACE ( 'NONE', #4188, 50.20000000000000284 ) ;
#2019 = AXIS2_PLACEMENT_3D ( 'NONE', #5363, #939, #2749 ) ;
#2020 = ORIENTED_EDGE ( 'NONE', *, *, #4501, .F. ) ;
#2021 = CARTESIAN_POINT ( 'NONE',  ( 51.39999999999999858, 0.000000000000000000, -219.2793793113450533 ) ) ;
#2022 = CIRCLE ( 'NONE', #4456, 1.899999999999999023 ) ;
#2023 = AXIS2_PLACEMENT_3D ( 'NONE', #4633, #601, #4721 ) ;
#2024 = DIRECTION ( 'NONE',  ( -0.000000000000000000, -0.000000000000000000, -1.000000000000000000 ) ) ;
#2025 = DIRECTION ( 'NONE',  ( 1.000000000000000000, -0.000000000000000000, -0.000000000000000000 ) ) ;
#2026 = ORIENTED_EDGE ( 'NONE', *, *, #2419, .T. ) ;
#2027 = CARTESIAN_POINT ( 'NONE',  ( -53.73013865281455992, -2.741906941019461197, -54.96069772555242849 ) ) ;
#2028 = VECTOR ( 'NONE', #5382, 1000.000000000000000 ) ;
#2029 = AXIS2_PLACEMENT_3D ( 'NONE', #4629, #3691, #2775 ) ;
#2030 = CARTESIAN_POINT ( 'NONE',  ( 2.740895308357762961, -53.73019050558940535, -54.96276206162337985 ) ) ;
#2031 = AXIS2_PLACEMENT_3D ( 'NONE', #1310, #3099, #4628 ) ;
#2032 = DIRECTION ( 'NONE',  ( 1.000000000000000000, 0.000000000000000000, 0.000000000000000000 ) ) ;
#2033 = EDGE_CURVE ( 'NONE', #1596, #2228, #2762, .T. ) ;
#2034 = ORIENTED_EDGE ( 'NONE', *, *, #2541, .F. ) ;
#2035 = VERTEX_POINT ( 'NONE', #3208 ) ;
#2036 = FACE_OUTER_BOUND ( 'NONE', #5097, .T. ) ;
#2037 = CARTESIAN_POINT ( 'NONE',  ( 53.79455791176216906, -0.7896513204901934868, -56.56270355860431209 ) ) ;
#2038 = EDGE_CURVE ( 'NONE', #5205, #3901, #3772, .T. ) ;
#2039 = DIRECTION ( 'NONE',  ( -0.000000000000000000, -0.000000000000000000, -1.000000000000000000 ) ) ;
#2040 = ORIENTED_EDGE ( 'NONE', *, *, #2442, .T. ) ;
#2041 = VERTEX_POINT ( 'NONE', #4561 ) ;
#2042 = ADVANCED_FACE ( 'NONE', ( #525 ), #2337, .T. ) ;
#2043 = CARTESIAN_POINT ( 'NONE',  ( 24.56662506129487156, 24.75099987968820869, 5.952638899202525202 ) ) ;
#2044 = CARTESIAN_POINT ( 'NONE',  ( 26.00000000000000000, 19.00000000000000000, 6.000000000000000000 ) ) ;
#2045 = DIRECTION ( 'NONE',  ( 1.000000000000000000, -0.000000000000000000, -0.000000000000000000 ) ) ;
#2046 = DIRECTION ( 'NONE',  ( -0.000000000000000000, 1.000000000000000000, -0.000000000000000000 ) ) ;
#2047 = CIRCLE ( 'NONE', #722, 3.049999999999997158 ) ;
#2048 = EDGE_LOOP ( 'NONE', ( #370, #1476, #5022, #3124, #369, #2127 ) ) ;
#2049 = FACE_OUTER_BOUND ( 'NONE', #5001, .T. ) ;
#2050 = CARTESIAN_POINT ( 'NONE',  ( -0.3975816268238285822, 53.79888398395901561, -50.57950451841421113 ) ) ;
#2051 = CARTESIAN_POINT ( 'NONE',  ( 27.04749567971252233, 22.75669439813562533, 3.000000000000000000 ) ) ;
#2052 = CARTESIAN_POINT ( 'NONE',  ( 25.65055762081784252, 38.18440642122257600, 7.599999999999998757 ) ) ;
#2053 = AXIS2_PLACEMENT_3D ( 'NONE', #2567, #4350, #3390 ) ;
#2054 = VERTEX_POINT ( 'NONE', #2454 ) ;
#2055 = CARTESIAN_POINT ( 'NONE',  ( 41.39999999999999858, 15.74000000000000021, 2.095000000000000195 ) ) ;
#2056 = VECTOR ( 'NONE', #3968, 1000.000000000000000 ) ;
#2057 = CARTESIAN_POINT ( 'NONE',  ( -27.43999999999999773, -18.00000000000000000, 0.000000000000000000 ) ) ;
#2058 = CARTESIAN_POINT ( 'NONE',  ( 24.82829500107550658, 22.71983126179199175, 3.102465876238346354 ) ) ;
#2059 = ORIENTED_EDGE ( 'NONE', *, *, #4719, .F. ) ;
#2060 = AXIS2_PLACEMENT_3D ( 'NONE', #957, #3545, #1309 ) ;
#2061 = VECTOR ( 'NONE', #406, 1000.000000000000000 ) ;
#2062 = EDGE_LOOP ( 'NONE', ( #2716, #1321, #5402, #4759 ) ) ;
#2063 = CARTESIAN_POINT ( 'NONE',  ( 23.47000000000000597, -18.00000000000000355, 0.000000000000000000 ) ) ;
#2064 = CARTESIAN_POINT ( 'NONE',  ( 28.43500108084743516, 15.74000000000000021, 1.435000000000000053 ) ) ;
#2065 = DIRECTION ( 'NONE',  ( -1.000000000000000000, 0.000000000000000000, 0.000000000000000000 ) ) ;
#2066 = EDGE_CURVE ( 'NONE', #1129, #1994, #5391, .T. ) ;
#2067 = ORIENTED_EDGE ( 'NONE', *, *, #4159, .F. ) ;
#2068 = ORIENTED_EDGE ( 'NONE', *, *, #296, .F. ) ;
#2069 = CARTESIAN_POINT ( 'NONE',  ( 50.17606723260261958, 1.549928086881430911, -53.81275707497736960 ) ) ;
#2070 = LINE ( 'NONE', #3854, #1584 ) ;
#2071 = B_SPLINE_SURFACE_WITH_KNOTS ( 'NONE', 3, 3, ( 
 ( #3729, #1088, #2902, #4696, #212, #664 ),
 ( #4251, #636, #2468, #2000, #2874, #2814 ),
 ( #5513, #4226, #1497, #3759, #188, #150 ),
 ( #4189, #1517, #1957, #624, #983, #2372 ),
 ( #2432, #5073, #1393, #560, #4099, #3747 ),
 ( #1452, #1895, #1016, #4625, #4657, #3685 ),
 ( #116, #3249, #1484, #2736, #4566, #2770 ),
 ( #2860, #5099, #3308, #5468, #1046, #87 ),
 ( #179, #5041, #4157, #530, #2801, #4533 ),
 ( #2316, #3186, #4596, #496, #1925, #2343 ),
 ( #5440, #4214, #57, #1075, #1989, #4980 ),
 ( #3776, #956, #1867, #3717, #3658, #5503 ),
 ( #5532, #3277, #1421, #3215, #5011, #4128 ),
 ( #2831, #589, #2401, #5131, #2043, #4267 ),
 ( #2482, #654, #2538, #1130, #1104, #3415 ),
 ( #4767, #1216, #2887, #5591, #1571, #1154 ) ),
 .UNSPECIFIED., .F., .F., .F.,
 ( 4, 2, 2, 2, 2, 2, 2, 4 ),
 ( 4, 2, 4 ),
 ( 0.000000000000000000, 0.2500000000000002220, 0.4999999999999999445, 0.6250000000000000000, 0.7500000000000000000, 0.8750000000000000000, 0.9375000000000000000, 1.000000000000000000 ),
 ( 0.000000000000000000, 0.5000000000000000000, 1.000000000000000000 ),
 .UNSPECIFIED. ) ;
#2072 = CARTESIAN_POINT ( 'NONE',  ( -52.20000000000000284, 0.000000000000000000, -59.27696972201768943 ) ) ;
#2073 = EDGE_CURVE ( 'NONE', #5493, #283, #251, .T. ) ;
#2074 = DIRECTION ( 'NONE',  ( -0.000000000000000000, -0.000000000000000000, -1.000000000000000000 ) ) ;
#2075 = ORIENTED_EDGE ( 'NONE', *, *, #3569, .T. ) ;
#2076 = CARTESIAN_POINT ( 'NONE',  ( 40.00000000000000000, 6.065764695174149068, -7.594999999999999751 ) ) ;
#2077 = CARTESIAN_POINT ( 'NONE',  ( 40.00000000000000000, 22.18000000000000327, 2.095000000000000195 ) ) ;
#2078 = EDGE_CURVE ( 'NONE', #4228, #317, #4182, .T. ) ;
#2079 = CARTESIAN_POINT ( 'NONE',  ( 50.19868636133445250, -0.4082300358949709773, -55.11884290291524735 ) ) ;
#2080 = LINE ( 'NONE', #5220, #4556 ) ;
#2081 = ORIENTED_EDGE ( 'NONE', *, *, #2755, .T. ) ;
#2082 = CYLINDRICAL_SURFACE ( 'NONE', #1677, 2.049999999999998046 ) ;
#2083 = CARTESIAN_POINT ( 'NONE',  ( 24.69408042695182104, 23.11070654630878352, 4.664179549508762790 ) ) ;
#2084 = FACE_OUTER_BOUND ( 'NONE', #4196, .T. ) ;
#2085 = CARTESIAN_POINT ( 'NONE',  ( 14.00000000000000000, 26.00000000000000000, 6.000000000000000000 ) ) ;
#2086 = ADVANCED_FACE ( 'NONE', ( #4733 ), #172, .F. ) ;
#2087 = CARTESIAN_POINT ( 'NONE',  ( 48.33788216034861307, -4.000000000000068390, -42.16000000000014580 ) ) ;
#2088 = AXIS2_PLACEMENT_3D ( 'NONE', #5351, #1329, #4769 ) ;
#2089 = ORIENTED_EDGE ( 'NONE', *, *, #118, .F. ) ;
#2090 = CARTESIAN_POINT ( 'NONE',  ( 42.81958517450313906, 30.66501303878448326, -12.38571695977539378 ) ) ;
#2091 = CARTESIAN_POINT ( 'NONE',  ( 23.41153825295147328, 24.92883188083023782, 6.000000000000000888 ) ) ;
#2092 = DIRECTION ( 'NONE',  ( 1.000000000000000000, 0.000000000000000000, 0.000000000000000000 ) ) ;
#2093 = DIRECTION ( 'NONE',  ( -1.000000000000000000, -1.224646799147353454E-16, 0.000000000000000000 ) ) ;
#2094 = EDGE_LOOP ( 'NONE', ( #1914, #459, #5106, #5154 ) ) ;
#2095 = ORIENTED_EDGE ( 'NONE', *, *, #3944, .T. ) ;
#2096 = CARTESIAN_POINT ( 'NONE',  ( -38.90000000000000568, 24.00000000000000000, 3.000000000000000000 ) ) ;
#2097 = CARTESIAN_POINT ( 'NONE',  ( 38.18440642122248363, -25.65055762081797397, 7.599999999999998757 ) ) ;
#2098 = DIRECTION ( 'NONE',  ( 0.000000000000000000, -1.000000000000000000, 0.000000000000000000 ) ) ;
#2099 = CARTESIAN_POINT ( 'NONE',  ( 3.100000000000000533, 0.000000000000000000, -10.86772065218060312 ) ) ;
#2100 = VERTEX_POINT ( 'NONE', #2011 ) ;
#2101 = ADVANCED_FACE ( 'NONE', ( #199 ), #5066, .T. ) ;
#2102 = ORIENTED_EDGE ( 'NONE', *, *, #2078, .F. ) ;
#2103 = CARTESIAN_POINT ( 'NONE',  ( -53.79455732399415524, 0.7901044839660140706, -56.56269611113337703 ) ) ;
#2104 = CARTESIAN_POINT ( 'NONE',  ( -22.60055762081784536, -38.18440642122257600, 7.599999999999998757 ) ) ;
#2105 = CARTESIAN_POINT ( 'NONE',  ( 50.17606766650910544, -1.549914040585200103, -53.50649243919445297 ) ) ;
#2106 = EDGE_CURVE ( 'NONE', #1451, #5711, #4651, .T. ) ;
#2107 = CARTESIAN_POINT ( 'NONE',  ( 30.20000000000000284, 26.00000000000000000, 6.000000000000000000 ) ) ;
#2108 = ADVANCED_FACE ( 'NONE', ( #4291 ), #4653, .T. ) ;
#2109 = ORIENTED_EDGE ( 'NONE', *, *, #1757, .T. ) ;
#2110 = AXIS2_PLACEMENT_3D ( 'NONE', #5370, #1440, #5813 ) ;
#2111 = CARTESIAN_POINT ( 'NONE',  ( 41.39999999999999858, 15.74000000000000021, 1.435000000000000053 ) ) ;
#2112 = CARTESIAN_POINT ( 'NONE',  ( 24.53636509519092002, 22.61639525311341714, 3.017894576796087414 ) ) ;
#2113 = AXIS2_PLACEMENT_3D ( 'NONE', #5150, #5232, #1125 ) ;
#2114 = VECTOR ( 'NONE', #2639, 1000.000000000000000 ) ;
#2115 = CARTESIAN_POINT ( 'NONE',  ( -29.33999999999999631, -18.00000000000000000, 0.000000000000000000 ) ) ;
#2116 = DIRECTION ( 'NONE',  ( 0.000000000000000000, -1.000000000000000000, 0.000000000000000000 ) ) ;
#2117 = CARTESIAN_POINT ( 'NONE',  ( -32.13999999999999346, -18.00000000000000000, 0.000000000000000000 ) ) ;
#2118 = VECTOR ( 'NONE', #5512, 1000.000000000000000 ) ;
#2119 = EDGE_LOOP ( 'NONE', ( #4037, #2908 ) ) ;
#2120 = CARTESIAN_POINT ( 'NONE',  ( 46.39999999999999858, 0.06576469517414942900, -10.60000000000000142 ) ) ;
#2121 = CARTESIAN_POINT ( 'NONE',  ( 53.79999999999999716, 6.588599791129186396E-15, -50.56000000000003780 ) ) ;
#2122 = CARTESIAN_POINT ( 'NONE',  ( -0.9840332651467711411, 53.79131319372585551, -56.50372463187514427 ) ) ;
#2123 = B_SPLINE_CURVE_WITH_KNOTS ( 'NONE', 3,
 ( #1732, #396, #3908, #2202, #4991, #1000, #968, #1435, #10, #3260, #1818, #3228, #3696, #4049, #5421, #4460, #5483, #2325, #425, #3638, #1345, #2721, #4575, #4517 ),
 .UNSPECIFIED., .F., .F.,
 ( 4, 2, 2, 2, 2, 2, 2, 2, 2, 2, 2, 4 ),
 ( 1.793214565776535442E-18, 0.0004441438568420678175, 0.0008882877136841339002, 0.001332431570526199874, 0.001776575427368265849, 0.002664863141052397581, 0.003553150854736529096, 0.004441438568420661911, 0.005329726282104793426, 0.005773870138946858750, 0.006218013995788925809, 0.007106301709473067732 ),
 .UNSPECIFIED. ) ;
#2124 = CARTESIAN_POINT ( 'NONE',  ( -25.65055762081784252, -38.18440642122257600, 7.599999999999998757 ) ) ;
#2125 = EDGE_LOOP ( 'NONE', ( #2068, #839, #4355, #3413 ) ) ;
#2126 = ORIENTED_EDGE ( 'NONE', *, *, #5180, .T. ) ;
#2127 = ORIENTED_EDGE ( 'NONE', *, *, #1170, .T. ) ;
#2128 = CARTESIAN_POINT ( 'NONE',  ( 50.19118824625895314, 0.9516094337621252564, -52.36950997153422094 ) ) ;
#2129 = CARTESIAN_POINT ( 'NONE',  ( 38.18440642122248363, -25.65055762081797397, 8.400000000000000355 ) ) ;
#2130 = CARTESIAN_POINT ( 'NONE',  ( 14.00000000000000000, 26.00000000000000000, 8.400000000000000355 ) ) ;
#2131 = EDGE_LOOP ( 'NONE', ( #1442, #2481, #4808, #4601 ) ) ;
#2132 = CARTESIAN_POINT ( 'NONE',  ( 27.99795409539991908, 22.34935507712674152, 3.000000000000000000 ) ) ;
#2133 = ORIENTED_EDGE ( 'NONE', *, *, #3477, .F. ) ;
#2134 = ORIENTED_EDGE ( 'NONE', *, *, #3817, .F. ) ;
#2135 = DIRECTION ( 'NONE',  ( 1.000000000000000000, 0.000000000000000000, -0.000000000000000000 ) ) ;
#2136 = CARTESIAN_POINT ( 'NONE',  ( 0.7915858628695030541, 53.79452940381616344, -50.65781418379093282 ) ) ;
#2137 = DIRECTION ( 'NONE',  ( -1.000000000000000000, 0.000000000000000000, 0.000000000000000000 ) ) ;
#2138 = CARTESIAN_POINT ( 'NONE',  ( -1.549999999999826850, 50.17606501111860240, -53.61000000000003496 ) ) ;
#2139 = EDGE_LOOP ( 'NONE', ( #4947, #1089, #1483, #3299 ) ) ;
#2140 = LINE ( 'NONE', #5627, #5615 ) ;
#2141 = CARTESIAN_POINT ( 'NONE',  ( 24.80840629240452344, 23.14337155818556369, 4.664467225434149711 ) ) ;
#2142 = FACE_OUTER_BOUND ( 'NONE', #326, .T. ) ;
#2143 = EDGE_CURVE ( 'NONE', #4057, #5000, #4677, .T. ) ;
#2144 = CARTESIAN_POINT ( 'NONE',  ( -8.184343791876346577E-16, -6.334235304825844182, 6.000000000000000000 ) ) ;
#2145 =( BOUNDED_CURVE ( )  B_SPLINE_CURVE ( 3, ( #3233, #5456, #1474, #4524 ),
 .UNSPECIFIED., .F., .F. ) 
 B_SPLINE_CURVE_WITH_KNOTS ( ( 4, 4 ),
 ( 0.000000000000000000, 1.570796326794896558 ),
 .UNSPECIFIED. ) 
 CURVE ( )  GEOMETRIC_REPRESENTATION_ITEM ( )  RATIONAL_B_SPLINE_CURVE ( ( 1.000000000000000000, 0.8047378541243649375, 0.8047378541243649375, 1.000000000000000000 ) ) 
 REPRESENTATION_ITEM ( '' )  );
#2146 = CARTESIAN_POINT ( 'NONE',  ( 53.51491187707130592, -5.545909913889534693, -16.70201089606890221 ) ) ;
#2147 = EDGE_LOOP ( 'NONE', ( #5315, #3174, #5008, #3522 ) ) ;
#2148 = ORIENTED_EDGE ( 'NONE', *, *, #3720, .F. ) ;
#2149 = CARTESIAN_POINT ( 'NONE',  ( 42.39999999999999858, 31.70930462813715422, -10.76626302542467961 ) ) ;
#2150 = VECTOR ( 'NONE', #3731, 1000.000000000000000 ) ;
#2151 = CARTESIAN_POINT ( 'NONE',  ( 1.859759246075293859, 53.76810046860700965, -56.03554988824701866 ) ) ;
#2152 = CARTESIAN_POINT ( 'NONE',  ( 48.38236003466533219, -1.311007532919579832, -41.54333312612340734 ) ) ;
#2153 = AXIS2_PLACEMENT_3D ( 'NONE', #4017, #5802, #2322 ) ;
#2154 = AXIS2_PLACEMENT_3D ( 'NONE', #744, #285, #3883 ) ;
#2155 = ORIENTED_EDGE ( 'NONE', *, *, #3983, .F. ) ;
#2156 = CARTESIAN_POINT ( 'NONE',  ( 2.029210133258630245E-15, -6.087630399775893892E-15, -37.06000000000003070 ) ) ;
#2157 = CYLINDRICAL_SURFACE ( 'NONE', #3089, 4.000000000000000000 ) ;
#2158 = EDGE_CURVE ( 'NONE', #2384, #3158, #3900, .T. ) ;
#2159 = AXIS2_PLACEMENT_3D ( 'NONE', #4627, #2402, #4190 ) ;
#2160 = LINE ( 'NONE', #4884, #4056 ) ;
#2161 = EDGE_LOOP ( 'NONE', ( #5439, #5808, #1718, #3634 ) ) ;
#2162 = CARTESIAN_POINT ( 'NONE',  ( 32.86999999999999744, -18.00000000000000355, 3.000000000000000000 ) ) ;
#2163 = EDGE_CURVE ( 'NONE', #2384, #2219, #2883, .T. ) ;
#2164 = ORIENTED_EDGE ( 'NONE', *, *, #4586, .F. ) ;
#2165 = ORIENTED_EDGE ( 'NONE', *, *, #1071, .F. ) ;
#2166 = FACE_BOUND ( 'NONE', #3213, .T. ) ;
#2167 = CARTESIAN_POINT ( 'NONE',  ( 1.860965351071189655, 53.76806038346602179, -51.18531971619839283 ) ) ;
#2168 = CARTESIAN_POINT ( 'NONE',  ( 50.18490636176644415, -1.232213387322697695, -52.66425886511305521 ) ) ;
#2169 = CARTESIAN_POINT ( 'NONE',  ( 41.81742430504415609, -1.934235304825850044, -7.594999999999999751 ) ) ;
#2170 = ORIENTED_EDGE ( 'NONE', *, *, #4364, .T. ) ;
#2171 = CYLINDRICAL_SURFACE ( 'NONE', #639, 3.900000000000000799 ) ;
#2172 = CARTESIAN_POINT ( 'NONE',  ( 24.40385584655212270, 22.64641780322736508, 3.787613135461458391 ) ) ;
#2173 = CARTESIAN_POINT ( 'NONE',  ( 40.00000000000000000, 15.74000000000000021, 1.435000000000000053 ) ) ;
#2174 = DIRECTION ( 'NONE',  ( -0.000000000000000000, -0.000000000000000000, -1.000000000000000000 ) ) ;
#2175 = DIRECTION ( 'NONE',  ( -1.000000000000000000, 0.000000000000000000, -0.000000000000000000 ) ) ;
#2176 = EDGE_LOOP ( 'NONE', ( #3204, #5236, #4512, #4614 ) ) ;
#2177 = ORIENTED_EDGE ( 'NONE', *, *, #4235, .F. ) ;
#2178 = EDGE_CURVE ( 'NONE', #3910, #3865, #135, .T. ) ;
#2179 = CARTESIAN_POINT ( 'NONE',  ( 43.46068624662338209, 28.95137484320214227, -13.31767050118399531 ) ) ;
#2180 = CARTESIAN_POINT ( 'NONE',  ( 2.645840038723681786, 53.73501423562374413, -55.14019830495335128 ) ) ;
#2181 = CARTESIAN_POINT ( 'NONE',  ( 48.39999999999999147, 4.081702296416024043E-14, -42.16000000000002501 ) ) ;
#2182 = EDGE_CURVE ( 'NONE', #3920, #432, #3359, .T. ) ;
#2183 = EDGE_CURVE ( 'NONE', #2190, #5401, #942, .T. ) ;
#2184 = ORIENTED_EDGE ( 'NONE', *, *, #2934, .T. ) ;
#2185 = CARTESIAN_POINT ( 'NONE',  ( 0.000000000000000000, 0.000000000000000000, -59.27696972201768943 ) ) ;
#2186 = FACE_OUTER_BOUND ( 'NONE', #2838, .T. ) ;
#2187 = CARTESIAN_POINT ( 'NONE',  ( -25.53999999999999915, -18.00000000000000000, 0.000000000000000000 ) ) ;
#2188 = VERTEX_POINT ( 'NONE', #4850 ) ;
#2189 = LINE ( 'NONE', #3979, #2662 ) ;
#2190 = VERTEX_POINT ( 'NONE', #2646 ) ;
#2191 = CIRCLE ( 'NONE', #1626, 8.500000000000000000 ) ;
#2192 = CARTESIAN_POINT ( 'NONE',  ( -53.73488840489798690, 2.648394555978513587, -52.08416750982004118 ) ) ;
#2193 = DIRECTION ( 'NONE',  ( -0.000000000000000000, 0.000000000000000000, 1.000000000000000000 ) ) ;
#2194 = FACE_BOUND ( 'NONE', #168, .T. ) ;
#2195 = ORIENTED_EDGE ( 'NONE', *, *, #2892, .F. ) ;
#2196 = CARTESIAN_POINT ( 'NONE',  ( -5.511098449335691096E-13, -52.70000000000000284, -53.61000000000003496 ) ) ;
#2197 = VECTOR ( 'NONE', #3947, 1000.000000000000000 ) ;
#2198 = CARTESIAN_POINT ( 'NONE',  ( 24.60221651851357549, 23.38855729533412742, 5.051185741061445356 ) ) ;
#2199 = AXIS2_PLACEMENT_3D ( 'NONE', #1932, #182, #4570 ) ;
#2200 = CARTESIAN_POINT ( 'NONE',  ( -1.470943563710923163, -50.17845991683133633, -53.11083941676460540 ) ) ;
#2201 = FACE_OUTER_BOUND ( 'NONE', #55, .T. ) ;
#2202 = CARTESIAN_POINT ( 'NONE',  ( 51.79691615255030968, -0.5830503441451511115, -37.16360675065964614 ) ) ;
#2203 = ORIENTED_EDGE ( 'NONE', *, *, #3222, .T. ) ;
#2204 = CARTESIAN_POINT ( 'NONE',  ( 48.77032250138130820, 22.77946725191693034, -18.53628653619323785 ) ) ;
#2205 = VECTOR ( 'NONE', #4859, 1000.000000000000000 ) ;
#2206 = DIRECTION ( 'NONE',  ( -4.550094363217858838E-15, -1.000000000000000000, 0.000000000000000000 ) ) ;
#2207 = AXIS2_PLACEMENT_3D ( 'NONE', #3702, #1825, #2673 ) ;
#2208 = CARTESIAN_POINT ( 'NONE',  ( -1.351079324519953495, 53.78334576085126884, -56.35163242811482576 ) ) ;
#2209 = AXIS2_PLACEMENT_3D ( 'NONE', #5541, #2383, #3350 ) ;
#2210 = CARTESIAN_POINT ( 'NONE',  ( 48.37162033793976690, -1.666016105280638593, -38.16151264071461924 ) ) ;
#2211 = EDGE_CURVE ( 'NONE', #3198, #2611, #1709, .T. ) ;
#2212 = AXIS2_PLACEMENT_3D ( 'NONE', #211, #2901, #2494 ) ;
#2213 = ORIENTED_EDGE ( 'NONE', *, *, #2682, .T. ) ;
#2214 = DIRECTION ( 'NONE',  ( -0.000000000000000000, -0.000000000000000000, -1.000000000000000000 ) ) ;
#2215 = LINE ( 'NONE', #21, #174 ) ;
#2216 = VECTOR ( 'NONE', #1720, 1000.000000000000000 ) ;
#2217 = ADVANCED_FACE ( 'NONE', ( #2533 ), #3061, .F. ) ;
#2218 = FACE_OUTER_BOUND ( 'NONE', #3484, .T. ) ;
#2219 = VERTEX_POINT ( 'NONE', #796 ) ;
#2220 = ADVANCED_FACE ( 'NONE', ( #3945 ), #1461, .F. ) ;
#2221 = CIRCLE ( 'NONE', #611, 3.049999999999997158 ) ;
#2222 = CIRCLE ( 'NONE', #2778, 48.39999999999999858 ) ;
#2223 = FACE_OUTER_BOUND ( 'NONE', #5268, .T. ) ;
#2224 = VERTEX_POINT ( 'NONE', #1210 ) ;
#2225 = FACE_OUTER_BOUND ( 'NONE', #4233, .T. ) ;
#2226 = DIRECTION ( 'NONE',  ( 0.000000000000000000, 0.000000000000000000, -1.000000000000000000 ) ) ;
#2227 = DIRECTION ( 'NONE',  ( 0.000000000000000000, 0.000000000000000000, 1.000000000000000000 ) ) ;
#2228 = VERTEX_POINT ( 'NONE', #3442 ) ;
#2229 = DIRECTION ( 'NONE',  ( -1.000000000000000000, 4.550094363217857260E-15, 0.000000000000000000 ) ) ;
#2230 = CARTESIAN_POINT ( 'NONE',  ( 24.23807588255397860, 24.42529471223927118, 5.864432321110477631 ) ) ;
#2231 = EDGE_CURVE ( 'NONE', #1015, #3361, #154, .T. ) ;
#2232 = CARTESIAN_POINT ( 'NONE',  ( 2.029210133258630245E-15, -6.087630399775893892E-15, -67.11000000000002785 ) ) ;
#2233 = DIRECTION ( 'NONE',  ( 1.000000000000000000, 0.000000000000000000, 0.000000000000000000 ) ) ;
#2234 = CARTESIAN_POINT ( 'NONE',  ( -52.70000000000000995, -8.933547375302734704E-16, -52.06000000000003070 ) ) ;
#2235 = VERTEX_POINT ( 'NONE', #5369 ) ;
#2236 = CARTESIAN_POINT ( 'NONE',  ( 44.43977862434470438, 26.00227033441755609, -14.09533798571114183 ) ) ;
#2237 = DIRECTION ( 'NONE',  ( -0.000000000000000000, -0.000000000000000000, -1.000000000000000000 ) ) ;
#2238 = EDGE_CURVE ( 'NONE', #5082, #5215, #4493, .T. ) ;
#2239 = DIRECTION ( 'NONE',  ( 0.000000000000000000, 0.000000000000000000, 1.000000000000000000 ) ) ;
#2240 = CARTESIAN_POINT ( 'NONE',  ( -9.099999999999999645, 4.419459434779496654, -10.86772065218060312 ) ) ;
#2241 = EDGE_LOOP ( 'NONE', ( #4440, #2273 ) ) ;
#2242 = AXIS2_PLACEMENT_3D ( 'NONE', #190, #2002, #3787 ) ;
#2243 = CYLINDRICAL_SURFACE ( 'NONE', #125, 3.049999999999997158 ) ;
#2244 = DIRECTION ( 'NONE',  ( -1.000000000000000000, 0.000000000000000000, 0.000000000000000000 ) ) ;
#2245 = EDGE_CURVE ( 'NONE', #3246, #2946, #2405, .T. ) ;
#2246 = DIRECTION ( 'NONE',  ( 1.000000000000000000, -0.000000000000000000, -0.000000000000000000 ) ) ;
#2247 = AXIS2_PLACEMENT_3D ( 'NONE', #2411, #1492, #5478 ) ;
#2248 = ORIENTED_EDGE ( 'NONE', *, *, #2444, .F. ) ;
#2249 = CIRCLE ( 'NONE', #5522, 51.39999999999999858 ) ;
#2250 = CARTESIAN_POINT ( 'NONE',  ( 19.00000000000000000, 26.00000000000000000, 8.400000000000000355 ) ) ;
#2251 = ORIENTED_EDGE ( 'NONE', *, *, #4424, .T. ) ;
#2252 = VECTOR ( 'NONE', #440, 1000.000000000000000 ) ;
#2253 = AXIS2_PLACEMENT_3D ( 'NONE', #3566, #5350, #3509 ) ;
#2254 = DIRECTION ( 'NONE',  ( 0.000000000000000000, 0.000000000000000000, -1.000000000000000000 ) ) ;
#2255 = CARTESIAN_POINT ( 'NONE',  ( -51.79999999999999716, 2.560400198073949869E-16, -42.16000000000002501 ) ) ;
#2256 =( LENGTH_UNIT ( ) NAMED_UNIT ( * ) SI_UNIT ( .MILLI., .METRE. ) );
#2257 = AXIS2_PLACEMENT_3D ( 'NONE', #1623, #3750, #5136 ) ;
#2258 = DIRECTION ( 'NONE',  ( 0.000000000000000000, 0.000000000000000000, -1.000000000000000000 ) ) ;
#2259 = ADVANCED_FACE ( 'NONE', ( #4523 ), #3560, .T. ) ;
#2260 = ORIENTED_EDGE ( 'NONE', *, *, #5147, .F. ) ;
#2261 = DIRECTION ( 'NONE',  ( -1.000000000000000000, 0.000000000000000000, 0.000000000000000000 ) ) ;
#2262 = CARTESIAN_POINT ( 'NONE',  ( 23.84471348854374284, 23.58922815345444945, 5.385170140752872925 ) ) ;
#2263 = CARTESIAN_POINT ( 'NONE',  ( 1.345318672494782541, -50.18200159502845281, -52.83354663127613549 ) ) ;
#2264 = DIRECTION ( 'NONE',  ( -1.000000000000000000, 0.000000000000000000, 0.000000000000000000 ) ) ;
#2265 = CARTESIAN_POINT ( 'NONE',  ( -50.20000000000000284, -7.035344883514690442E-16, -55.16000000000003212 ) ) ;
#2266 = VERTEX_POINT ( 'NONE', #4053 ) ;
#2267 = CARTESIAN_POINT ( 'NONE',  ( 42.94460912028947064, 30.34238959064956731, -12.61687919813803482 ) ) ;
#2268 = CARTESIAN_POINT ( 'NONE',  ( 41.53228585173656029, 34.19810124271441509, -11.46874815126188452 ) ) ;
#2269 = ADVANCED_FACE ( 'NONE', ( #4027 ), #5812, .F. ) ;
#2270 = CARTESIAN_POINT ( 'NONE',  ( 24.92638889819713555, 22.74931449762295088, 3.114204189450903382 ) ) ;
#2271 = DIRECTION ( 'NONE',  ( -1.000000000000000000, 0.000000000000000000, 0.000000000000000000 ) ) ;
#2272 = ORIENTED_EDGE ( 'NONE', *, *, #1891, .T. ) ;
#2273 = ORIENTED_EDGE ( 'NONE', *, *, #4719, .T. ) ;
#2274 = CARTESIAN_POINT ( 'NONE',  ( 53.73023102022897035, 2.740101826327471901, -52.25566612159666846 ) ) ;
#2275 = FACE_OUTER_BOUND ( 'NONE', #2903, .T. ) ;
#2276 = FACE_OUTER_BOUND ( 'NONE', #4328, .T. ) ;
#2277 = CIRCLE ( 'NONE', #4897, 1.199999999999999734 ) ;
#2278 = CARTESIAN_POINT ( 'NONE',  ( 53.84353737290027908, -3.795929425695189874, -11.67279265982541503 ) ) ;
#2279 = DIRECTION ( 'NONE',  ( 0.000000000000000000, 0.000000000000000000, 1.000000000000000000 ) ) ;
#2280 = ORIENTED_EDGE ( 'NONE', *, *, #2806, .T. ) ;
#2281 = ORIENTED_EDGE ( 'NONE', *, *, #1602, .F. ) ;
#2282 = FACE_BOUND ( 'NONE', #5588, .T. ) ;
#2283 = DIRECTION ( 'NONE',  ( 0.000000000000000000, 0.000000000000000000, 1.000000000000000000 ) ) ;
#2284 = CARTESIAN_POINT ( 'NONE',  ( 29.00000000000000000, 26.00000000000000000, -10.86772065218060312 ) ) ;
#2285 = CIRCLE ( 'NONE', #5098, 4.000000000000003553 ) ;
#2286 = LINE ( 'NONE', #4069, #900 ) ;
#2287 = EDGE_CURVE ( 'NONE', #4133, #4257, #5305, .T. ) ;
#2288 = EDGE_LOOP ( 'NONE', ( #1964, #3960, #4419, #5700 ) ) ;
#2289 = FACE_OUTER_BOUND ( 'NONE', #5422, .T. ) ;
#2290 = CARTESIAN_POINT ( 'NONE',  ( 24.56847350493347548, 23.49119626576906938, 5.172226838921814007 ) ) ;
#2291 = AXIS2_PLACEMENT_3D ( 'NONE', #727, #1703, #2961 ) ;
#2292 = EDGE_CURVE ( 'NONE', #3531, #1073, #2788, .T. ) ;
#2293 = FACE_OUTER_BOUND ( 'NONE', #114, .T. ) ;
#2294 = DIRECTION ( 'NONE',  ( 1.000000000000000000, 0.000000000000000000, 0.000000000000000000 ) ) ;
#2295 = CARTESIAN_POINT ( 'NONE',  ( 0.000000000000000000, 0.000000000000000000, -17.00000000000000000 ) ) ;
#2296 = ADVANCED_FACE ( 'NONE', ( #1005 ), #3112, .T. ) ;
#2297 = VERTEX_POINT ( 'NONE', #4906 ) ;
#2298 = CARTESIAN_POINT ( 'NONE',  ( -53.79999999999999716, 0.000000000000000000, -50.56000000000003780 ) ) ;
#2299 = LINE ( 'NONE', #1472, #1091 ) ;
#2300 = DIRECTION ( 'NONE',  ( 0.000000000000000000, -1.000000000000000000, 0.000000000000000000 ) ) ;
#2301 = FACE_OUTER_BOUND ( 'NONE', #3595, .T. ) ;
#2302 = EDGE_LOOP ( 'NONE', ( #1733, #4452 ) ) ;
#2303 = ORIENTED_EDGE ( 'NONE', *, *, #3105, .F. ) ;
#2304 = DIRECTION ( 'NONE',  ( 0.000000000000000000, 0.000000000000000000, -1.000000000000000000 ) ) ;
#2305 = DIRECTION ( 'NONE',  ( -3.491481338843133355E-15, -1.000000000000000000, -0.000000000000000000 ) ) ;
#2306 = AXIS2_PLACEMENT_3D ( 'NONE', #4667, #128, #2416 ) ;
#2307 = AXIS2_PLACEMENT_3D ( 'NONE', #1794, #3582, #1344 ) ;
#2308 = CARTESIAN_POINT ( 'NONE',  ( -9.099999999999999645, 0.000000000000000000, 8.400000000000000355 ) ) ;
#2309 = CARTESIAN_POINT ( 'NONE',  ( 53.79703230279326931, -1.545469303447073450, -14.27017507175027156 ) ) ;
#2310 = AXIS2_PLACEMENT_3D ( 'NONE', #4436, #766, #1183 ) ;
#2311 = CARTESIAN_POINT ( 'NONE',  ( -36.10000000000000142, 24.00000000000000000, 0.000000000000000000 ) ) ;
#2312 = ORIENTED_EDGE ( 'NONE', *, *, #4895, .F. ) ;
#2313 = ORIENTED_EDGE ( 'NONE', *, *, #1547, .T. ) ;
#2314 = AXIS2_PLACEMENT_3D ( 'NONE', #1267, #3503, #4904 ) ;
#2315 = TOROIDAL_SURFACE ( 'NONE', #2499, 7.699999999999997513, 3.000000000000000000 ) ;
#2316 = CARTESIAN_POINT ( 'NONE',  ( 25.30423917144523216, 24.89241843284217737, 5.846778313769401159 ) ) ;
#2317 = CARTESIAN_POINT ( 'NONE',  ( 41.39999999999999858, 18.96000000000000085, -1.615000000000000213 ) ) ;
#2318 = CARTESIAN_POINT ( 'NONE',  ( 26.00000000000000000, 19.00000000000000000, 0.000000000000000000 ) ) ;
#2319 = CARTESIAN_POINT ( 'NONE',  ( 23.30287023387618461, 24.95481324107514354, 5.983459134358286136 ) ) ;
#2320 = CARTESIAN_POINT ( 'NONE',  ( -6.999999999999997335, -9.000000000000001776, 6.000000000000000000 ) ) ;
#2321 = VERTEX_POINT ( 'NONE', #2270 ) ;
#2322 = DIRECTION ( 'NONE',  ( 1.000000000000000000, 0.000000000000000000, 0.000000000000000000 ) ) ;
#2323 = CARTESIAN_POINT ( 'NONE',  ( 1.539948607124999258, -50.17637837055534078, -53.40687558633255350 ) ) ;
#2324 = CARTESIAN_POINT ( 'NONE',  ( 1.240490042835305617, 50.18487961889034210, -52.65839058563622643 ) ) ;
#2325 = CARTESIAN_POINT ( 'NONE',  ( 51.78092150064615140, -1.408380641705361036, -41.42799263149778000 ) ) ;
#2326 = ORIENTED_EDGE ( 'NONE', *, *, #1783, .T. ) ;
#2327 = DIRECTION ( 'NONE',  ( -0.000000000000000000, -0.000000000000000000, 1.000000000000000000 ) ) ;
#2328 = CARTESIAN_POINT ( 'NONE',  ( 44.00328240697290738, 30.95643095721580806, -16.25224084290999471 ) ) ;
#2329 = EDGE_CURVE ( 'NONE', #18, #1588, #1457, .T. ) ;
#2330 = CARTESIAN_POINT ( 'NONE',  ( 3.030049848242775123, 53.71461926710621526, -54.01127072848626653 ) ) ;
#2331 = CARTESIAN_POINT ( 'NONE',  ( 24.77399697133748901, 22.70228703983594798, 3.088600580077899505 ) ) ;
#2332 = ORIENTED_EDGE ( 'NONE', *, *, #2541, .T. ) ;
#2333 = VERTEX_POINT ( 'NONE', #482 ) ;
#2334 = EDGE_CURVE ( 'NONE', #3972, #5789, #2764, .T. ) ;
#2335 = CARTESIAN_POINT ( 'NONE',  ( 53.79525199591823537, 0.8034275463213204072, -56.57897375348756697 ) ) ;
#2336 = LINE ( 'NONE', #2760, #1590 ) ;
#2337 = CYLINDRICAL_SURFACE ( 'NONE', #38, 4.699999999999995737 ) ;
#2338 = CARTESIAN_POINT ( 'NONE',  ( 53.79946663858469691, -2.829983614511500267, -13.38362044850299171 ) ) ;
#2339 = CARTESIAN_POINT ( 'NONE',  ( 0.000000000000000000, 0.000000000000000000, -59.27696972201768943 ) ) ;
#2340 = ORIENTED_EDGE ( 'NONE', *, *, #653, .F. ) ;
#2341 = ORIENTED_EDGE ( 'NONE', *, *, #702, .F. ) ;
#2342 = ADVANCED_FACE ( 'NONE', ( #518 ), #4467, .T. ) ;
#2343 = CARTESIAN_POINT ( 'NONE',  ( 24.52243109672207311, 24.13028515162038445, 5.681070808006363215 ) ) ;
#2344 = DIRECTION ( 'NONE',  ( 0.000000000000000000, 0.000000000000000000, 1.000000000000000000 ) ) ;
#2345 = VECTOR ( 'NONE', #764, 1000.000000000000000 ) ;
#2346 = DIRECTION ( 'NONE',  ( 1.000000000000000000, 0.000000000000000000, 0.000000000000000000 ) ) ;
#2347 = EDGE_CURVE ( 'NONE', #3513, #3516, #945, .T. ) ;
#2348 = FACE_BOUND ( 'NONE', #3507, .T. ) ;
#2349 = AXIS2_PLACEMENT_3D ( 'NONE', #897, #1394, #4981 ) ;
#2350 = VERTEX_POINT ( 'NONE', #2753 ) ;
#2351 = DIRECTION ( 'NONE',  ( -1.292080795552537642E-16, -1.000000000000000000, 0.000000000000000000 ) ) ;
#2352 = CARTESIAN_POINT ( 'NONE',  ( 0.2031291528774265276, -50.20000525809249581, -55.16017029440979513 ) ) ;
#2353 = CARTESIAN_POINT ( 'NONE',  ( 1.470943563710572777, 50.17845991683132922, -53.11083941676460540 ) ) ;
#2354 = DIRECTION ( 'NONE',  ( 1.000000000000000000, 0.000000000000000000, 0.000000000000000000 ) ) ;
#2355 = ORIENTED_EDGE ( 'NONE', *, *, #2425, .T. ) ;
#2356 = CARTESIAN_POINT ( 'NONE',  ( -53.76238335799247636, -2.016420113605787545, -51.31301729903331221 ) ) ;
#2357 = CARTESIAN_POINT ( 'NONE',  ( 42.04635411723847938, 33.56470205546878560, -13.46532280423998884 ) ) ;
#2358 = FACE_BOUND ( 'NONE', #5626, .T. ) ;
#2359 = LINE ( 'NONE', #4087, #4640 ) ;
#2360 = EDGE_CURVE ( 'NONE', #1166, #3880, #430, .T. ) ;
#2361 = EDGE_LOOP ( 'NONE', ( #1482, #1673, #550, #5235 ) ) ;
#2362 = VERTEX_POINT ( 'NONE', #4001 ) ;
#2363 = CARTESIAN_POINT ( 'NONE',  ( 53.79889548972766988, 0.3968713462061823072, -50.57929503995430309 ) ) ;
#2364 = CARTESIAN_POINT ( 'NONE',  ( 42.39999999999999858, -1.934235304825850710, -1.444328882115899493 ) ) ;
#2365 = CARTESIAN_POINT ( 'NONE',  ( -29.33999999999999631, -18.00000000000000000, 6.000000000000000000 ) ) ;
#2366 = EDGE_CURVE ( 'NONE', #1532, #2985, #1642, .T. ) ;
#2367 = CARTESIAN_POINT ( 'NONE',  ( 49.58785180921415048, -2.265624829348712233, -13.85295273513908931 ) ) ;
#2368 = ADVANCED_FACE ( 'NONE', ( #911 ), #2585, .F. ) ;
#2369 = CARTESIAN_POINT ( 'NONE',  ( 23.85056948717246428, 23.57675903919486160, 5.399000527194540489 ) ) ;
#2370 = ORIENTED_EDGE ( 'NONE', *, *, #633, .T. ) ;
#2371 = EDGE_LOOP ( 'NONE', ( #2885, #4697, #3591, #4156 ) ) ;
#2372 = CARTESIAN_POINT ( 'NONE',  ( 24.85137510808110761, 22.99667358958177843, 4.374581527355314137 ) ) ;
#2373 = DIRECTION ( 'NONE',  ( 0.000000000000000000, 1.000000000000000000, 0.000000000000000000 ) ) ;
#2374 = CARTESIAN_POINT ( 'NONE',  ( -5.511098449335691096E-13, -52.70000000000000284, -53.61000000000003496 ) ) ;
#2375 = CARTESIAN_POINT ( 'NONE',  ( 23.98905000912389340, 24.53541832543561085, 5.908772658981573223 ) ) ;
#2376 = CARTESIAN_POINT ( 'NONE',  ( 27.04749567971252944, 22.75669439813562178, 3.000000000000000000 ) ) ;
#2377 = VECTOR ( 'NONE', #365, 1000.000000000000000 ) ;
#2378 = ORIENTED_EDGE ( 'NONE', *, *, #1063, .F. ) ;
#2379 = CARTESIAN_POINT ( 'NONE',  ( -52.70000000000000284, -5.198374637903307558E-16, -56.66000000000003212 ) ) ;
#2380 = VECTOR ( 'NONE', #4122, 1000.000000000000000 ) ;
#2381 = CARTESIAN_POINT ( 'NONE',  ( 1.353931576711565832, -50.18179822950706637, -54.39110687500025421 ) ) ;
#2382 = CARTESIAN_POINT ( 'NONE',  ( 40.00000000000000000, 6.065764695174149068, -1.594999999999999307 ) ) ;
#2383 = DIRECTION ( 'NONE',  ( -0.000000000000000000, -0.000000000000000000, -1.000000000000000000 ) ) ;
#2384 = VERTEX_POINT ( 'NONE', #2725 ) ;
#2385 = CARTESIAN_POINT ( 'NONE',  ( 41.48433734939760598, 34.25623672678269571, 8.400000000000000355 ) ) ;
#2386 = CARTESIAN_POINT ( 'NONE',  ( 47.64873314995838172, 24.99525521281831431, -18.27279322067074574 ) ) ;
#2387 = CARTESIAN_POINT ( 'NONE',  ( 0.9999999999999974465, 6.000000000000001776, 8.400000000000000355 ) ) ;
#2388 = CARTESIAN_POINT ( 'NONE',  ( 27.37601929918732679, 22.65325485952081053, 3.039065039788995559 ) ) ;
#2389 = VERTEX_POINT ( 'NONE', #2387 ) ;
#2390 = ORIENTED_EDGE ( 'NONE', *, *, #6, .T. ) ;
#2391 = CARTESIAN_POINT ( 'NONE',  ( 53.77858528789477077, 1.526977869786148245, -50.96214456233249024 ) ) ;
#2392 = DIRECTION ( 'NONE',  ( 0.000000000000000000, 0.000000000000000000, 1.000000000000000000 ) ) ;
#2393 = APPLICATION_CONTEXT ( 'automotive_design' ) ;
#2394 = ADVANCED_FACE ( 'NONE', ( #136, #2358 ), #5601, .T. ) ;
#2395 = DIRECTION ( 'NONE',  ( 0.000000000000000000, 0.000000000000000000, 1.000000000000000000 ) ) ;
#2396 = AXIS2_PLACEMENT_3D ( 'NONE', #5038, #1954, #5437 ) ;
#2397 = CARTESIAN_POINT ( 'NONE',  ( 53.41458997335000447, -6.440646716858096532, -15.88584488739802580 ) ) ;
#2398 = CARTESIAN_POINT ( 'NONE',  ( 28.43500108084743516, 6.065764695174149068, -7.594999999999999751 ) ) ;
#2399 = ORIENTED_EDGE ( 'NONE', *, *, #3547, .T. ) ;
#2400 = ORIENTED_EDGE ( 'NONE', *, *, #2419, .F. ) ;
#2401 = CARTESIAN_POINT ( 'NONE',  ( 25.05569743104896574, 25.25681827573696481, 5.974306785363922678 ) ) ;
#2402 = DIRECTION ( 'NONE',  ( 0.000000000000000000, 0.000000000000000000, -1.000000000000000000 ) ) ;
#2403 = CIRCLE ( 'NONE', #5664, 3.049999999999997158 ) ;
#2404 = DIRECTION ( 'NONE',  ( 1.000000000000000000, 0.000000000000000000, 0.000000000000000000 ) ) ;
#2405 = CIRCLE ( 'NONE', #318, 7.699999999999998401 ) ;
#2406 = EDGE_CURVE ( 'NONE', #5587, #4674, #3243, .T. ) ;
#2407 = CARTESIAN_POINT ( 'NONE',  ( -27.43999999999999773, -18.00000000000000000, 0.000000000000000000 ) ) ;
#2408 = AXIS2_PLACEMENT_3D ( 'NONE', #2421, #575, #5519 ) ;
#2409 = ORIENTED_EDGE ( 'NONE', *, *, #2238, .F. ) ;
#2410 = AXIS2_PLACEMENT_3D ( 'NONE', #5608, #1126, #707 ) ;
#2411 = CARTESIAN_POINT ( 'NONE',  ( -35.00000000000000000, 24.00000000000000000, 6.000000000000000000 ) ) ;
#2412 = CIRCLE ( 'NONE', #2869, 53.79999999999999716 ) ;
#2413 = B_SPLINE_CURVE_WITH_KNOTS ( 'NONE', 3,
 ( #1539, #5282, #2991, #852, #5227, #339, #791, #5725, #3529, #3556, #2587, #1320, #4844, #2146, #368, #1644, #3468, #5692, #2640, #1766, #3993, #762, #3499, #4373 ),
 .UNSPECIFIED., .F., .F.,
 ( 4, 2, 2, 2, 2, 2, 2, 2, 2, 2, 2, 4 ),
 ( 0.000000000000000000, 0.001632159082482871658, 0.002448238623724307596, 0.003264318164965743316, 0.004080397706207177302, 0.004896477247448611722, 0.006528636329931483163, 0.008160795412414354605, 0.009792954494897223444, 0.01060903403613866133, 0.01142511357738009922, 0.01305727265986297327 ),
 .UNSPECIFIED. ) ;
#2414 = CARTESIAN_POINT ( 'NONE',  ( -1.400000000000002798, 0.000000000000000000, 8.400000000000000355 ) ) ;
#2415 = FACE_OUTER_BOUND ( 'NONE', #2371, .T. ) ;
#2416 = DIRECTION ( 'NONE',  ( -1.000000000000000000, 0.000000000000000000, 0.000000000000000000 ) ) ;
#2417 = ORIENTED_EDGE ( 'NONE', *, *, #171, .F. ) ;
#2418 = CARTESIAN_POINT ( 'NONE',  ( -53.71895054788183899, -2.952268579086237743, -52.81822603626603296 ) ) ;
#2419 = EDGE_CURVE ( 'NONE', #779, #4780, #869, .T. ) ;
#2420 = CARTESIAN_POINT ( 'NONE',  ( -2.952065770300388525, -53.71896157578657949, -54.40216662906168210 ) ) ;
#2421 = CARTESIAN_POINT ( 'NONE',  ( 26.00000000000000000, 19.00000000000000000, 3.000000000000000000 ) ) ;
#2422 = ORIENTED_EDGE ( 'NONE', *, *, #4580, .T. ) ;
#2423 = VERTEX_POINT ( 'NONE', #3763 ) ;
#2424 = CARTESIAN_POINT ( 'NONE',  ( 51.39999999999999858, 0.000000000000000000, -17.00000000000001421 ) ) ;
#2425 = EDGE_CURVE ( 'NONE', #2611, #166, #1087, .T. ) ;
#2426 = CARTESIAN_POINT ( 'NONE',  ( 22.60055762081784536, 38.18440642122257600, 8.400000000000000355 ) ) ;
#2427 = CARTESIAN_POINT ( 'NONE',  ( 53.71347193939840281, -3.050070855000539094, -53.41211282150068484 ) ) ;
#2428 = DIRECTION ( 'NONE',  ( 0.000000000000000000, 0.000000000000000000, 1.000000000000000000 ) ) ;
#2429 = CARTESIAN_POINT ( 'NONE',  ( 24.08665009788450462, 23.07407515962453814, 4.843640159924745170 ) ) ;
#2430 = ORIENTED_EDGE ( 'NONE', *, *, #627, .F. ) ;
#2431 = EDGE_LOOP ( 'NONE', ( #4239, #3407, #1850, #4655 ) ) ;
#2432 = CARTESIAN_POINT ( 'NONE',  ( 25.47220077595679655, 23.46994678193089712, 4.843640159924741617 ) ) ;
#2433 = DIRECTION ( 'NONE',  ( 1.000000000000000000, 0.000000000000000000, 0.000000000000000000 ) ) ;
#2434 = EDGE_CURVE ( 'NONE', #3847, #709, #3141, .T. ) ;
#2435 = DIRECTION ( 'NONE',  ( -0.000000000000000000, -0.000000000000000000, -1.000000000000000000 ) ) ;
#2436 = CARTESIAN_POINT ( 'NONE',  ( 27.45081074238064289, 22.62129212085850938, 5.588572432666683021 ) ) ;
#2437 = ORIENTED_EDGE ( 'NONE', *, *, #3678, .T. ) ;
#2438 = AXIS2_PLACEMENT_3D ( 'NONE', #1636, #4781, #3493 ) ;
#2439 = CARTESIAN_POINT ( 'NONE',  ( -50.18067135222278097, 1.393460009088041129, -54.29635375879185233 ) ) ;
#2440 = CARTESIAN_POINT ( 'NONE',  ( -0.1035075568913042809, -50.19999734588620299, -55.15991404092984851 ) ) ;
#2441 = CIRCLE ( 'NONE', #4965, 3.049999999999998490 ) ;
#2442 = EDGE_CURVE ( 'NONE', #3865, #5637, #5574, .T. ) ;
#2443 = CARTESIAN_POINT ( 'NONE',  ( 28.43500108084743516, 15.74000000000000021, 2.095000000000000195 ) ) ;
#2444 = EDGE_CURVE ( 'NONE', #3097, #5072, #5122, .T. ) ;
#2445 = CARTESIAN_POINT ( 'NONE',  ( 28.70055762081783968, 38.18440642122257600, 8.400000000000000355 ) ) ;
#2446 = ORIENTED_EDGE ( 'NONE', *, *, #240, .F. ) ;
#2447 = LINE ( 'NONE', #638, #4026 ) ;
#2448 = AXIS2_PLACEMENT_3D ( 'NONE', #3178, #5034, #4616 ) ;
#2449 = DIRECTION ( 'NONE',  ( 1.000000000000000000, 0.000000000000000000, 0.000000000000000000 ) ) ;
#2450 = LINE ( 'NONE', #2004, #4643 ) ;
#2451 = ORIENTED_EDGE ( 'NONE', *, *, #56, .F. ) ;
#2452 = ORIENTED_EDGE ( 'NONE', *, *, #2360, .F. ) ;
#2453 = CARTESIAN_POINT ( 'NONE',  ( 45.87214922430570141, 20.63752286936939839, -14.57757522321185917 ) ) ;
#2454 = CARTESIAN_POINT ( 'NONE',  ( 40.00000000000000000, 13.69000000000000128, 1.435000000000000497 ) ) ;
#2455 = DIRECTION ( 'NONE',  ( -1.000000000000000000, 0.000000000000000000, 0.000000000000000000 ) ) ;
#2456 = ORIENTED_EDGE ( 'NONE', *, *, #3973, .T. ) ;
#2457 = ORIENTED_EDGE ( 'NONE', *, *, #4364, .F. ) ;
#2458 = CARTESIAN_POINT ( 'NONE',  ( -35.00000000000000000, 24.00000000000000000, 3.000000000000000000 ) ) ;
#2459 = CARTESIAN_POINT ( 'NONE',  ( -4.599999999999996980, -9.848053665376140131, 8.400000000000000355 ) ) ;
#2460 = CARTESIAN_POINT ( 'NONE',  ( 26.00000000000000000, 19.00000000000000000, 3.000000000000000000 ) ) ;
#2461 = DIRECTION ( 'NONE',  ( 1.000000000000000000, 0.000000000000000000, 0.000000000000000000 ) ) ;
#2462 = ORIENTED_EDGE ( 'NONE', *, *, #4082, .F. ) ;
#2463 = CARTESIAN_POINT ( 'NONE',  ( -50.17736704142944859, 1.509243226020483997, -53.20323851208615906 ) ) ;
#2464 = EDGE_CURVE ( 'NONE', #2219, #4385, #3342, .T. ) ;
#2465 = AXIS2_PLACEMENT_3D ( 'NONE', #657, #2435, #3311 ) ;
#2466 = CARTESIAN_POINT ( 'NONE',  ( -0.6882138283352337016, -50.19536974530645779, -55.00253626167652499 ) ) ;
#2467 = PLANE ( 'NONE',  #991 ) ;
#2468 = CARTESIAN_POINT ( 'NONE',  ( 25.33198316289223229, 22.84372967493409945, 3.394603722032883741 ) ) ;
#2469 = ORIENTED_EDGE ( 'NONE', *, *, #680, .F. ) ;
#2470 = CARTESIAN_POINT ( 'NONE',  ( -53.71894698606810437, -2.952330679265667612, -54.40121715886667886 ) ) ;
#2471 = EDGE_CURVE ( 'NONE', #1699, #1339, #3804, .T. ) ;
#2472 = CARTESIAN_POINT ( 'NONE',  ( -2.894401434845968346, -53.72213989742380846, -54.59231894394975626 ) ) ;
#2473 = EDGE_CURVE ( 'NONE', #3492, #18, #3353, .T. ) ;
#2474 = DIRECTION ( 'NONE',  ( -0.000000000000000000, 0.000000000000000000, 1.000000000000000000 ) ) ;
#2475 = ORIENTED_EDGE ( 'NONE', *, *, #2755, .F. ) ;
#2476 = ORIENTED_EDGE ( 'NONE', *, *, #913, .T. ) ;
#2477 = CARTESIAN_POINT ( 'NONE',  ( 41.39999999999999858, -1.934235304825850044, -8.595000000000000639 ) ) ;
#2478 = CARTESIAN_POINT ( 'NONE',  ( 53.79999999999999005, -0.2015640606902635579, -56.66000000000003212 ) ) ;
#2479 = DIRECTION ( 'NONE',  ( -0.000000000000000000, 0.000000000000000000, 1.000000000000000000 ) ) ;
#2480 = EDGE_LOOP ( 'NONE', ( #4881, #77, #1647, #4109 ) ) ;
#2481 = ORIENTED_EDGE ( 'NONE', *, *, #5016, .F. ) ;
#2482 = CARTESIAN_POINT ( 'NONE',  ( 25.20240187594964709, 25.75488141221893912, 6.000000000000000000 ) ) ;
#2483 = CARTESIAN_POINT ( 'NONE',  ( 25.19088756443951382, 25.85239644698270922, 6.000000000000000000 ) ) ;
#2484 = CARTESIAN_POINT ( 'NONE',  ( 52.70000000000000284, 1.266872011270215988E-15, -50.56000000000003780 ) ) ;
#2485 = CARTESIAN_POINT ( 'NONE',  ( 28.00808089916792198, 22.34927467007130630, 5.839913253501153534 ) ) ;
#2486 = AXIS2_PLACEMENT_3D ( 'NONE', #953, #4913, #864 ) ;
#2487 = ORIENTED_EDGE ( 'NONE', *, *, #4510, .F. ) ;
#2488 = CARTESIAN_POINT ( 'NONE',  ( -53.71348538370685333, 3.049834087550649109, -53.81371417215905240 ) ) ;
#2489 = DIRECTION ( 'NONE',  ( -1.000000000000000000, 4.476705744456272988E-15, 0.000000000000000000 ) ) ;
#2490 = EDGE_CURVE ( 'NONE', #1749, #2599, #505, .T. ) ;
#2491 = TOROIDAL_SURFACE ( 'NONE', #1831, 6.899999999999999467, 3.000000000000000000 ) ;
#2492 = TOROIDAL_SURFACE ( 'NONE', #2408, 6.899999999999999467, 3.000000000000000000 ) ;
#2493 = LINE ( 'NONE', #4778, #3815 ) ;
#2494 = DIRECTION ( 'NONE',  ( 1.000000000000000000, 0.000000000000000000, 0.000000000000000000 ) ) ;
#2495 = AXIS2_PLACEMENT_3D ( 'NONE', #4937, #3587, #1351 ) ;
#2496 = ORIENTED_EDGE ( 'NONE', *, *, #1928, .F. ) ;
#2497 = DIRECTION ( 'NONE',  ( -0.000000000000000000, -0.000000000000000000, -1.000000000000000000 ) ) ;
#2498 = VECTOR ( 'NONE', #1336, 1000.000000000000000 ) ;
#2499 = AXIS2_PLACEMENT_3D ( 'NONE', #989, #3283, #90 ) ;
#2500 = ADVANCED_FACE ( 'NONE', ( #245, #3906 ), #4842, .F. ) ;
#2501 = DIRECTION ( 'NONE',  ( -1.000000000000000000, 0.000000000000000000, 0.000000000000000000 ) ) ;
#2502 = CARTESIAN_POINT ( 'NONE',  ( 49.17244756683296458, -3.907978515194159286, -11.12855202239448538 ) ) ;
#2503 = ORIENTED_EDGE ( 'NONE', *, *, #962, .F. ) ;
#2504 = ORIENTED_EDGE ( 'NONE', *, *, #4401, .F. ) ;
#2505 = DIRECTION ( 'NONE',  ( -0.000000000000000000, -0.000000000000000000, 1.000000000000000000 ) ) ;
#2506 = ADVANCED_FACE ( 'NONE', ( #2084 ), #3868, .F. ) ;
#2507 = CIRCLE ( 'NONE', #5044, 3.900000000000000799 ) ;
#2508 = CARTESIAN_POINT ( 'NONE',  ( -35.00000000000000000, 24.00000000000000000, 6.000000000000000000 ) ) ;
#2509 = CARTESIAN_POINT ( 'NONE',  ( 53.85209996660934451, -3.868943754504272636, -11.34642723743065851 ) ) ;
#2510 = EDGE_CURVE ( 'NONE', #1081, #5457, #2525, .T. ) ;
#2511 = ORIENTED_EDGE ( 'NONE', *, *, #1574, .T. ) ;
#2512 = ORIENTED_EDGE ( 'NONE', *, *, #1891, .F. ) ;
#2513 = DIRECTION ( 'NONE',  ( 0.000000000000000000, 0.000000000000000000, 1.000000000000000000 ) ) ;
#2514 = DIRECTION ( 'NONE',  ( 0.000000000000000000, 0.000000000000000000, 1.000000000000000000 ) ) ;
#2515 = CARTESIAN_POINT ( 'NONE',  ( 29.46179512298117231, 24.88941278710344562, 6.000000000000000000 ) ) ;
#2516 = ORIENTED_EDGE ( 'NONE', *, *, #2779, .F. ) ;
#2517 = DIRECTION ( 'NONE',  ( 0.000000000000000000, -1.000000000000000000, 0.000000000000000000 ) ) ;
#2518 = CARTESIAN_POINT ( 'NONE',  ( 28.43500108084743516, 13.69000000000000128, 2.094999999999999751 ) ) ;
#2519 = CARTESIAN_POINT ( 'NONE',  ( 5.644289172708343877E-13, 53.80100000000057037, -53.61000000000003496 ) ) ;
#2520 = CYLINDRICAL_SURFACE ( 'NONE', #1839, 3.049999999999997158 ) ;
#2521 = ORIENTED_EDGE ( 'NONE', *, *, #296, .T. ) ;
#2522 = CARTESIAN_POINT ( 'NONE',  ( 24.40197625092476841, 24.54845265918539710, 5.895957083925942754 ) ) ;
#2523 = CARTESIAN_POINT ( 'NONE',  ( 24.80854524159118668, 22.77044419878428982, 3.760735703899338755 ) ) ;
#2524 = VECTOR ( 'NONE', #4336, 1000.000000000000000 ) ;
#2525 = LINE ( 'NONE', #1730, #5563 ) ;
#2526 = EDGE_CURVE ( 'NONE', #894, #2054, #2930, .T. ) ;
#2527 = DIRECTION ( 'NONE',  ( 0.000000000000000000, -1.000000000000000000, 0.000000000000000000 ) ) ;
#2528 = DIRECTION ( 'NONE',  ( -0.000000000000000000, 0.000000000000000000, 1.000000000000000000 ) ) ;
#2529 = ORIENTED_EDGE ( 'NONE', *, *, #5690, .T. ) ;
#2530 = VECTOR ( 'NONE', #903, 1000.000000000000000 ) ;
#2531 = CARTESIAN_POINT ( 'NONE',  ( 42.70417166748870130, 30.95886315040030468, -12.14060847358294737 ) ) ;
#2532 = PLANE ( 'NONE',  #3989 ) ;
#2533 = FACE_OUTER_BOUND ( 'NONE', #5277, .T. ) ;
#2534 = CARTESIAN_POINT ( 'NONE',  ( -3.000000000000000000, -1.500000000000000000, 6.000000000000000000 ) ) ;
#2535 = EDGE_CURVE ( 'NONE', #5283, #3826, #5103, .T. ) ;
#2536 = ORIENTED_EDGE ( 'NONE', *, *, #2875, .F. ) ;
#2537 = EDGE_LOOP ( 'NONE', ( #2666, #1135, #5818, #5119 ) ) ;
#2538 = CARTESIAN_POINT ( 'NONE',  ( 25.06012324949431402, 25.32723645064939788, 5.987411453016989960 ) ) ;
#2539 = CARTESIAN_POINT ( 'NONE',  ( -3.049999999999811529, 53.71347596274143399, -53.61000000000003496 ) ) ;
#2540 = ADVANCED_FACE ( 'NONE', ( #5253 ), #5225, .T. ) ;
#2541 = EDGE_CURVE ( 'NONE', #3735, #1827, #3125, .T. ) ;
#2542 = DIRECTION ( 'NONE',  ( 0.000000000000000000, 0.000000000000000000, -1.000000000000000000 ) ) ;
#2543 = CARTESIAN_POINT ( 'NONE',  ( 27.69390173082146589, 22.51319905309719971, 3.029287032268111357 ) ) ;
#2544 = ORIENTED_EDGE ( 'NONE', *, *, #753, .T. ) ;
#2545 = EDGE_LOOP ( 'NONE', ( #2758, #2810, #3, #4707 ) ) ;
#2546 = DIRECTION ( 'NONE',  ( -1.000000000000000000, 0.000000000000000000, 0.000000000000000000 ) ) ;
#2547 = CARTESIAN_POINT ( 'NONE',  ( 2.298674099642186164, 53.75105455872633797, -51.59552073306706887 ) ) ;
#2548 = DIRECTION ( 'NONE',  ( -0.000000000000000000, -0.000000000000000000, 1.000000000000000000 ) ) ;
#2549 = CARTESIAN_POINT ( 'NONE',  ( -1.549999999999826850, 50.17606501111860950, -53.81479090812523225 ) ) ;
#2550 = ORIENTED_EDGE ( 'NONE', *, *, #335, .F. ) ;
#2551 = DIRECTION ( 'NONE',  ( 1.000000000000000000, 0.000000000000000000, 0.000000000000000000 ) ) ;
#2552 = B_SPLINE_CURVE_WITH_KNOTS ( 'NONE', 3,
 ( #2730, #5461, #79, #1918, #143, #50, #3708, #5496, #1414, #1511, #3302, #950, #977, #1067, #1861, #170, #4528, #5004, #1888, #5721, #758, #5310, #5688, #4397, #1289, #3049, #363, #5251, #4755, #3080, #3461, #1231 ),
 .UNSPECIFIED., .F., .F.,
 ( 4, 2, 2, 2, 2, 2, 2, 2, 2, 2, 2, 2, 2, 2, 2, 4 ),
 ( 0.009537602769240986073, 0.01013356671515689908, 0.01072953066107281209, 0.01132549460698872509, 0.01192145855290463637, 0.01251742249882054937, 0.01311338644473646238, 0.01370935039065237539, 0.01430531433656828666, 0.01490127828248419967, 0.01549724222840011267, 0.01609320617431602568, 0.01668917012023193869, 0.01728513406614785169, 0.01788109801206376470, 0.01907302590389558725 ),
 .UNSPECIFIED. ) ;
#2553 = DIRECTION ( 'NONE',  ( 0.000000000000000000, 0.000000000000000000, 1.000000000000000000 ) ) ;
#2554 = CARTESIAN_POINT ( 'NONE',  ( 29.00000000000000000, 26.00000000000000000, 8.400000000000000355 ) ) ;
#2555 = FACE_OUTER_BOUND ( 'NONE', #692, .T. ) ;
#2556 = CARTESIAN_POINT ( 'NONE',  ( 48.33788216034861307, -4.000000000000095035, -37.06000000000000938 ) ) ;
#2557 = VECTOR ( 'NONE', #5161, 1000.000000000000000 ) ;
#2558 = ORIENTED_EDGE ( 'NONE', *, *, #2896, .T. ) ;
#2559 = CARTESIAN_POINT ( 'NONE',  ( 51.39999999999999858, 0.000000000000000000, -219.2793793113450533 ) ) ;
#2560 = FACE_OUTER_BOUND ( 'NONE', #5515, .T. ) ;
#2561 = CARTESIAN_POINT ( 'NONE',  ( 12.80000000000000071, 26.00000000000000000, -10.86772065218060312 ) ) ;
#2562 = CYLINDRICAL_SURFACE ( 'NONE', #4466, 1.550000000000001155 ) ;
#2563 = ORIENTED_EDGE ( 'NONE', *, *, #3300, .F. ) ;
#2564 = ORIENTED_EDGE ( 'NONE', *, *, #5158, .T. ) ;
#2565 = ORIENTED_EDGE ( 'NONE', *, *, #5167, .T. ) ;
#2566 = CARTESIAN_POINT ( 'NONE',  ( 50.18177812665433635, 1.354666886306632012, -54.38983822071181606 ) ) ;
#2567 = CARTESIAN_POINT ( 'NONE',  ( 0.000000000000000000, 0.000000000000000000, -17.00000000000001421 ) ) ;
#2568 = CIRCLE ( 'NONE', #2291, 3.000000000000000000 ) ;
#2569 = CYLINDRICAL_SURFACE ( 'NONE', #2088, 1.899999999999999023 ) ;
#2570 = LINE ( 'NONE', #289, #2216 ) ;
#2571 = ORIENTED_EDGE ( 'NONE', *, *, #1069, .T. ) ;
#2572 = ORIENTED_EDGE ( 'NONE', *, *, #3094, .T. ) ;
#2573 = CARTESIAN_POINT ( 'NONE',  ( -53.79133518514073131, 0.9828314219263657447, -56.50413107029985582 ) ) ;
#2574 = CARTESIAN_POINT ( 'NONE',  ( -3.049999999999811529, 53.71347596274144109, -53.20696398310451514 ) ) ;
#2575 = ADVANCED_FACE ( 'NONE', ( #2142 ), #1641, .F. ) ;
#2576 = CARTESIAN_POINT ( 'NONE',  ( 50.18069707148134029, -1.392536267519155935, -52.92178618410171964 ) ) ;
#2577 = AXIS2_PLACEMENT_3D ( 'NONE', #2654, #1835, #5768 ) ;
#2578 = CARTESIAN_POINT ( 'NONE',  ( 43.20000000000000284, -2.334235304825856616, -0.5949999999999983080 ) ) ;
#2579 = ORIENTED_EDGE ( 'NONE', *, *, #5045, .F. ) ;
#2580 = FACE_OUTER_BOUND ( 'NONE', #4613, .T. ) ;
#2581 = CARTESIAN_POINT ( 'NONE',  ( 24.39416090924784797, 22.93371657931703567, 4.473121036119983351 ) ) ;
#2582 = CIRCLE ( 'NONE', #312, 50.20000000000000284 ) ;
#2583 = AXIS2_PLACEMENT_3D ( 'NONE', #1434, #3196, #2264 ) ;
#2584 = CARTESIAN_POINT ( 'NONE',  ( 29.00000000000000000, 26.00000000000000000, -10.86772065218060312 ) ) ;
#2585 = TOROIDAL_SURFACE ( 'NONE', #5482, 6.899999999999999467, 3.000000000000000000 ) ;
#2586 = CARTESIAN_POINT ( 'NONE',  ( -4.599999999999996980, 6.848053665376141019, 6.000000000000000000 ) ) ;
#2587 = CARTESIAN_POINT ( 'NONE',  ( 53.31634100147649491, -7.199626527986858981, -14.93307934750974297 ) ) ;
#2588 = VECTOR ( 'NONE', #2505, 1000.000000000000000 ) ;
#2589 = EDGE_CURVE ( 'NONE', #1874, #4257, #2742, .T. ) ;
#2590 = VECTOR ( 'NONE', #5444, 1000.000000000000000 ) ;
#2591 = ORIENTED_EDGE ( 'NONE', *, *, #399, .F. ) ;
#2592 = EDGE_LOOP ( 'NONE', ( #4576, #5738 ) ) ;
#2593 = CARTESIAN_POINT ( 'NONE',  ( 42.39999999999999858, 31.70930462813714001, -10.59999999999999787 ) ) ;
#2594 = CIRCLE ( 'NONE', #2031, 4.699999999999995737 ) ;
#2595 = ADVANCED_FACE ( 'NONE', ( #1171 ), #3936, .F. ) ;
#2596 = B_SPLINE_CURVE_WITH_KNOTS ( 'NONE', 3,
 ( #1661, #5244, #780, #2103, #2573, #2947, #3453, #2918, #5166, #3488, #4832, #3924, #1224, #5714, #814, #4717, #2488, #4276, #1604, #3395, #356, #4010, #2192, #4447, #4478, #5741, #1756, #3126, #1282, #1786, #4507, #466 ),
 .UNSPECIFIED., .F., .F.,
 ( 4, 2, 2, 2, 2, 2, 2, 2, 2, 2, 2, 2, 2, 2, 2, 4 ),
 ( 0.009537602965752055642, 0.01013356692798195700, 0.01072953089021185837, 0.01132549485244176146, 0.01192145881467166282, 0.01251742277690156419, 0.01311338673913146555, 0.01370935070136136691, 0.01430531466359126827, 0.01490127862582116963, 0.01549724258805107273, 0.01609320655028097236, 0.01668917051251087719, 0.01728513447474077855, 0.01788109843697067991, 0.01907302636143048263 ),
 .UNSPECIFIED. ) ;
#2597 = CARTESIAN_POINT ( 'NONE',  ( -2.952703576415853792, 53.71892635072691036, -54.39965124467786239 ) ) ;
#2598 = CARTESIAN_POINT ( 'NONE',  ( 12.80000000000000071, 26.00000000000000000, 6.000000000000000000 ) ) ;
#2599 = VERTEX_POINT ( 'NONE', #2115 ) ;
#2600 = DIRECTION ( 'NONE',  ( 0.000000000000000000, 0.000000000000000000, 1.000000000000000000 ) ) ;
#2601 = CARTESIAN_POINT ( 'NONE',  ( 42.39999999999999858, 7.065764695174149068, 47.16456800719578979 ) ) ;
#2602 = CARTESIAN_POINT ( 'NONE',  ( -6.999999999999997335, 6.000000000000001776, -10.86772065218060312 ) ) ;
#2603 = ORIENTED_EDGE ( 'NONE', *, *, #4985, .T. ) ;
#2604 = CARTESIAN_POINT ( 'NONE',  ( 27.92367851307058046, 22.39366187664063901, 3.000000014184081021 ) ) ;
#2605 = ORIENTED_EDGE ( 'NONE', *, *, #3605, .T. ) ;
#2606 = ORIENTED_EDGE ( 'NONE', *, *, #3688, .T. ) ;
#2607 = DIRECTION ( 'NONE',  ( 0.000000000000000000, 0.000000000000000000, 1.000000000000000000 ) ) ;
#2608 = CARTESIAN_POINT ( 'NONE',  ( 46.39999999999999858, -3.934235304825850488, -10.60000000000000142 ) ) ;
#2609 = DIRECTION ( 'NONE',  ( -1.047444401652940007E-14, -1.000000000000000000, -0.000000000000000000 ) ) ;
#2610 = DIRECTION ( 'NONE',  ( 1.000000000000000000, 0.000000000000000000, 0.000000000000000000 ) ) ;
#2611 = VERTEX_POINT ( 'NONE', #2616 ) ;
#2612 = FACE_OUTER_BOUND ( 'NONE', #1531, .T. ) ;
#2613 = FACE_OUTER_BOUND ( 'NONE', #4288, .T. ) ;
#2614 = EDGE_CURVE ( 'NONE', #3972, #1948, #2568, .T. ) ;
#2615 = EDGE_CURVE ( 'NONE', #2235, #954, #4243, .T. ) ;
#2616 = CARTESIAN_POINT ( 'NONE',  ( 12.80000000000000071, 26.00000000000000000, 8.400000000000000355 ) ) ;
#2617 = CARTESIAN_POINT ( 'NONE',  ( -41.23440642122230315, 25.65055762081824042, 7.599999999999998757 ) ) ;
#2618 = FACE_OUTER_BOUND ( 'NONE', #389, .T. ) ;
#2619 = ORIENTED_EDGE ( 'NONE', *, *, #5475, .F. ) ;
#2620 = LINE ( 'NONE', #5632, #2056 ) ;
#2621 = CARTESIAN_POINT ( 'NONE',  ( 43.15126157899476311, 29.79833809392060218, -12.94093280093081155 ) ) ;
#2622 = FACE_OUTER_BOUND ( 'NONE', #3909, .T. ) ;
#2623 = CIRCLE ( 'NONE', #929, 3.049999999999997158 ) ;
#2624 = ORIENTED_EDGE ( 'NONE', *, *, #1640, .F. ) ;
#2625 = CARTESIAN_POINT ( 'NONE',  ( 50.19968411640065398, 0.2039053618144605062, -52.07013719385908246 ) ) ;
#2626 = CYLINDRICAL_SURFACE ( 'NONE', #4496, 1.550000000000001155 ) ;
#2627 = CARTESIAN_POINT ( 'NONE',  ( 24.00000000000000000, 26.00000000000000000, 6.000000000000000000 ) ) ;
#2628 = ORIENTED_EDGE ( 'NONE', *, *, #1284, .F. ) ;
#2629 = EDGE_CURVE ( 'NONE', #4035, #5493, #4812, .T. ) ;
#2630 = DIRECTION ( 'NONE',  ( 1.047444401652940007E-14, 1.000000000000000000, -0.000000000000000000 ) ) ;
#2631 = ORIENTED_EDGE ( 'NONE', *, *, #3862, .F. ) ;
#2632 = PLANE ( 'NONE',  #1589 ) ;
#2633 = CARTESIAN_POINT ( 'NONE',  ( -3.000000000000000000, -1.500000000000000000, -10.86772065218060312 ) ) ;
#2634 = DIRECTION ( 'NONE',  ( 0.000000000000000000, 0.000000000000000000, 1.000000000000000000 ) ) ;
#2635 = ORIENTED_EDGE ( 'NONE', *, *, #6, .F. ) ;
#2636 = DIRECTION ( 'NONE',  ( 0.000000000000000000, 0.000000000000000000, 1.000000000000000000 ) ) ;
#2637 = EDGE_CURVE ( 'NONE', #4050, #4992, #2277, .T. ) ;
#2638 = CARTESIAN_POINT ( 'NONE',  ( -1.240490042835656226, -50.18487961889032078, -52.65839058563622643 ) ) ;
#2639 = DIRECTION ( 'NONE',  ( -0.000000000000000000, -0.000000000000000000, 1.000000000000000000 ) ) ;
#2640 = CARTESIAN_POINT ( 'NONE',  ( 53.73435933898007022, -2.669708582706388889, -18.19129444126921769 ) ) ;
#2641 = VERTEX_POINT ( 'NONE', #4371 ) ;
#2642 = CARTESIAN_POINT ( 'NONE',  ( -53.79999999999999005, -0.2015640606902636134, -50.56000000000004491 ) ) ;
#2643 = EDGE_CURVE ( 'NONE', #299, #264, #5280, .T. ) ;
#2644 = CARTESIAN_POINT ( 'NONE',  ( 53.00000000000000000, 6.490628035480971530E-15, -42.96000000000002927 ) ) ;
#2645 = EDGE_CURVE ( 'NONE', #1558, #4792, #5448, .T. ) ;
#2646 = CARTESIAN_POINT ( 'NONE',  ( 53.79999999999999716, 0.000000000000000000, -56.66000000000003212 ) ) ;
#2647 = FACE_OUTER_BOUND ( 'NONE', #5801, .T. ) ;
#2648 = EDGE_LOOP ( 'NONE', ( #2195, #3916, #3662, #2572 ) ) ;
#2649 = ORIENTED_EDGE ( 'NONE', *, *, #390, .T. ) ;
#2650 = LINE ( 'NONE', #433, #414 ) ;
#2651 = CARTESIAN_POINT ( 'NONE',  ( 8.354123777873128646E-18, 0.06576469517415549360, -10.60000000000000142 ) ) ;
#2652 = DIRECTION ( 'NONE',  ( -0.000000000000000000, -0.000000000000000000, -1.000000000000000000 ) ) ;
#2653 = EDGE_LOOP ( 'NONE', ( #863, #3192, #1014, #3275, #2529 ) ) ;
#2654 = CARTESIAN_POINT ( 'NONE',  ( 0.000000000000000000, 0.000000000000000000, -42.96000000000002927 ) ) ;
#2655 = ORIENTED_EDGE ( 'NONE', *, *, #4357, .F. ) ;
#2656 = CARTESIAN_POINT ( 'NONE',  ( 3.049999999999436273, -53.71347596274145531, -53.61000000000003496 ) ) ;
#2657 = CARTESIAN_POINT ( 'NONE',  ( -27.43999999999999773, -18.00000000000000000, 3.000000000000000000 ) ) ;
#2658 = FACE_BOUND ( 'NONE', #5753, .T. ) ;
#2659 = VERTEX_POINT ( 'NONE', #2692 ) ;
#2660 = CARTESIAN_POINT ( 'NONE',  ( 26.27000000000000313, -18.00000000000000355, 6.000000000000000000 ) ) ;
#2661 = CARTESIAN_POINT ( 'NONE',  ( 24.32049729412310768, 23.77664121593745961, 5.449510744776543625 ) ) ;
#2662 = VECTOR ( 'NONE', #4036, 1000.000000000000000 ) ;
#2663 = CARTESIAN_POINT ( 'NONE',  ( 24.89999999999999858, 19.00000000000000000, 0.000000000000000000 ) ) ;
#2664 = CARTESIAN_POINT ( 'NONE',  ( 52.70000000000000995, 8.933547375302734704E-16, -53.61000000000003496 ) ) ;
#2665 = FACE_OUTER_BOUND ( 'NONE', #1857, .T. ) ;
#2666 = ORIENTED_EDGE ( 'NONE', *, *, #2967, .F. ) ;
#2667 = CARTESIAN_POINT ( 'NONE',  ( 48.88818068769630543, 22.51996285352253580, -15.08220180625271034 ) ) ;
#2668 = AXIS2_PLACEMENT_3D ( 'NONE', #860, #2214, #4004 ) ;
#2669 = CARTESIAN_POINT ( 'NONE',  ( 26.00000000000000000, 19.00000000000000000, 3.000000000000000000 ) ) ;
#2670 = VECTOR ( 'NONE', #4114, 1000.000000000000000 ) ;
#2671 = CARTESIAN_POINT ( 'NONE',  ( -35.00000000000000000, 24.00000000000000000, 6.000000000000000000 ) ) ;
#2672 = AXIS2_PLACEMENT_3D ( 'NONE', #2518, #4331, #815 ) ;
#2673 = DIRECTION ( 'NONE',  ( 0.000000000000000000, 0.000000000000000000, -1.000000000000000000 ) ) ;
#2674 = CIRCLE ( 'NONE', #1459, 1.550000000000002709 ) ;
#2675 = VERTEX_POINT ( 'NONE', #3195 ) ;
#2676 = AXIS2_PLACEMENT_3D ( 'NONE', #3794, #5093, #5554 ) ;
#2677 = CARTESIAN_POINT ( 'NONE',  ( 48.39999999999999147, 4.081702296416024043E-14, -32.11000000000002785 ) ) ;
#2678 = PLANE ( 'NONE',  #2900 ) ;
#2679 = AXIS2_PLACEMENT_3D ( 'NONE', #4042, #5799, #388 ) ;
#2680 = DIRECTION ( 'NONE',  ( 1.000000000000000000, 0.000000000000000000, 0.000000000000000000 ) ) ;
#2681 = EDGE_LOOP ( 'NONE', ( #1028, #4481, #4118, #3813 ) ) ;
#2682 = EDGE_CURVE ( 'NONE', #5501, #1819, #3104, .T. ) ;
#2683 = CARTESIAN_POINT ( 'NONE',  ( -4.997679776475233030E-16, -3.934235304825844715, 8.399999999999998579 ) ) ;
#2684 = EDGE_LOOP ( 'NONE', ( #2907, #1741 ) ) ;
#2685 = CYLINDRICAL_SURFACE ( 'NONE', #2060, 53.79999999999999716 ) ;
#2686 = CARTESIAN_POINT ( 'NONE',  ( 46.39999999999999858, 0.06576469517414959554, -8.594999999999998863 ) ) ;
#2687 = VECTOR ( 'NONE', #690, 1000.000000000000000 ) ;
#2688 = FACE_OUTER_BOUND ( 'NONE', #1377, .T. ) ;
#2689 = ORIENTED_EDGE ( 'NONE', *, *, #4511, .T. ) ;
#2690 = PLANE ( 'NONE',  #3088 ) ;
#2691 = CARTESIAN_POINT ( 'NONE',  ( 23.98333528669131809, 23.89510823399325901, 5.556038982956394534 ) ) ;
#2692 = CARTESIAN_POINT ( 'NONE',  ( 53.79999999999999716, 6.588599779412759964E-15, -67.11000000000002785 ) ) ;
#2693 = DIRECTION ( 'NONE',  ( -0.000000000000000000, -0.000000000000000000, 1.000000000000000000 ) ) ;
#2694 = CARTESIAN_POINT ( 'NONE',  ( -50.17734210136627127, -1.510095427187583494, -53.20565446927505349 ) ) ;
#2695 = ORIENTED_EDGE ( 'NONE', *, *, #3401, .F. ) ;
#2696 = CARTESIAN_POINT ( 'NONE',  ( 42.66104299828464264, 32.77952931688579241, -14.63375839662377409 ) ) ;
#2697 = CARTESIAN_POINT ( 'NONE',  ( 25.36014760636370369, 22.84717438271625412, 3.016273742859028495 ) ) ;
#2698 = DIRECTION ( 'NONE',  ( 1.000000000000000000, -0.000000000000000000, -0.000000000000000000 ) ) ;
#2699 = ORIENTED_EDGE ( 'NONE', *, *, #2786, .F. ) ;
#2700 = ORIENTED_EDGE ( 'NONE', *, *, #1586, .T. ) ;
#2701 = DIRECTION ( 'NONE',  ( -0.000000000000000000, -0.000000000000000000, 1.000000000000000000 ) ) ;
#2702 = CARTESIAN_POINT ( 'NONE',  ( 29.89999999999999858, 19.00000000000000000, 6.000000000000000000 ) ) ;
#2703 = ADVANCED_FACE ( 'NONE', ( #4485 ), #1403, .F. ) ;
#2704 = DIRECTION ( 'NONE',  ( 0.000000000000000000, 0.000000000000000000, -1.000000000000000000 ) ) ;
#2705 = AXIS2_PLACEMENT_3D ( 'NONE', #3577, #1372, #2229 ) ;
#2706 = CARTESIAN_POINT ( 'NONE',  ( 53.79735999172298477, -2.630733076078678678, -13.57559671961533176 ) ) ;
#2707 = CYLINDRICAL_SURFACE ( 'NONE', #27, 3.049999999999997158 ) ;
#2708 = EDGE_LOOP ( 'NONE', ( #3334, #5747 ) ) ;
#2709 = VECTOR ( 'NONE', #3659, 1000.000000000000000 ) ;
#2710 = CIRCLE ( 'NONE', #5160, 4.000000000000003553 ) ;
#2711 = DIRECTION ( 'NONE',  ( 1.000000000000000000, -1.137523590804464473E-14, 0.000000000000000000 ) ) ;
#2712 = EDGE_CURVE ( 'NONE', #5077, #1955, #2920, .T. ) ;
#2713 = DIRECTION ( 'NONE',  ( -1.000000000000000000, 0.000000000000000000, 0.000000000000000000 ) ) ;
#2714 = EDGE_CURVE ( 'NONE', #1558, #4057, #4135, .T. ) ;
#2715 = CARTESIAN_POINT ( 'NONE',  ( -1.549999999999436717, 53.80100000000058458, -53.61000000000003496 ) ) ;
#2716 = ORIENTED_EDGE ( 'NONE', *, *, #5091, .T. ) ;
#2717 = CARTESIAN_POINT ( 'NONE',  ( 24.72669570023905194, 23.42423776156813275, 5.051644724063733882 ) ) ;
#2718 = CARTESIAN_POINT ( 'NONE',  ( 23.81522412708099168, 23.95385846997779566, 5.612844125377386639 ) ) ;
#2719 = DIRECTION ( 'NONE',  ( -1.000000000000000000, 0.000000000000000000, 0.000000000000000000 ) ) ;
#2720 = CARTESIAN_POINT ( 'NONE',  ( 1.550000000000175682, 50.17606501111859529, -53.61000000000003496 ) ) ;
#2721 = CARTESIAN_POINT ( 'NONE',  ( 51.79721518977233785, -0.5944102568656171037, -42.07102370764673793 ) ) ;
#2722 = ORIENTED_EDGE ( 'NONE', *, *, #209, .F. ) ;
#2723 = DIRECTION ( 'NONE',  ( 0.000000000000000000, -1.000000000000000000, 0.000000000000000000 ) ) ;
#2724 = CARTESIAN_POINT ( 'NONE',  ( 25.07276767712555454, 22.78817272570515229, 3.092133121957276298 ) ) ;
#2725 = CARTESIAN_POINT ( 'NONE',  ( -33.90000000000000568, 24.00000000000000000, 6.000000000000000000 ) ) ;
#2726 = CARTESIAN_POINT ( 'NONE',  ( 52.70000000000000995, 1.083174991398113068E-15, -52.06000000000003070 ) ) ;
#2727 = ORIENTED_EDGE ( 'NONE', *, *, #4082, .T. ) ;
#2728 = ORIENTED_EDGE ( 'NONE', *, *, #2745, .T. ) ;
#2729 = DIRECTION ( 'NONE',  ( 0.000000000000000000, 0.000000000000000000, 1.000000000000000000 ) ) ;
#2730 = CARTESIAN_POINT ( 'NONE',  ( -3.050000000000559819, -53.71347596274138425, -53.61000000000003496 ) ) ;
#2731 = AXIS2_PLACEMENT_3D ( 'NONE', #5267, #3035, #862 ) ;
#2732 = CARTESIAN_POINT ( 'NONE',  ( -50.20000000000000284, -8.933547375302734704E-16, -52.06000000000003070 ) ) ;
#2733 = CARTESIAN_POINT ( 'NONE',  ( 53.79995308849060365, 0.07104700000741555332, -18.60000000000000142 ) ) ;
#2734 = CARTESIAN_POINT ( 'NONE',  ( 24.31736568433986534, 24.84272776651148718, 6.000000000000000000 ) ) ;
#2735 = ORIENTED_EDGE ( 'NONE', *, *, #3219, .F. ) ;
#2736 = CARTESIAN_POINT ( 'NONE',  ( 24.94120995534395746, 23.68897607790922422, 5.228680510721731345 ) ) ;
#2737 = VECTOR ( 'NONE', #4224, 1000.000000000000000 ) ;
#2738 = CARTESIAN_POINT ( 'NONE',  ( 27.85326158718369527, 25.64645931977841542, 6.000000000000000000 ) ) ;
#2739 = AXIS2_PLACEMENT_3D ( 'NONE', #1669, #1261, #759 ) ;
#2740 = DIRECTION ( 'NONE',  ( 0.000000000000000000, 0.000000000000000000, -1.000000000000000000 ) ) ;
#2741 = CARTESIAN_POINT ( 'NONE',  ( 24.15697855784591042, 24.63804048011481385, 5.952608876484762668 ) ) ;
#2742 = CIRCLE ( 'NONE', #582, 48.39999999999999858 ) ;
#2743 = CARTESIAN_POINT ( 'NONE',  ( 0.000000000000000000, 0.000000000000000000, -219.2793793113450533 ) ) ;
#2744 = ORIENTED_EDGE ( 'NONE', *, *, #1599, .F. ) ;
#2745 = EDGE_CURVE ( 'NONE', #3198, #4140, #2837, .T. ) ;
#2746 = CARTESIAN_POINT ( 'NONE',  ( -53.79999999999999716, 0.000000000000000000, 8.400000000000000355 ) ) ;
#2747 = CARTESIAN_POINT ( 'NONE',  ( 1.549999999999476463, -50.17606501111860950, -53.61000000000003496 ) ) ;
#2748 = CARTESIAN_POINT ( 'NONE',  ( -1.549999999999826850, 50.17606501111860240, -53.61000000000003496 ) ) ;
#2749 = DIRECTION ( 'NONE',  ( 0.000000000000000000, 0.000000000000000000, -1.000000000000000000 ) ) ;
#2750 = ORIENTED_EDGE ( 'NONE', *, *, #2949, .F. ) ;
#2751 = CARTESIAN_POINT ( 'NONE',  ( 43.04543580617492182, 32.27433807514828601, -15.19809707721569936 ) ) ;
#2752 = CARTESIAN_POINT ( 'NONE',  ( 42.20358714982759807, 33.36733213708046719, -13.81624521110835069 ) ) ;
#2753 = CARTESIAN_POINT ( 'NONE',  ( 42.39999999999999858, -1.934235304825850044, -7.745671117884097789 ) ) ;
#2754 = CARTESIAN_POINT ( 'NONE',  ( 24.67190694393520545, 22.66706668846814310, 3.056705769200715572 ) ) ;
#2755 = EDGE_CURVE ( 'NONE', #2659, #3298, #287, .T. ) ;
#2756 = AXIS2_PLACEMENT_3D ( 'NONE', #1234, #1672, #4430 ) ;
#2757 = ORIENTED_EDGE ( 'NONE', *, *, #5722, .T. ) ;
#2758 = ORIENTED_EDGE ( 'NONE', *, *, #543, .T. ) ;
#2759 = CARTESIAN_POINT ( 'NONE',  ( 53.80000000000000426, 0.4030359969764854000, -56.66000000000003922 ) ) ;
#2760 = CARTESIAN_POINT ( 'NONE',  ( 28.43500108084743516, -1.934235304825850044, -7.594999999999999751 ) ) ;
#2761 = CIRCLE ( 'NONE', #3340, 1.199999999999999734 ) ;
#2762 = LINE ( 'NONE', #1416, #478 ) ;
#2763 = CARTESIAN_POINT ( 'NONE',  ( 49.68022308625965167, -1.710023444788504321, -14.19379070342695393 ) ) ;
#2764 = CIRCLE ( 'NONE', #3614, 6.899999999999999467 ) ;
#2765 = CARTESIAN_POINT ( 'NONE',  ( 42.57824975517713284, -1.946831987204112879, -7.857430875935420111 ) ) ;
#2766 = EDGE_LOOP ( 'NONE', ( #588, #1194, #4815, #5620 ) ) ;
#2767 = VERTEX_POINT ( 'NONE', #2663 ) ;
#2768 = CIRCLE ( 'NONE', #1181, 1.100000000000000311 ) ;
#2769 = AXIS2_PLACEMENT_3D ( 'NONE', #2813, #4604, #4225 ) ;
#2770 = CARTESIAN_POINT ( 'NONE',  ( 24.69658755508575254, 23.52797936660561717, 5.172738607943516698 ) ) ;
#2771 = DIRECTION ( 'NONE',  ( 0.000000000000000000, 0.000000000000000000, -1.000000000000000000 ) ) ;
#2772 =( LENGTH_UNIT ( ) NAMED_UNIT ( * ) SI_UNIT ( .MILLI., .METRE. ) );
#2773 = EDGE_CURVE ( 'NONE', #4505, #4853, #5694, .T. ) ;
#2774 = FILL_AREA_STYLE_COLOUR ( '', #3285 ) ;
#2775 = DIRECTION ( 'NONE',  ( -1.000000000000000000, 0.000000000000000000, 0.000000000000000000 ) ) ;
#2776 = ORIENTED_EDGE ( 'NONE', *, *, #2182, .F. ) ;
#2777 = CARTESIAN_POINT ( 'NONE',  ( -50.19427667983217134, 0.7809514063794100736, -54.96423776566209796 ) ) ;
#2778 = AXIS2_PLACEMENT_3D ( 'NONE', #280, #4880, #1299 ) ;
#2779 = EDGE_CURVE ( 'NONE', #5659, #3865, #3510, .T. ) ;
#2780 = CARTESIAN_POINT ( 'NONE',  ( -0.4022397235503359925, -50.19848619990577987, -55.11030223011634632 ) ) ;
#2781 = CARTESIAN_POINT ( 'NONE',  ( -1.167334603082500921, 50.18647673313078172, -52.58527794137768296 ) ) ;
#2782 = DIRECTION ( 'NONE',  ( -1.000000000000000000, 0.000000000000000000, 0.000000000000000000 ) ) ;
#2783 = ORIENTED_EDGE ( 'NONE', *, *, #2106, .T. ) ;
#2784 = CARTESIAN_POINT ( 'NONE',  ( -53.71348000816626467, -3.049928756116755846, -53.40993466429625158 ) ) ;
#2785 = CARTESIAN_POINT ( 'NONE',  ( 41.78000924800629434, 33.89566264083231317, -12.71213948103919655 ) ) ;
#2786 = EDGE_CURVE ( 'NONE', #5148, #1097, #5010, .T. ) ;
#2787 = ADVANCED_FACE ( 'NONE', ( #2293 ), #1716, .F. ) ;
#2788 = LINE ( 'NONE', #5427, #2866 ) ;
#2789 = CARTESIAN_POINT ( 'NONE',  ( 24.58840793688893456, 22.63561810164316768, 3.033166938924673595 ) ) ;
#2790 = AXIS2_PLACEMENT_3D ( 'NONE', #2910, #650, #1538 ) ;
#2791 = ORIENTED_EDGE ( 'NONE', *, *, #5623, .T. ) ;
#2792 = EDGE_LOOP ( 'NONE', ( #2876, #2020 ) ) ;
#2793 = CARTESIAN_POINT ( 'NONE',  ( 53.76245619000732034, 2.014479728025725169, -51.31132630485974033 ) ) ;
#2794 = CARTESIAN_POINT ( 'NONE',  ( 1.831077118195029171E-13, 52.70000000000000995, -53.61000000000003496 ) ) ;
#2795 = DIRECTION ( 'NONE',  ( 1.000000000000000000, 0.000000000000000000, 0.000000000000000000 ) ) ;
#2796 = CARTESIAN_POINT ( 'NONE',  ( 49.80065591667241875, -0.1990212197566944008, -14.60000000000000142 ) ) ;
#2797 = CIRCLE ( 'NONE', #5702, 3.049999999999997158 ) ;
#2798 = DIRECTION ( 'NONE',  ( 1.000000000000000000, 0.000000000000000000, 0.000000000000000000 ) ) ;
#2799 = ORIENTED_EDGE ( 'NONE', *, *, #3890, .F. ) ;
#2800 = ORIENTED_EDGE ( 'NONE', *, *, #4401, .T. ) ;
#2801 = CARTESIAN_POINT ( 'NONE',  ( 24.74079461038161654, 23.91526882962540768, 5.498893790257644909 ) ) ;
#2802 = CARTESIAN_POINT ( 'NONE',  ( 24.89999999999999858, 19.00000000000000000, 6.000000000000000000 ) ) ;
#2803 = DIRECTION ( 'NONE',  ( -0.000000000000000000, 0.000000000000000000, 1.000000000000000000 ) ) ;
#2804 = AXIS2_PLACEMENT_3D ( 'NONE', #3263, #667, #571 ) ;
#2805 = CARTESIAN_POINT ( 'NONE',  ( 0.000000000000000000, 0.000000000000000000, -32.11000000000002785 ) ) ;
#2806 = EDGE_CURVE ( 'NONE', #1287, #813, #186, .T. ) ;
#2807 = CARTESIAN_POINT ( 'NONE',  ( 27.16413817463423896, 22.72687400608002406, 5.708372246830887953 ) ) ;
#2808 = VECTOR ( 'NONE', #1160, 1000.000000000000000 ) ;
#2809 = VECTOR ( 'NONE', #3738, 1000.000000000000000 ) ;
#2810 = ORIENTED_EDGE ( 'NONE', *, *, #1107, .F. ) ;
#2811 = CYLINDRICAL_SURFACE ( 'NONE', #3463, 8.500000000000000000 ) ;
#2812 = DIRECTION ( 'NONE',  ( 1.000000000000000000, 0.000000000000000000, 0.000000000000000000 ) ) ;
#2813 = CARTESIAN_POINT ( 'NONE',  ( 28.17000000000000171, -18.00000000000000355, 6.000000000000000000 ) ) ;
#2814 = CARTESIAN_POINT ( 'NONE',  ( 24.92539656901921674, 22.74903034551388004, 3.437730372481706986 ) ) ;
#2815 = ORIENTED_EDGE ( 'NONE', *, *, #110, .F. ) ;
#2816 = LINE ( 'NONE', #1582, #4679 ) ;
#2817 = EDGE_CURVE ( 'NONE', #189, #5707, #5567, .T. ) ;
#2818 = CARTESIAN_POINT ( 'NONE',  ( 41.49419145213238380, 34.24431299370871784, -11.03865295372043320 ) ) ;
#2819 = DIRECTION ( 'NONE',  ( -0.000000000000000000, 0.000000000000000000, 1.000000000000000000 ) ) ;
#2820 = CARTESIAN_POINT ( 'NONE',  ( 49.73838495004844162, -1.228857721458300301, -14.39375650905739334 ) ) ;
#2821 = ORIENTED_EDGE ( 'NONE', *, *, #4278, .T. ) ;
#2822 = ORIENTED_EDGE ( 'NONE', *, *, #2, .T. ) ;
#2823 = CARTESIAN_POINT ( 'NONE',  ( 53.79455732399416945, 0.7901044839660209540, -50.65730388886667868 ) ) ;
#2824 = EDGE_CURVE ( 'NONE', #2224, #5605, #5745, .T. ) ;
#2825 = CARTESIAN_POINT ( 'NONE',  ( 42.57824975517713284, -1.946831987204112879, -1.332569124064577837 ) ) ;
#2826 = CARTESIAN_POINT ( 'NONE',  ( 53.75109573208689540, -2.297721046238980769, -55.62557872502288348 ) ) ;
#2827 = CARTESIAN_POINT ( 'NONE',  ( 49.64540724046622699, -1.939672590447456990, -14.07081197154986540 ) ) ;
#2828 = CARTESIAN_POINT ( 'NONE',  ( 42.49321128057695773, -1.934235304825850266, -7.797486613504947428 ) ) ;
#2829 = EDGE_LOOP ( 'NONE', ( #740, #5484 ) ) ;
#2830 = ORIENTED_EDGE ( 'NONE', *, *, #5164, .T. ) ;
#2831 = CARTESIAN_POINT ( 'NONE',  ( 25.21391401725408343, 25.65738475698953991, 5.995119876875310005 ) ) ;
#2832 = CARTESIAN_POINT ( 'NONE',  ( 42.39999999999999858, 15.74000000000000021, 2.095000000000000195 ) ) ;
#2833 = DIRECTION ( 'NONE',  ( -1.000000000000000000, 0.000000000000000000, 0.000000000000000000 ) ) ;
#2834 = SURFACE_SIDE_STYLE ('',( #4599 ) ) ;
#2835 = PLANE ( 'NONE',  #5030 ) ;
#2836 = EDGE_CURVE ( 'NONE', #1153, #3077, #1432, .T. ) ;
#2837 = CIRCLE ( 'NONE', #4522, 1.199999999999999734 ) ;
#2838 = EDGE_LOOP ( 'NONE', ( #2631, #3116, #982, #1419 ) ) ;
#2839 = DIRECTION ( 'NONE',  ( -1.000000000000000000, 0.000000000000000000, 0.000000000000000000 ) ) ;
#2840 = AXIS2_PLACEMENT_3D ( 'NONE', #4502, #4911, #4473 ) ;
#2841 = CARTESIAN_POINT ( 'NONE',  ( -1.550000000000526068, -50.17606501111858108, -53.81228342228492778 ) ) ;
#2842 = CARTESIAN_POINT ( 'NONE',  ( 0.6882138283348832042, 50.19536974530646489, -55.00253626167652499 ) ) ;
#2843 = EDGE_CURVE ( 'NONE', #578, #1002, #387, .T. ) ;
#2844 = CARTESIAN_POINT ( 'NONE',  ( -50.19999999999999574, -0.2047909072360093174, -52.06000000000002359 ) ) ;
#2845 = ORIENTED_EDGE ( 'NONE', *, *, #627, .T. ) ;
#2846 = DIRECTION ( 'NONE',  ( -0.000000000000000000, -0.000000000000000000, -1.000000000000000000 ) ) ;
#2847 = CARTESIAN_POINT ( 'NONE',  ( 0.2037140841702000382, 53.79999059462373623, -50.56016590472552963 ) ) ;
#2848 = CARTESIAN_POINT ( 'NONE',  ( -0.3999935242739223740, -53.79886870444728686, -56.64022873993868501 ) ) ;
#2849 = CARTESIAN_POINT ( 'NONE',  ( 49.52674318748309190, -2.578526378583735124, -13.61245485182012516 ) ) ;
#2850 = ADVANCED_FACE ( 'NONE', ( #662 ), #5079, .F. ) ;
#2851 = ORIENTED_EDGE ( 'NONE', *, *, #4070, .F. ) ;
#2852 = EDGE_LOOP ( 'NONE', ( #281, #3602, #3714, #930 ) ) ;
#2853 = CARTESIAN_POINT ( 'NONE',  ( 53.79999999999999716, 0.1990335549638718171, -50.56000000000003780 ) ) ;
#2854 = CARTESIAN_POINT ( 'NONE',  ( 43.20000000000000284, -2.334235304825856616, -0.5949999999999983080 ) ) ;
#2855 = CARTESIAN_POINT ( 'NONE',  ( 53.78330744456332724, -1.352762355922509041, -56.35089517002977999 ) ) ;
#2856 = FACE_OUTER_BOUND ( 'NONE', #4703, .T. ) ;
#2857 = CARTESIAN_POINT ( 'NONE',  ( 46.39999999999999858, 18.08535318980527862, -14.60000000000000142 ) ) ;
#2858 = ORIENTED_EDGE ( 'NONE', *, *, #549, .F. ) ;
#2859 = ORIENTED_EDGE ( 'NONE', *, *, #1878, .F. ) ;
#2860 = CARTESIAN_POINT ( 'NONE',  ( 25.36717452932853689, 24.35941708000751404, 5.603339363713483401 ) ) ;
#2861 = FACE_OUTER_BOUND ( 'NONE', #4348, .T. ) ;
#2862 = CIRCLE ( 'NONE', #988, 53.79999999999999716 ) ;
#2863 = CARTESIAN_POINT ( 'NONE',  ( -35.14000000000000057, -18.00000000000000000, 3.000000000000000000 ) ) ;
#2864 = EDGE_CURVE ( 'NONE', #2333, #738, #5511, .T. ) ;
#2865 = FACE_OUTER_BOUND ( 'NONE', #3008, .T. ) ;
#2866 = VECTOR ( 'NONE', #2300, 1000.000000000000000 ) ;
#2867 = CIRCLE ( 'NONE', #5774, 53.79999999999999716 ) ;
#2868 = CARTESIAN_POINT ( 'NONE',  ( 28.30042085834223897, 25.01832875278632784, 6.000000009927377143 ) ) ;
#2869 = AXIS2_PLACEMENT_3D ( 'NONE', #3812, #4199, #1555 ) ;
#2870 = VERTEX_POINT ( 'NONE', #210 ) ;
#2871 = CARTESIAN_POINT ( 'NONE',  ( -50.20000000000000284, 0.1024186528227179760, -52.06000000000004491 ) ) ;
#2872 = CARTESIAN_POINT ( 'NONE',  ( 53.79999999999999716, 6.588599779412759964E-15, 8.400000000000000355 ) ) ;
#2873 = CARTESIAN_POINT ( 'NONE',  ( -41.23440642122230315, 25.65055762081824042, 8.400000000000000355 ) ) ;
#2874 = CARTESIAN_POINT ( 'NONE',  ( 25.02984414858531537, 22.77896873452660742, 3.438246722844732428 ) ) ;
#2875 = EDGE_CURVE ( 'NONE', #2188, #3880, #3757, .T. ) ;
#2876 = ORIENTED_EDGE ( 'NONE', *, *, #5731, .F. ) ;
#2877 = DIRECTION ( 'NONE',  ( 1.000000000000000000, -0.000000000000000000, -0.000000000000000000 ) ) ;
#2878 = CARTESIAN_POINT ( 'NONE',  ( 3.049999999999435385, -53.71347596274144820, -53.81156407201673630 ) ) ;
#2879 = LINE ( 'NONE', #4231, #1176 ) ;
#2880 = VERTEX_POINT ( 'NONE', #3811 ) ;
#2881 = ORIENTED_EDGE ( 'NONE', *, *, #3393, .T. ) ;
#2882 = DIRECTION ( 'NONE',  ( 0.8588089941350619538, -0.5122959218974161288, 0.000000000000000000 ) ) ;
#2883 = LINE ( 'NONE', #1567, #3149 ) ;
#2884 = CARTESIAN_POINT ( 'NONE',  ( 41.91951663925972582, -1.934235304825850266, -7.594999999999857643 ) ) ;
#2885 = ORIENTED_EDGE ( 'NONE', *, *, #1037, .F. ) ;
#2886 = ORIENTED_EDGE ( 'NONE', *, *, #630, .T. ) ;
#2887 = CARTESIAN_POINT ( 'NONE',  ( 25.06653012926101454, 25.39867718809560770, 5.999999999999999112 ) ) ;
#2888 = DIRECTION ( 'NONE',  ( 3.491481338843133355E-15, 1.000000000000000000, 0.000000000000000000 ) ) ;
#2889 = EDGE_CURVE ( 'NONE', #4853, #4505, #649, .T. ) ;
#2890 = LINE ( 'NONE', #2484, #5184 ) ;
#2891 = LINE ( 'NONE', #534, #706 ) ;
#2892 = EDGE_CURVE ( 'NONE', #3675, #1774, #5480, .T. ) ;
#2893 = ORIENTED_EDGE ( 'NONE', *, *, #4014, .T. ) ;
#2894 = DIRECTION ( 'NONE',  ( -0.000000000000000000, -0.000000000000000000, 1.000000000000000000 ) ) ;
#2895 =( BOUNDED_SURFACE ( )  B_SPLINE_SURFACE ( 3, 2, ( 
 ( #2376, #1962, #3751 ),
 ( #1490, #5535, #5047 ),
 ( #1021, #659, #4219 ),
 ( #1520, #2807, #3312 ),
 ( #4688, #4662, #5104 ),
 ( #1993, #1080, #2868 ),
 ( #629, #2436, #3780 ),
 ( #1546, #5186, #748 ),
 ( #810, #776, #351 ),
 ( #2543, #3450, #2944 ),
 ( #1158, #1624, #4273 ),
 ( #325, #2485, #2916 ),
 ( #2604, #4327, #2515 ),
 ( #1691, #4301, #4387 ) ),
 .UNSPECIFIED., .F., .F., .F. ) 
 B_SPLINE_SURFACE_WITH_KNOTS ( ( 4, 2, 2, 2, 2, 2, 4 ),
 ( 3, 3 ),
 ( 0.0003588227237733594569, 0.0008172227895726440726, 0.001046422822472286435, 0.001275622855371928797, 0.001504822888271571159, 0.001734022921171213521, 0.002192422986970498245 ),
 ( 0.000000000000000000, 1.000000000000000000 ),
 .UNSPECIFIED. ) 
 GEOMETRIC_REPRESENTATION_ITEM ( )  RATIONAL_B_SPLINE_SURFACE ( (
 ( 1.000000000000000000, 0.7071067811865482389, 1.000000000000000000),
 ( 1.000000000000000000, 0.7150484813434425657, 1.000000000000000000),
 ( 1.000000000000000000, 0.7266798411251295109, 1.000000000000000000),
 ( 1.000000000000000000, 0.7444920888166645101, 1.000000000000000000),
 ( 1.000000000000000000, 0.7504129836789663610, 1.000000000000000000),
 ( 1.000000000000000000, 0.7592660617078574870, 1.000000000000000000),
 ( 1.000000000000000000, 0.7620342015491958776, 1.000000000000000000),
 ( 1.000000000000000000, 0.7620451522643567621, 1.000000000000000000),
 ( 1.000000000000000000, 0.7592835550831892322, 1.000000000000000000),
 ( 1.000000000000000000, 0.7504337498112613192, 1.000000000000000000),
 ( 1.000000000000000000, 0.7445104532876118952, 1.000000000000000000),
 ( 1.000000000000000000, 0.7266893430537968435, 1.000000000000000000),
 ( 1.000000000000000000, 0.7150507729713126981, 1.000000000000000000),
 ( 1.000000000000000000, 0.7071067811865483499, 1.000000000000000000) ) ) 
 REPRESENTATION_ITEM ( '' )  SURFACE ( )  );
#2896 = EDGE_CURVE ( 'NONE', #4801, #1360, #581, .T. ) ;
#2897 = CARTESIAN_POINT ( 'NONE',  ( 1.238410994199501181, -50.18492648640918219, -54.56382236504127548 ) ) ;
#2898 = AXIS2_PLACEMENT_3D ( 'NONE', #447, #4541, #2261 ) ;
#2899 = B_SPLINE_CURVE_WITH_KNOTS ( 'NONE', 3,
 ( #4641, #137, #2388, #1587, #1947, #217 ),
 .UNSPECIFIED., .F., .F.,
 ( 4, 2, 4 ),
 ( 0.000000000000000000, 0.0005166418070720068569, 0.001033283614144013714 ),
 .UNSPECIFIED. ) ;
#2900 = AXIS2_PLACEMENT_3D ( 'NONE', #4472, #434, #4149 ) ;
#2901 = DIRECTION ( 'NONE',  ( 0.000000000000000000, 0.000000000000000000, 1.000000000000000000 ) ) ;
#2902 = CARTESIAN_POINT ( 'NONE',  ( 25.33225036956140030, 22.84380518139779426, 3.017825131131341543 ) ) ;
#2903 = EDGE_LOOP ( 'NONE', ( #3236, #2563 ) ) ;
#2904 = CYLINDRICAL_SURFACE ( 'NONE', #163, 4.699999999999995737 ) ;
#2905 = CARTESIAN_POINT ( 'NONE',  ( 2.015579204427676352, -53.76241502537414618, -55.90772062391871344 ) ) ;
#2906 = CARTESIAN_POINT ( 'NONE',  ( 49.22965426019261059, -3.726178553971351892, -11.89956630403265159 ) ) ;
#2907 = ORIENTED_EDGE ( 'NONE', *, *, #3146, .F. ) ;
#2908 = ORIENTED_EDGE ( 'NONE', *, *, #3580, .T. ) ;
#2909 = CARTESIAN_POINT ( 'NONE',  ( -4.599999999999996980, 0.000000000000000000, -10.86772065218060312 ) ) ;
#2910 = CARTESIAN_POINT ( 'NONE',  ( -52.70000000000000995, -8.933547375302734704E-16, -53.61000000000003496 ) ) ;
#2911 = ORIENTED_EDGE ( 'NONE', *, *, #5645, .F. ) ;
#2912 = ORIENTED_EDGE ( 'NONE', *, *, #2922, .T. ) ;
#2913 = CARTESIAN_POINT ( 'NONE',  ( 50.19406558615043679, 0.7764533848601498089, -54.95531866336797577 ) ) ;
#2914 = CARTESIAN_POINT ( 'NONE',  ( 41.39999999999999858, 22.18000000000000327, 1.435000000000000053 ) ) ;
#2915 = CYLINDRICAL_SURFACE ( 'NONE', #3313, 1.199999999999999734 ) ;
#2916 = CARTESIAN_POINT ( 'NONE',  ( 29.35575787879957232, 24.84110644863133999, 5.999999986830169441 ) ) ;
#2917 = VERTEX_POINT ( 'NONE', #1523 ) ;
#2918 = CARTESIAN_POINT ( 'NONE',  ( -53.76806763192193017, 1.860860046124093836, -56.03487107334419903 ) ) ;
#2919 = CARTESIAN_POINT ( 'NONE',  ( 50.19429849822825673, -0.7792299933394287725, -52.25498857234648398 ) ) ;
#2920 = CIRCLE ( 'NONE', #1334, 7.699999999999998401 ) ;
#2921 = CARTESIAN_POINT ( 'NONE',  ( -32.13999999999999346, -18.00000000000000000, 6.000000000000000000 ) ) ;
#2922 = EDGE_CURVE ( 'NONE', #2423, #5401, #5109, .T. ) ;
#2923 = VERTEX_POINT ( 'NONE', #2983 ) ;
#2924 = DIRECTION ( 'NONE',  ( 0.000000000000000000, 0.000000000000000000, 1.000000000000000000 ) ) ;
#2925 = AXIS2_PLACEMENT_3D ( 'NONE', #3241, #1386, #111 ) ;
#2926 = AXIS2_PLACEMENT_3D ( 'NONE', #3317, #4573, #567 ) ;
#2927 = EDGE_CURVE ( 'NONE', #3246, #4258, #1101, .T. ) ;
#2928 = CARTESIAN_POINT ( 'NONE',  ( 1.528576075778855348, -53.77853921556394567, -56.25691900745754737 ) ) ;
#2929 = CARTESIAN_POINT ( 'NONE',  ( 49.80065897134242192, -0.2001776981441625303, -14.60000000000000142 ) ) ;
#2930 = CIRCLE ( 'NONE', #3406, 2.049999999999999822 ) ;
#2931 = EDGE_LOOP ( 'NONE', ( #3820, #1858, #1103, #5509 ) ) ;
#2932 = ORIENTED_EDGE ( 'NONE', *, *, #4038, .F. ) ;
#2933 = LINE ( 'NONE', #1209, #805 ) ;
#2934 = EDGE_CURVE ( 'NONE', #3955, #2266, #5403, .T. ) ;
#2935 = DIRECTION ( 'NONE',  ( -0.000000000000000000, -0.000000000000000000, 1.000000000000000000 ) ) ;
#2936 = CARTESIAN_POINT ( 'NONE',  ( 49.16388827307757481, -3.934235304825851376, -10.60000000000000142 ) ) ;
#2937 = VERTEX_POINT ( 'NONE', #1607 ) ;
#2938 = ORIENTED_EDGE ( 'NONE', *, *, #1297, .T. ) ;
#2939 = FACE_OUTER_BOUND ( 'NONE', #2139, .T. ) ;
#2940 = AXIS2_PLACEMENT_3D ( 'NONE', #3537, #858, #2271 ) ;
#2941 = CARTESIAN_POINT ( 'NONE',  ( 3.100000000000000533, -7.419459434779496654, 8.400000000000000355 ) ) ;
#2942 = AXIS2_PLACEMENT_3D ( 'NONE', #1192, #2074, #3921 ) ;
#2943 = DIRECTION ( 'NONE',  ( -0.000000000000000000, -0.000000000000000000, -1.000000000000000000 ) ) ;
#2944 = CARTESIAN_POINT ( 'NONE',  ( 28.99898927615852529, 24.79454839089369500, 5.999999990063234812 ) ) ;
#2945 = AXIS2_PLACEMENT_3D ( 'NONE', #2398, #4654, #3244 ) ;
#2946 = VERTEX_POINT ( 'NONE', #1632 ) ;
#2947 = CARTESIAN_POINT ( 'NONE',  ( -53.78337567537574415, 1.349888723371599264, -56.35221674754475174 ) ) ;
#2948 = FACE_OUTER_BOUND ( 'NONE', #1515, .T. ) ;
#2949 = EDGE_CURVE ( 'NONE', #5458, #4133, #2493, .T. ) ;
#2950 = AXIS2_PLACEMENT_3D ( 'NONE', #3816, #4171, #1911 ) ;
#2951 = VECTOR ( 'NONE', #3974, 1000.000000000000000 ) ;
#2952 = AXIS2_PLACEMENT_3D ( 'NONE', #5657, #3964, #1643 ) ;
#2953 = CARTESIAN_POINT ( 'NONE',  ( 50.18487004752829961, -1.233681447969091183, -54.55380637058299698 ) ) ;
#2954 = DIRECTION ( 'NONE',  ( 0.000000000000000000, 0.000000000000000000, 1.000000000000000000 ) ) ;
#2955 = ORIENTED_EDGE ( 'NONE', *, *, #4903, .T. ) ;
#2956 = DIRECTION ( 'NONE',  ( 1.000000000000000000, -0.000000000000000000, -0.000000000000000000 ) ) ;
#2957 = CIRCLE ( 'NONE', #1645, 1.000000000000000000 ) ;
#2958 = AXIS2_PLACEMENT_3D ( 'NONE', #2099, #1133, #5241 ) ;
#2959 = CARTESIAN_POINT ( 'NONE',  ( 24.53543150810782336, 22.61598626494364339, 3.394574254021363480 ) ) ;
#2960 = ADVANCED_FACE ( 'NONE', ( #3398 ), #4392, .F. ) ;
#2961 = DIRECTION ( 'NONE',  ( 0.000000000000000000, 0.000000000000000000, -1.000000000000000000 ) ) ;
#2962 = CIRCLE ( 'NONE', #4279, 8.500000000000000000 ) ;
#2963 = LINE ( 'NONE', #2144, #1832 ) ;
#2964 = CARTESIAN_POINT ( 'NONE',  ( 23.06684828461709102, 25.24552808131916848, 6.000000000000000000 ) ) ;
#2965 = ORIENTED_EDGE ( 'NONE', *, *, #4296, .F. ) ;
#2966 = CARTESIAN_POINT ( 'NONE',  ( 42.84280742720577706, 32.56999103821880226, -12.54828568305034153 ) ) ;
#2967 = EDGE_CURVE ( 'NONE', #5411, #4992, #4280, .T. ) ;
#2968 = EDGE_CURVE ( 'NONE', #3865, #4987, #2507, .T. ) ;
#2969 = CARTESIAN_POINT ( 'NONE',  ( 23.85263532075160597, 24.78675146050980516, 6.000000000000000888 ) ) ;
#2970 = CARTESIAN_POINT ( 'NONE',  ( -2.015579204428047166, 53.76241502537413197, -55.90772062391872055 ) ) ;
#2971 = DIRECTION ( 'NONE',  ( -1.000000000000000000, 0.000000000000000000, 0.000000000000000000 ) ) ;
#2972 = VERTEX_POINT ( 'NONE', #4333 ) ;
#2973 = ORIENTED_EDGE ( 'NONE', *, *, #5108, .T. ) ;
#2974 = CARTESIAN_POINT ( 'NONE',  ( 50.18201245767619412, 1.344907734017166012, -52.83287323253915702 ) ) ;
#2975 = CYLINDRICAL_SURFACE ( 'NONE', #2154, 3.049999999999997158 ) ;
#2976 = CYLINDRICAL_SURFACE ( 'NONE', #2465, 3.900000000000000799 ) ;
#2977 = DIRECTION ( 'NONE',  ( -0.000000000000000000, 0.000000000000000000, 1.000000000000000000 ) ) ;
#2978 = ORIENTED_EDGE ( 'NONE', *, *, #2008, .T. ) ;
#2979 = CIRCLE ( 'NONE', #4927, 2.999999999999999112 ) ;
#2980 = ORIENTED_EDGE ( 'NONE', *, *, #4791, .T. ) ;
#2981 = CARTESIAN_POINT ( 'NONE',  ( 49.16388827307757481, -3.934235304825850488, -14.59999999999999964 ) ) ;
#2982 = CARTESIAN_POINT ( 'NONE',  ( 2.424871403938521297, 53.74544126575491987, -51.74914039718744618 ) ) ;
#2983 = CARTESIAN_POINT ( 'NONE',  ( 46.39999999999999858, 0.06576469517414959554, -14.60000000000000142 ) ) ;
#2984 = DIRECTION ( 'NONE',  ( 1.000000000000000000, 0.000000000000000000, 0.000000000000000000 ) ) ;
#2985 = VERTEX_POINT ( 'NONE', #2051 ) ;
#2986 = CARTESIAN_POINT ( 'NONE',  ( 23.47000000000000597, -18.00000000000000355, 6.000000000000000000 ) ) ;
#2987 = DIRECTION ( 'NONE',  ( 1.000000000000000000, 0.000000000000000000, 0.000000000000000000 ) ) ;
#2988 = VECTOR ( 'NONE', #5387, 1000.000000000000000 ) ;
#2989 = CARTESIAN_POINT ( 'NONE',  ( -3.000000000000000000, -1.500000000000000000, 8.400000000000000355 ) ) ;
#2990 = DIRECTION ( 'NONE',  ( -1.000000000000000000, 0.000000000000000000, 0.000000000000000000 ) ) ;
#2991 = CARTESIAN_POINT ( 'NONE',  ( 53.12262042198101142, -8.511273823323069365, -11.68890805582925907 ) ) ;
#2992 = ADVANCED_FACE ( 'NONE', ( #3429 ), #721, .F. ) ;
#2993 = ORIENTED_EDGE ( 'NONE', *, *, #2645, .T. ) ;
#2994 = AXIS2_PLACEMENT_3D ( 'NONE', #1485, #2771, #3687 ) ;
#2995 = CIRCLE ( 'NONE', #3935, 0.8000000000000020428 ) ;
#2996 = CARTESIAN_POINT ( 'NONE',  ( 42.97055306847266110, 32.40070279467283143, -12.78902525270712154 ) ) ;
#2997 = CARTESIAN_POINT ( 'NONE',  ( -1.400000000000002798, 6.848053665376141019, -10.86772065218060312 ) ) ;
#2998 = CARTESIAN_POINT ( 'NONE',  ( 53.80000000000001137, -0.1990790492814218382, -50.56000000000005201 ) ) ;
#2999 = CIRCLE ( 'NONE', #5252, 8.500000000000000000 ) ;
#3000 = DIRECTION ( 'NONE',  ( -0.000000000000000000, -0.000000000000000000, -1.000000000000000000 ) ) ;
#3001 = ORIENTED_EDGE ( 'NONE', *, *, #5293, .T. ) ;
#3002 = ORIENTED_EDGE ( 'NONE', *, *, #2682, .F. ) ;
#3003 = ADVANCED_FACE ( 'NONE', ( #1579 ), #5649, .F. ) ;
#3004 = DIRECTION ( 'NONE',  ( 1.000000000000000000, -0.000000000000000000, -0.000000000000000000 ) ) ;
#3005 = LINE ( 'NONE', #5183, #4959 ) ;
#3006 = CARTESIAN_POINT ( 'NONE',  ( -48.39999999999999858, 0.000000000000000000, -45.12002512578678193 ) ) ;
#3007 = DIRECTION ( 'NONE',  ( -1.047444401652940007E-14, -1.000000000000000000, 0.000000000000000000 ) ) ;
#3008 = EDGE_LOOP ( 'NONE', ( #5646, #2893, #409, #756 ) ) ;
#3009 = VERTEX_POINT ( 'NONE', #5190 ) ;
#3010 = FACE_OUTER_BOUND ( 'NONE', #2708, .T. ) ;
#3011 = CARTESIAN_POINT ( 'NONE',  ( -2.295973455703970600, 53.75117085286817087, -51.59242457833695994 ) ) ;
#3012 = EDGE_CURVE ( 'NONE', #5458, #3038, #366, .T. ) ;
#3013 = CARTESIAN_POINT ( 'NONE',  ( 50.17638239969370773, -1.539818176101275471, -53.40588346227926309 ) ) ;
#3014 = CARTESIAN_POINT ( 'NONE',  ( -1.023651667399416265, 50.18961311190834351, -54.77827735897012928 ) ) ;
#3015 = ORIENTED_EDGE ( 'NONE', *, *, #4191, .T. ) ;
#3016 = DIRECTION ( 'NONE',  ( 0.000000000000000000, 0.000000000000000000, -1.000000000000000000 ) ) ;
#3017 = ADVANCED_FACE ( 'NONE', ( #3490 ), #4732, .T. ) ;
#3018 = DIRECTION ( 'NONE',  ( 1.000000000000000000, 0.000000000000000000, -0.000000000000000000 ) ) ;
#3019 = AXIS2_PLACEMENT_3D ( 'NONE', #4218, #5102, #1961 ) ;
#3020 = DIRECTION ( 'NONE',  ( -0.000000000000000000, 0.000000000000000000, 1.000000000000000000 ) ) ;
#3021 = DIRECTION ( 'NONE',  ( 0.000000000000000000, 0.000000000000000000, -1.000000000000000000 ) ) ;
#3022 = FACE_OUTER_BOUND ( 'NONE', #479, .T. ) ;
#3023 = CIRCLE ( 'NONE', #383, 50.20000000000000284 ) ;
#3024 = ORIENTED_EDGE ( 'NONE', *, *, #1203, .F. ) ;
#3025 = ORIENTED_EDGE ( 'NONE', *, *, #1534, .F. ) ;
#3026 = DIRECTION ( 'NONE',  ( 0.000000000000000000, -1.000000000000000000, 0.000000000000000000 ) ) ;
#3027 = CARTESIAN_POINT ( 'NONE',  ( 53.73498762960993247, -2.646379215300754595, -52.08072771129808842 ) ) ;
#3028 = CARTESIAN_POINT ( 'NONE',  ( 48.36040681458412394, -1.959086257756129434, -39.01234102781238988 ) ) ;
#3029 = EDGE_CURVE ( 'NONE', #2350, #3939, #1430, .T. ) ;
#3030 = ORIENTED_EDGE ( 'NONE', *, *, #3764, .F. ) ;
#3031 = VERTEX_POINT ( 'NONE', #5529 ) ;
#3032 = CARTESIAN_POINT ( 'NONE',  ( 25.40707773546760606, 24.02147568156489044, 5.399000527194537824 ) ) ;
#3033 = CARTESIAN_POINT ( 'NONE',  ( 28.43500108084743516, -1.934235304825850710, -1.594999999999999973 ) ) ;
#3034 = VECTOR ( 'NONE', #641, 1000.000000000000000 ) ;
#3035 = DIRECTION ( 'NONE',  ( 0.000000000000000000, 0.000000000000000000, 1.000000000000000000 ) ) ;
#3036 = ORIENTED_EDGE ( 'NONE', *, *, #3336, .F. ) ;
#3037 = DIRECTION ( 'NONE',  ( 0.000000000000000000, 0.000000000000000000, -1.000000000000000000 ) ) ;
#3038 = VERTEX_POINT ( 'NONE', #3411 ) ;
#3039 = EDGE_LOOP ( 'NONE', ( #3557, #5431, #5199, #5699 ) ) ;
#3040 = CARTESIAN_POINT ( 'NONE',  ( -3.000000000000000000, -1.500000000000000000, 6.000000000000000000 ) ) ;
#3041 = ADVANCED_FACE ( 'NONE', ( #1151, #5555 ), #252, .F. ) ;
#3042 = DIRECTION ( 'NONE',  ( 0.000000000000000000, 0.000000000000000000, -1.000000000000000000 ) ) ;
#3043 = EDGE_CURVE ( 'NONE', #1339, #1699, #3256, .T. ) ;
#3044 = DIRECTION ( 'NONE',  ( 1.000000000000000000, 0.000000000000000000, 0.000000000000000000 ) ) ;
#3045 = CIRCLE ( 'NONE', #2396, 3.049999999999997158 ) ;
#3046 = DIRECTION ( 'NONE',  ( -0.000000000000000000, -0.000000000000000000, 1.000000000000000000 ) ) ;
#3047 = ORIENTED_EDGE ( 'NONE', *, *, #3511, .F. ) ;
#3048 = DIRECTION ( 'NONE',  ( -1.000000000000000000, 0.000000000000000000, 0.000000000000000000 ) ) ;
#3049 = CARTESIAN_POINT ( 'NONE',  ( 2.295973455703595789, -53.75117085286817797, -51.59242457833695283 ) ) ;
#3050 = VECTOR ( 'NONE', #5703, 1000.000000000000000 ) ;
#3051 = VECTOR ( 'NONE', #5540, 1000.000000000000000 ) ;
#3052 = DIRECTION ( 'NONE',  ( -1.000000000000000000, 0.000000000000000000, 0.000000000000000000 ) ) ;
#3053 = AXIS2_PLACEMENT_3D ( 'NONE', #1854, #3142, #3201 ) ;
#3054 = DIRECTION ( 'NONE',  ( 1.137523590804464788E-14, 1.000000000000000000, 0.000000000000000000 ) ) ;
#3055 = VECTOR ( 'NONE', #2237, 1000.000000000000000 ) ;
#3056 = CIRCLE ( 'NONE', #3716, 1.899999999999999023 ) ;
#3057 = ORIENTED_EDGE ( 'NONE', *, *, #1107, .T. ) ;
#3058 = ORIENTED_EDGE ( 'NONE', *, *, #4357, .T. ) ;
#3059 = DIRECTION ( 'NONE',  ( 1.000000000000000000, 0.000000000000000000, 0.000000000000000000 ) ) ;
#3060 = VECTOR ( 'NONE', #5505, 1000.000000000000000 ) ;
#3061 = CYLINDRICAL_SURFACE ( 'NONE', #2310, 3.049999999999997158 ) ;
#3062 = ADVANCED_FACE ( 'NONE', ( #1127 ), #146, .F. ) ;
#3063 = CARTESIAN_POINT ( 'NONE',  ( 48.39930162503946320, -0.2965997561881180133, -37.08130864814426531 ) ) ;
#3064 = ORIENTED_EDGE ( 'NONE', *, *, #5003, .T. ) ;
#3065 = CARTESIAN_POINT ( 'NONE',  ( -53.80100000000000193, -1.387778780781445676E-14, -42.16000000000002501 ) ) ;
#3066 = FACE_OUTER_BOUND ( 'NONE', #5416, .T. ) ;
#3067 = CARTESIAN_POINT ( 'NONE',  ( 29.00000000000000000, 26.00000000000000000, 6.000000000000000000 ) ) ;
#3068 = ORIENTED_EDGE ( 'NONE', *, *, #502, .F. ) ;
#3069 = AXIS2_PLACEMENT_3D ( 'NONE', #735, #2065, #5204 ) ;
#3070 = CARTESIAN_POINT ( 'NONE',  ( -6.999999999999997335, -9.000000000000001776, -10.86772065218060312 ) ) ;
#3071 = ORIENTED_EDGE ( 'NONE', *, *, #1389, .F. ) ;
#3072 = EDGE_CURVE ( 'NONE', #1827, #3735, #2047, .T. ) ;
#3073 = CYLINDRICAL_SURFACE ( 'NONE', #2349, 53.79999999999999716 ) ;
#3074 = DIRECTION ( 'NONE',  ( -1.000000000000000000, 0.000000000000000000, 0.000000000000000000 ) ) ;
#3075 = EDGE_CURVE ( 'NONE', #5215, #4716, #1109, .T. ) ;
#3076 = CYLINDRICAL_SURFACE ( 'NONE', #996, 48.39999999999999858 ) ;
#3077 = VERTEX_POINT ( 'NONE', #4210 ) ;
#3078 = EDGE_CURVE ( 'NONE', #4888, #1874, #4011, .T. ) ;
#3079 = CARTESIAN_POINT ( 'NONE',  ( 24.92638889819713555, 22.74931449762295088, 3.114204189450903382 ) ) ;
#3080 = CARTESIAN_POINT ( 'NONE',  ( 2.968973747733187007, -53.71823238202244966, -52.80657252281434921 ) ) ;
#3081 = DIRECTION ( 'NONE',  ( -1.000000000000000000, 1.270305253563490991E-16, -0.000000000000000000 ) ) ;
#3082 = CARTESIAN_POINT ( 'NONE',  ( 0.000000000000000000, 0.000000000000000000, -45.12002512578678193 ) ) ;
#3083 = CYLINDRICAL_SURFACE ( 'NONE', #1920, 1.550000000000002709 ) ;
#3084 = EDGE_LOOP ( 'NONE', ( #878, #4635 ) ) ;
#3085 = CARTESIAN_POINT ( 'NONE',  ( 42.57672520250166315, 31.27706791556521893, -11.81044133825874098 ) ) ;
#3086 = CARTESIAN_POINT ( 'NONE',  ( 53.79452273702649734, -0.7921667246011228070, -50.65793425128324401 ) ) ;
#3087 = DIRECTION ( 'NONE',  ( 1.000000000000000000, -8.953411488912545976E-15, 0.000000000000000000 ) ) ;
#3088 = AXIS2_PLACEMENT_3D ( 'NONE', #2196, #4924, #4893 ) ;
#3089 = AXIS2_PLACEMENT_3D ( 'NONE', #2651, #5374, #1357 ) ;
#3090 = EDGE_LOOP ( 'NONE', ( #3148, #2184 ) ) ;
#3091 = CARTESIAN_POINT ( 'NONE',  ( 5.500000000000000888, -1.500000000000000000, 6.000000000000000000 ) ) ;
#3092 = DIRECTION ( 'NONE',  ( 0.000000000000000000, 0.000000000000000000, 1.000000000000000000 ) ) ;
#3093 = ORIENTED_EDGE ( 'NONE', *, *, #3281, .T. ) ;
#3094 = EDGE_CURVE ( 'NONE', #432, #1774, #5510, .T. ) ;
#3095 = DIRECTION ( 'NONE',  ( 0.000000000000000000, 0.000000000000000000, -1.000000000000000000 ) ) ;
#3096 = VERTEX_POINT ( 'NONE', #1513 ) ;
#3097 = VERTEX_POINT ( 'NONE', #4264 ) ;
#3098 = CARTESIAN_POINT ( 'NONE',  ( 48.39999999999999147, 4.081702296416024043E-14, -37.06000000000003070 ) ) ;
#3099 = DIRECTION ( 'NONE',  ( -0.000000000000000000, -0.000000000000000000, -1.000000000000000000 ) ) ;
#3100 = FACE_OUTER_BOUND ( 'NONE', #666, .T. ) ;
#3101 = ORIENTED_EDGE ( 'NONE', *, *, #3477, .T. ) ;
#3102 = CARTESIAN_POINT ( 'NONE',  ( 0.9999999999999974465, 0.000000000000000000, 8.400000000000000355 ) ) ;
#3103 = CARTESIAN_POINT ( 'NONE',  ( 23.95223705875933717, 23.65070590122549632, 5.393042073937824199 ) ) ;
#3104 = LINE ( 'NONE', #3991, #4713 ) ;
#3105 = EDGE_CURVE ( 'NONE', #2946, #1420, #2979, .T. ) ;
#3106 = DIRECTION ( 'NONE',  ( -1.000000000000000000, -0.000000000000000000, -0.000000000000000000 ) ) ;
#3107 = FACE_BOUND ( 'NONE', #651, .T. ) ;
#3108 = EDGE_LOOP ( 'NONE', ( #941, #3846, #485, #5139, #887, #800, #5777, #2858 ) ) ;
#3109 = CARTESIAN_POINT ( 'NONE',  ( 42.47910770151472093, 33.01495934907657670, -14.33030514208499717 ) ) ;
#3110 = CARTESIAN_POINT ( 'NONE',  ( 42.66238416395314204, 31.06433087132134929, -12.04261804593148000 ) ) ;
#3111 = EDGE_CURVE ( 'NONE', #283, #3513, #5299, .T. ) ;
#3112 = PLANE ( 'NONE',  #4271 ) ;
#3113 = CARTESIAN_POINT ( 'NONE',  ( 48.40000000000000568, -0.1502628264292635851, -37.06000000000003070 ) ) ;
#3114 = CIRCLE ( 'NONE', #4999, 1.199999999999999734 ) ;
#3115 = ORIENTED_EDGE ( 'NONE', *, *, #1934, .T. ) ;
#3116 = ORIENTED_EDGE ( 'NONE', *, *, #4240, .T. ) ;
#3117 = DIRECTION ( 'NONE',  ( 0.000000000000000000, 0.000000000000000000, -1.000000000000000000 ) ) ;
#3118 = DIRECTION ( 'NONE',  ( -1.000000000000000000, 4.476705744456272988E-15, 0.000000000000000000 ) ) ;
#3119 = AXIS2_PLACEMENT_3D ( 'NONE', #4136, #5018, #3348 ) ;
#3120 = FACE_OUTER_BOUND ( 'NONE', #2480, .T. ) ;
#3121 = VERTEX_POINT ( 'NONE', #1070 ) ;
#3122 = CARTESIAN_POINT ( 'NONE',  ( 22.80000000000000071, 26.00000000000000000, 6.000000000000000000 ) ) ;
#3123 = ADVANCED_FACE ( 'NONE', ( #2856 ), #620, .F. ) ;
#3124 = ORIENTED_EDGE ( 'NONE', *, *, #1297, .F. ) ;
#3125 = CIRCLE ( 'NONE', #1156, 3.049999999999997158 ) ;
#3126 = CARTESIAN_POINT ( 'NONE',  ( -53.77845617713792592, 1.531456501430717987, -50.96476842775967242 ) ) ;
#3127 = CARTESIAN_POINT ( 'NONE',  ( -27.43999999999999773, -18.00000000000000000, 6.000000000000000000 ) ) ;
#3128 = DIRECTION ( 'NONE',  ( 1.000000000000000000, 0.000000000000000000, -0.000000000000000000 ) ) ;
#3129 = EDGE_LOOP ( 'NONE', ( #660, #3550, #291, #2340 ) ) ;
#3130 = CARTESIAN_POINT ( 'NONE',  ( 24.80840629240452344, 23.14337155818556369, 4.664467225434149711 ) ) ;
#3131 = CARTESIAN_POINT ( 'NONE',  ( 23.42953734841995583, 24.76267393308133791, 5.943817683570439492 ) ) ;
#3132 = AXIS2_PLACEMENT_3D ( 'NONE', #493, #5296, #4476 ) ;
#3133 = CARTESIAN_POINT ( 'NONE',  ( -0.2032433392418204754, -50.19968698810424712, -52.07004383244258605 ) ) ;
#3134 = CARTESIAN_POINT ( 'NONE',  ( 0.6863537718236359941, 50.19539545692821747, -52.21653999709683092 ) ) ;
#3135 = CARTESIAN_POINT ( 'NONE',  ( -50.19117139170717934, -0.9522459617310617963, -54.84958328841830166 ) ) ;
#3136 = VERTEX_POINT ( 'NONE', #3385 ) ;
#3137 = CARTESIAN_POINT ( 'NONE',  ( 50.12690763052208354, 19.53799200023140159, -14.59999999999999964 ) ) ;
#3138 = AXIS2_PLACEMENT_3D ( 'NONE', #3363, #3827, #4682 ) ;
#3139 = EDGE_CURVE ( 'NONE', #3826, #5283, #5137, .T. ) ;
#3140 = CARTESIAN_POINT ( 'NONE',  ( 50.12690763052209064, 19.53799200023140514, -18.60000000000000497 ) ) ;
#3141 = CIRCLE ( 'NONE', #602, 51.39999999999999858 ) ;
#3142 = DIRECTION ( 'NONE',  ( -1.000000000000000000, 0.000000000000000000, -0.000000000000000000 ) ) ;
#3143 = CIRCLE ( 'NONE', #5490, 2.049999999999998046 ) ;
#3144 = CARTESIAN_POINT ( 'NONE',  ( 24.63044718479767070, 22.65162018610470085, 3.044438390669569561 ) ) ;
#3145 = CIRCLE ( 'NONE', #1271, 1.000000000000000000 ) ;
#3146 = EDGE_CURVE ( 'NONE', #3713, #2333, #2222, .T. ) ;
#3147 = ADVANCED_FACE ( 'NONE', ( #1239 ), #4851, .T. ) ;
#3148 = ORIENTED_EDGE ( 'NONE', *, *, #3728, .T. ) ;
#3149 = VECTOR ( 'NONE', #1952, 1000.000000000000000 ) ;
#3150 = EDGE_LOOP ( 'NONE', ( #3254, #2511, #1281, #3656 ) ) ;
#3151 = CARTESIAN_POINT ( 'NONE',  ( 42.39999999999999858, 31.70930462813714001, 47.16456800719578979 ) ) ;
#3152 = CARTESIAN_POINT ( 'NONE',  ( -3.000000000000000000, -1.500000000000000000, 6.000000000000000000 ) ) ;
#3153 = AXIS2_PLACEMENT_3D ( 'NONE', #2863, #180, #2833 ) ;
#3154 = AXIS2_PLACEMENT_3D ( 'NONE', #187, #568, #3374 ) ;
#3155 = DIRECTION ( 'NONE',  ( 0.000000000000000000, 0.000000000000000000, 1.000000000000000000 ) ) ;
#3156 = CARTESIAN_POINT ( 'NONE',  ( 53.18437964447164745, -8.115953170965838126, -13.17643484170986667 ) ) ;
#3157 = CARTESIAN_POINT ( 'NONE',  ( 26.00000000000000000, 19.00000000000000000, 6.000000000000000000 ) ) ;
#3158 = VERTEX_POINT ( 'NONE', #5234 ) ;
#3159 = CYLINDRICAL_SURFACE ( 'NONE', #934, 3.049999999999998046 ) ;
#3160 = LINE ( 'NONE', #5773, #1745 ) ;
#3161 = CYLINDRICAL_SURFACE ( 'NONE', #1688, 1.199999999999999734 ) ;
#3162 = DIRECTION ( 'NONE',  ( 0.000000000000000000, 0.000000000000000000, 1.000000000000000000 ) ) ;
#3163 = VERTEX_POINT ( 'NONE', #798 ) ;
#3164 = CARTESIAN_POINT ( 'NONE',  ( 24.69658755508575254, 23.52797936660560296, 5.172738607943516698 ) ) ;
#3165 = CARTESIAN_POINT ( 'NONE',  ( 24.15956507928156327, 23.48194999389903259, 5.210045214408510539 ) ) ;
#3166 = DIRECTION ( 'NONE',  ( 1.000000000000000000, 0.000000000000000000, 0.000000000000000000 ) ) ;
#3167 = CARTESIAN_POINT ( 'NONE',  ( -1.500566286913074254, 50.17757157252927414, -53.20874938181360392 ) ) ;
#3168 = FACE_OUTER_BOUND ( 'NONE', #4186, .T. ) ;
#3169 = ORIENTED_EDGE ( 'NONE', *, *, #1120, .T. ) ;
#3170 = CARTESIAN_POINT ( 'NONE',  ( 46.27277872913758472, 27.46583793701711684, -15.13218326085054777 ) ) ;
#3171 = CARTESIAN_POINT ( 'NONE',  ( 24.92638889819713555, 22.74931449762295088, 3.114204189450903382 ) ) ;
#3172 = DIRECTION ( 'NONE',  ( 1.000000000000000000, 0.000000000000000000, 0.000000000000000000 ) ) ;
#3173 = CARTESIAN_POINT ( 'NONE',  ( 24.46283457046036958, 22.58431373333089454, 3.008482614962202373 ) ) ;
#3174 = ORIENTED_EDGE ( 'NONE', *, *, #4413, .T. ) ;
#3175 = CIRCLE ( 'NONE', #3929, 4.000000000000000000 ) ;
#3176 = VERTEX_POINT ( 'NONE', #5665 ) ;
#3177 = CARTESIAN_POINT ( 'NONE',  ( 53.73488840489797980, 2.648394555978515363, -55.13583249018002164 ) ) ;
#3178 = CARTESIAN_POINT ( 'NONE',  ( 41.39999999999999858, -1.934235304825850710, -0.5950000000000000844 ) ) ;
#3179 = CARTESIAN_POINT ( 'NONE',  ( 3.049999999999446487, -52.70000000000003837, -53.61000000000003496 ) ) ;
#3180 = VECTOR ( 'NONE', #3193, 1000.000000000000000 ) ;
#3181 = AXIS2_PLACEMENT_3D ( 'NONE', #836, #4823, #3118 ) ;
#3182 = CARTESIAN_POINT ( 'NONE',  ( 53.63299015162878192, -4.261986171562667458, -17.54162394337998521 ) ) ;
#3183 = EDGE_CURVE ( 'NONE', #3176, #3492, #2962, .T. ) ;
#3184 = CYLINDRICAL_SURFACE ( 'NONE', #3132, 1.099999999999996758 ) ;
#3185 = ORIENTED_EDGE ( 'NONE', *, *, #1928, .T. ) ;
#3186 = CARTESIAN_POINT ( 'NONE',  ( 25.16854190159746452, 24.86106158342764516, 5.840470548678467821 ) ) ;
#3187 = CIRCLE ( 'NONE', #4220, 3.049999999999997158 ) ;
#3188 = FACE_BOUND ( 'NONE', #5071, .T. ) ;
#3189 = DIRECTION ( 'NONE',  ( 1.000000000000000000, 0.000000000000000000, 0.000000000000000000 ) ) ;
#3190 = CARTESIAN_POINT ( 'NONE',  ( 23.10858935924783708, 25.15664926458986272, 6.000000000000000000 ) ) ;
#3191 = LINE ( 'NONE', #3574, #2590 ) ;
#3192 = ORIENTED_EDGE ( 'NONE', *, *, #3506, .T. ) ;
#3193 = DIRECTION ( 'NONE',  ( -0.000000000000000000, -0.000000000000000000, -1.000000000000000000 ) ) ;
#3194 = ADVANCED_FACE ( 'NONE', ( #2647 ), #2562, .F. ) ;
#3195 = CARTESIAN_POINT ( 'NONE',  ( 40.00000000000000000, -1.934235304825850710, -1.594999999999999973 ) ) ;
#3196 = DIRECTION ( 'NONE',  ( 0.000000000000000000, 0.000000000000000000, 1.000000000000000000 ) ) ;
#3197 = FACE_BOUND ( 'NONE', #4736, .T. ) ;
#3198 = VERTEX_POINT ( 'NONE', #2598 ) ;
#3199 = CARTESIAN_POINT ( 'NONE',  ( 47.80106960551712802, 24.70427515630666804, -15.22161876071070630 ) ) ;
#3200 = CARTESIAN_POINT ( 'NONE',  ( 50.20000000000000284, 1.083174986709103929E-15, -52.06000000000003070 ) ) ;
#3201 = DIRECTION ( 'NONE',  ( -0.000000000000000000, 0.000000000000000000, 1.000000000000000000 ) ) ;
#3202 = DIRECTION ( 'NONE',  ( -0.000000000000000000, -0.000000000000000000, 1.000000000000000000 ) ) ;
#3203 = ORIENTED_EDGE ( 'NONE', *, *, #2843, .F. ) ;
#3204 = ORIENTED_EDGE ( 'NONE', *, *, #4858, .T. ) ;
#3205 = CARTESIAN_POINT ( 'NONE',  ( 43.11545378648926174, -2.221507020144862121, -0.7525423702826464778 ) ) ;
#3206 = EDGE_CURVE ( 'NONE', #4213, #2013, #1187, .T. ) ;
#3207 = CIRCLE ( 'NONE', #866, 7.699999999999998401 ) ;
#3208 = CARTESIAN_POINT ( 'NONE',  ( 53.79999999999999716, -3.460517776806422920E-13, -18.59972968323734577 ) ) ;
#3209 = VECTOR ( 'NONE', #423, 1000.000000000000000 ) ;
#3210 = CARTESIAN_POINT ( 'NONE',  ( 49.73737288886151475, -1.221825987567068061, -14.38937912880058434 ) ) ;
#3211 = CARTESIAN_POINT ( 'NONE',  ( 29.00000000000000000, 26.00000000000000000, 6.000000000000000000 ) ) ;
#3212 = ORIENTED_EDGE ( 'NONE', *, *, #5264, .T. ) ;
#3213 = EDGE_LOOP ( 'NONE', ( #2177, #1214 ) ) ;
#3214 = AXIS2_PLACEMENT_3D ( 'NONE', #2130, #837, #2795 ) ;
#3215 = CARTESIAN_POINT ( 'NONE',  ( 24.76940615992782213, 24.75341767764488310, 5.908819343272515567 ) ) ;
#3216 = DIRECTION ( 'NONE',  ( -0.000000000000000000, -0.000000000000000000, 1.000000000000000000 ) ) ;
#3217 = AXIS2_PLACEMENT_3D ( 'NONE', #2057, #3466, #5750 ) ;
#3218 = SHAPE_DEFINITION_REPRESENTATION ( #1179, #737 ) ;
#3219 = EDGE_CURVE ( 'NONE', #3775, #3345, #300, .T. ) ;
#3220 = CARTESIAN_POINT ( 'NONE',  ( 23.44828805935672733, 24.87300467726111108, 5.987528137507728054 ) ) ;
#3221 = DIRECTION ( 'NONE',  ( -0.000000000000000000, -0.000000000000000000, 1.000000000000000000 ) ) ;
#3222 = EDGE_CURVE ( 'NONE', #2035, #4071, #5730, .T. ) ;
#3223 = EDGE_CURVE ( 'NONE', #4418, #1569, #1631, .T. ) ;
#3224 = EDGE_LOOP ( 'NONE', ( #679, #3564, #381, #5165, #2649, #1185, #4315, #349 ) ) ;
#3225 = CARTESIAN_POINT ( 'NONE',  ( 41.39999999999999858, 15.74000000000000021, 1.435000000000000053 ) ) ;
#3226 = CARTESIAN_POINT ( 'NONE',  ( -0.7771962276067503339, -50.19405412958662538, -54.95489484737333896 ) ) ;
#3227 = DIRECTION ( 'NONE',  ( 1.000000000000000000, 0.000000000000000000, 0.000000000000000000 ) ) ;
#3228 = CARTESIAN_POINT ( 'NONE',  ( 51.76301862162279122, -1.958801908533176706, -39.01072168891516156 ) ) ;
#3229 = EDGE_LOOP ( 'NONE', ( #3841, #2213, #710, #4335 ) ) ;
#3230 = CARTESIAN_POINT ( 'NONE',  ( 45.77213810948828154, 21.08582656401584998, -14.56814326756591704 ) ) ;
#3231 = CARTESIAN_POINT ( 'NONE',  ( 25.06593382589836239, 22.78649346529987696, 3.093944299456370395 ) ) ;
#3232 = DIRECTION ( 'NONE',  ( -1.000000000000000000, 1.270305253563490991E-16, 0.000000000000000000 ) ) ;
#3233 = CARTESIAN_POINT ( 'NONE',  ( 41.39999999999999858, 6.065764695174149068, -1.594999999999999973 ) ) ;
#3234 = CIRCLE ( 'NONE', #4741, 7.699999999999998401 ) ;
#3235 = ORIENTED_EDGE ( 'NONE', *, *, #2471, .F. ) ;
#3236 = ORIENTED_EDGE ( 'NONE', *, *, #4511, .F. ) ;
#3237 = CYLINDRICAL_SURFACE ( 'NONE', #4173, 1.550000000000002709 ) ;
#3238 = CARTESIAN_POINT ( 'NONE',  ( -50.20000000000000284, 6.147726931719713588E-15, -59.27696972201768943 ) ) ;
#3239 = VECTOR ( 'NONE', #1804, 1000.000000000000000 ) ;
#3240 = CIRCLE ( 'NONE', #5673, 3.900000000000000799 ) ;
#3241 = CARTESIAN_POINT ( 'NONE',  ( 52.70000000000000995, 8.933547375302734704E-16, -53.61000000000003496 ) ) ;
#3242 = CARTESIAN_POINT ( 'NONE',  ( 53.82032723765640014, -3.503443560989978334, -12.43869299581703913 ) ) ;
#3243 = CIRCLE ( 'NONE', #2950, 4.699999999999995737 ) ;
#3244 = DIRECTION ( 'NONE',  ( 0.000000000000000000, 0.000000000000000000, 1.000000000000000000 ) ) ;
#3245 = ORIENTED_EDGE ( 'NONE', *, *, #3688, .F. ) ;
#3246 = VERTEX_POINT ( 'NONE', #4790 ) ;
#3247 = AXIS2_PLACEMENT_3D ( 'NONE', #2318, #1811, #1283 ) ;
#3248 = CIRCLE ( 'NONE', #2029, 3.000000000000002665 ) ;
#3249 = CARTESIAN_POINT ( 'NONE',  ( 25.27863512011137814, 24.03034987715608395, 5.393168711696552542 ) ) ;
#3250 = DIRECTION ( 'NONE',  ( -0.000000000000000000, -0.000000000000000000, 1.000000000000000000 ) ) ;
#3251 = DIRECTION ( 'NONE',  ( -0.000000000000000000, -0.000000000000000000, -1.000000000000000000 ) ) ;
#3252 = DIRECTION ( 'NONE',  ( -0.000000000000000000, -0.000000000000000000, 1.000000000000000000 ) ) ;
#3253 = EDGE_CURVE ( 'NONE', #2937, #738, #1639, .T. ) ;
#3254 = ORIENTED_EDGE ( 'NONE', *, *, #5436, .F. ) ;
#3255 = CARTESIAN_POINT ( 'NONE',  ( -50.18644827721965385, 1.168607649903565138, -54.63338905938745427 ) ) ;
#3256 = CIRCLE ( 'NONE', #714, 53.00000000000000000 ) ;
#3257 = ADVANCED_FACE ( 'NONE', ( #2622 ), #1820, .T. ) ;
#3258 = CARTESIAN_POINT ( 'NONE',  ( -53.79999999999999716, 0.000000000000000000, 8.400000000000000355 ) ) ;
#3259 = DIRECTION ( 'NONE',  ( 0.000000000000000000, 1.084202172485504434E-16, -1.000000000000000000 ) ) ;
#3260 = CARTESIAN_POINT ( 'NONE',  ( 51.77350359420458403, -1.665471627134671451, -38.16030168658348032 ) ) ;
#3261 = EDGE_CURVE ( 'NONE', #2224, #5263, #4907, .T. ) ;
#3262 = ORIENTED_EDGE ( 'NONE', *, *, #4278, .F. ) ;
#3263 = CARTESIAN_POINT ( 'NONE',  ( 24.00000000000000000, 26.00000000000000000, 6.000000000000000000 ) ) ;
#3264 = CARTESIAN_POINT ( 'NONE',  ( 25.33506465649773887, 22.84291852706141412, 3.020871999569571198 ) ) ;
#3265 = CARTESIAN_POINT ( 'NONE',  ( -2.424957589774082489, -53.74543520245229900, -55.47052601454380749 ) ) ;
#3266 = CARTESIAN_POINT ( 'NONE',  ( 50.20000000000000284, 0.000000000000000000, -59.27696972201768943 ) ) ;
#3267 = EDGE_LOOP ( 'NONE', ( #2689, #4645, #1549, #5354 ) ) ;
#3268 = ORIENTED_EDGE ( 'NONE', *, *, #963, .F. ) ;
#3269 = CARTESIAN_POINT ( 'NONE',  ( -50.20000000000000284, -7.035344883514690442E-16, -55.16000000000003212 ) ) ;
#3270 = LINE ( 'NONE', #488, #2809 ) ;
#3271 = EDGE_CURVE ( 'NONE', #1002, #1360, #1410, .T. ) ;
#3272 = DIRECTION ( 'NONE',  ( -0.000000000000000000, -0.000000000000000000, 1.000000000000000000 ) ) ;
#3273 = CARTESIAN_POINT ( 'NONE',  ( 49.76021044801058935, -0.9702240861332137589, -14.46574846479653331 ) ) ;
#3274 = CARTESIAN_POINT ( 'NONE',  ( 42.81023825607344691, -2.019184802494736530, -8.060504360904618082 ) ) ;
#3275 = ORIENTED_EDGE ( 'NONE', *, *, #3371, .F. ) ;
#3276 = ORIENTED_EDGE ( 'NONE', *, *, #5084, .F. ) ;
#3277 = CARTESIAN_POINT ( 'NONE',  ( 25.13078926237956168, 25.32467368954685583, 5.958569859838931393 ) ) ;
#3278 = PLANE ( 'NONE',  #2994 ) ;
#3279 = CARTESIAN_POINT ( 'NONE',  ( -27.43999999999999773, -18.00000000000000000, 3.000000000000000000 ) ) ;
#3280 = AXIS2_PLACEMENT_3D ( 'NONE', #682, #5157, #233 ) ;
#3281 = EDGE_CURVE ( 'NONE', #1022, #4729, #104, .T. ) ;
#3282 = FILL_AREA_STYLE ('',( #2774 ) ) ;
#3283 = DIRECTION ( 'NONE',  ( 0.000000000000000000, 0.000000000000000000, 1.000000000000000000 ) ) ;
#3284 = CIRCLE ( 'NONE', #1872, 2.049999999999999822 ) ;
#3285 = COLOUR_RGB ( '',0.7921568627450980005, 0.8196078431372548767, 0.9333333333333333481 ) ;
#3286 = ORIENTED_EDGE ( 'NONE', *, *, #3844, .T. ) ;
#3287 = CARTESIAN_POINT ( 'NONE',  ( -50.19406558615043679, 0.7764533848601479216, -52.26468133663207283 ) ) ;
#3288 = AXIS2_PLACEMENT_3D ( 'NONE', #2805, #563, #1106 ) ;
#3289 = ADVANCED_FACE ( 'NONE', ( #3588 ), #4115, .F. ) ;
#3290 = CARTESIAN_POINT ( 'NONE',  ( 0.4043455360764512396, -50.19872358422861680, -55.12009542676461393 ) ) ;
#3291 = CARTESIAN_POINT ( 'NONE',  ( 1.550000000000175904, 50.17606501111860950, -53.81228342228492778 ) ) ;
#3292 = FACE_OUTER_BOUND ( 'NONE', #3786, .T. ) ;
#3293 = ORIENTED_EDGE ( 'NONE', *, *, #2526, .F. ) ;
#3294 = CARTESIAN_POINT ( 'NONE',  ( -36.10000000000000142, 24.00000000000000000, 6.000000000000000000 ) ) ;
#3295 = CARTESIAN_POINT ( 'NONE',  ( 2.029210133258630245E-15, -6.087630399775893892E-15, -42.16000000000002501 ) ) ;
#3296 = CARTESIAN_POINT ( 'NONE',  ( 3.049999999999436273, -53.71347596274145531, -53.61000000000003496 ) ) ;
#3297 = CARTESIAN_POINT ( 'NONE',  ( -8.184343791876346577E-16, -6.334235304825844182, -17.00000000000000000 ) ) ;
#3298 = VERTEX_POINT ( 'NONE', #483 ) ;
#3299 = ORIENTED_EDGE ( 'NONE', *, *, #2614, .F. ) ;
#3300 = EDGE_CURVE ( 'NONE', #5174, #1894, #3894, .T. ) ;
#3301 = CARTESIAN_POINT ( 'NONE',  ( 49.79995657633516970, 0.06576469517414916532, -14.60000000000000142 ) ) ;
#3302 = CARTESIAN_POINT ( 'NONE',  ( -1.860965351071563800, -53.76806038346600758, -51.18531971619839993 ) ) ;
#3303 = CARTESIAN_POINT ( 'NONE',  ( -35.13440642122230884, 25.65055762081824042, 7.599999999999998757 ) ) ;
#3304 = CARTESIAN_POINT ( 'NONE',  ( 20.47000000000000242, -18.00000000000000355, 3.000000000000000000 ) ) ;
#3305 = FACE_OUTER_BOUND ( 'NONE', #513, .T. ) ;
#3306 = VERTEX_POINT ( 'NONE', #1006 ) ;
#3307 = VERTEX_POINT ( 'NONE', #912 ) ;
#3308 = CARTESIAN_POINT ( 'NONE',  ( 25.11974680693718653, 24.22030572998610864, 5.556459390414122623 ) ) ;
#3309 = CARTESIAN_POINT ( 'NONE',  ( -5.511098449335691096E-13, -52.69999999999999574, -53.61000000000003496 ) ) ;
#3310 = CARTESIAN_POINT ( 'NONE',  ( 24.00000000000000000, 26.00000000000000000, -10.86772065218060312 ) ) ;
#3311 = DIRECTION ( 'NONE',  ( -1.000000000000000000, 0.000000000000000000, 0.000000000000000000 ) ) ;
#3312 = CARTESIAN_POINT ( 'NONE',  ( 28.06216456440228413, 25.24644047482689402, 6.000000006574626177 ) ) ;
#3313 = AXIS2_PLACEMENT_3D ( 'NONE', #1079, #3418, #4714 ) ;
#3314 = EDGE_LOOP ( 'NONE', ( #4265, #5289, #4914, #2312 ) ) ;
#3315 = CARTESIAN_POINT ( 'NONE',  ( -3.000000000000000000, -1.500000000000000000, -10.86772065218060312 ) ) ;
#3316 = CIRCLE ( 'NONE', #777, 1.899999999999999023 ) ;
#3317 = CARTESIAN_POINT ( 'NONE',  ( 41.39999999999999858, 12.68999999999999950, 2.095000000000000639 ) ) ;
#3318 = DIRECTION ( 'NONE',  ( 0.000000000000000000, -1.000000000000000000, 0.000000000000000000 ) ) ;
#3319 = CARTESIAN_POINT ( 'NONE',  ( -50.19426895761092311, -0.7811068920770939394, -52.25606843192353779 ) ) ;
#3320 = VERTEX_POINT ( 'NONE', #2726 ) ;
#3321 = CARTESIAN_POINT ( 'NONE',  ( 19.00000000000000000, 26.00000000000000000, 6.000000000000000000 ) ) ;
#3322 = CARTESIAN_POINT ( 'NONE',  ( 2.296983094349046794, -53.75112740728487637, -55.62641966345725564 ) ) ;
#3323 = DIRECTION ( 'NONE',  ( 0.000000000000000000, 1.000000000000000000, 0.000000000000000000 ) ) ;
#3324 = EDGE_CURVE ( 'NONE', #2228, #5262, #2359, .T. ) ;
#3325 = ORIENTED_EDGE ( 'NONE', *, *, #4191, .F. ) ;
#3326 = ORIENTED_EDGE ( 'NONE', *, *, #4235, .T. ) ;
#3327 = CARTESIAN_POINT ( 'NONE',  ( -52.70000000000000995, -7.035344836624336752E-16, -55.16000000000003212 ) ) ;
#3328 = CARTESIAN_POINT ( 'NONE',  ( 42.39999999999999858, 22.18000000000000327, -1.615000000000000213 ) ) ;
#3329 = CARTESIAN_POINT ( 'NONE',  ( 42.39999999999999858, 0.000000000000000000, -1.614999999999998437 ) ) ;
#3330 = CIRCLE ( 'NONE', #5114, 2.049999999999997602 ) ;
#3331 = ADVANCED_FACE ( 'NONE', ( #3672 ), #46, .F. ) ;
#3332 = CARTESIAN_POINT ( 'NONE',  ( 53.86117624868641229, -3.934235304825851820, -10.59999999999999964 ) ) ;
#3333 = DIRECTION ( 'NONE',  ( -1.000000000000000000, 0.000000000000000000, 0.000000000000000000 ) ) ;
#3334 = ORIENTED_EDGE ( 'NONE', *, *, #1001, .F. ) ;
#3335 = EDGE_LOOP ( 'NONE', ( #3025, #3954, #2591, #48 ) ) ;
#3336 = EDGE_CURVE ( 'NONE', #4792, #1886, #2145, .T. ) ;
#3337 = CARTESIAN_POINT ( 'NONE',  ( 50.17606390490630730, 1.550035809924483532, -53.50944720570230118 ) ) ;
#3338 = DIRECTION ( 'NONE',  ( 0.000000000000000000, 0.000000000000000000, 1.000000000000000000 ) ) ;
#3339 = AXIS2_PLACEMENT_3D ( 'NONE', #2156, #3949, #5734 ) ;
#3340 = AXIS2_PLACEMENT_3D ( 'NONE', #2085, #2174, #4339 ) ;
#3341 = CARTESIAN_POINT ( 'NONE',  ( 27.09999999999999787, 19.00000000000000000, 0.000000000000000000 ) ) ;
#3342 = CIRCLE ( 'NONE', #802, 1.099999999999996758 ) ;
#3343 = DIRECTION ( 'NONE',  ( 0.000000000000000000, -1.000000000000000000, 0.000000000000000000 ) ) ;
#3344 = AXIS2_PLACEMENT_3D ( 'NONE', #298, #1698, #2984 ) ;
#3345 = VERTEX_POINT ( 'NONE', #3266 ) ;
#3346 = CARTESIAN_POINT ( 'NONE',  ( -50.18201245767619412, 1.344907734017164458, -54.38712676746089869 ) ) ;
#3347 = AXIS2_PLACEMENT_3D ( 'NONE', #626, #1869, #3689 ) ;
#3348 = DIRECTION ( 'NONE',  ( -1.000000000000000000, 0.000000000000000000, 0.000000000000000000 ) ) ;
#3349 = CYLINDRICAL_SURFACE ( 'NONE', #2769, 4.699999999999995737 ) ;
#3350 = DIRECTION ( 'NONE',  ( -1.000000000000000000, 0.000000000000000000, 0.000000000000000000 ) ) ;
#3351 = ORIENTED_EDGE ( 'NONE', *, *, #4006, .F. ) ;
#3352 = CARTESIAN_POINT ( 'NONE',  ( -53.71347193939840281, -3.050070855000540870, -53.80788717849937086 ) ) ;
#3353 = LINE ( 'NONE', #696, #1556 ) ;
#3354 = ADVANCED_FACE ( 'NONE', ( #2301 ), #3643, .F. ) ;
#3355 = FACE_OUTER_BOUND ( 'NONE', #3229, .T. ) ;
#3356 = EDGE_LOOP ( 'NONE', ( #2503, #2075, #2980, #2370 ) ) ;
#3357 = ORIENTED_EDGE ( 'NONE', *, *, #3094, .F. ) ;
#3358 = CARTESIAN_POINT ( 'NONE',  ( 24.31736568433986534, 24.84272776651148718, 6.000000000000000000 ) ) ;
#3359 = LINE ( 'NONE', #3849, #609 ) ;
#3360 = CARTESIAN_POINT ( 'NONE',  ( 53.12173478449462038, -8.516684027846814331, -11.64265498594068937 ) ) ;
#3361 = VERTEX_POINT ( 'NONE', #5028 ) ;
#3362 = ORIENTED_EDGE ( 'NONE', *, *, #2425, .F. ) ;
#3363 = CARTESIAN_POINT ( 'NONE',  ( -52.70000000000000284, -8.933547375302734704E-16, -53.61000000000003496 ) ) ;
#3364 = DIRECTION ( 'NONE',  ( -0.000000000000000000, -0.000000000000000000, 1.000000000000000000 ) ) ;
#3365 = AXIS2_PLACEMENT_3D ( 'NONE', #2097, #3447, #4298 ) ;
#3366 = EDGE_CURVE ( 'NONE', #4987, #2321, #577, .T. ) ;
#3367 = FACE_OUTER_BOUND ( 'NONE', #5701, .T. ) ;
#3368 = ORIENTED_EDGE ( 'NONE', *, *, #2366, .F. ) ;
#3369 = AXIS2_PLACEMENT_3D ( 'NONE', #2111, #3048, #1167 ) ;
#3370 = CARTESIAN_POINT ( 'NONE',  ( -25.65055762081784252, -38.18440642122257600, 7.599999999999998757 ) ) ;
#3371 = EDGE_CURVE ( 'NONE', #4035, #5072, #220, .T. ) ;
#3372 = CARTESIAN_POINT ( 'NONE',  ( 0.000000000000000000, 0.000000000000000000, -219.2793793113450533 ) ) ;
#3373 =( GEOMETRIC_REPRESENTATION_CONTEXT ( 3 ) GLOBAL_UNCERTAINTY_ASSIGNED_CONTEXT ( ( #392 ) ) GLOBAL_UNIT_ASSIGNED_CONTEXT ( ( #2256, #4951, #927 ) ) REPRESENTATION_CONTEXT ( 'NONE', 'WORKASPACE' ) );
#3374 = DIRECTION ( 'NONE',  ( 1.000000000000000000, 0.000000000000000000, 0.000000000000000000 ) ) ;
#3375 = ORIENTED_EDGE ( 'NONE', *, *, #5405, .T. ) ;
#3376 = DIRECTION ( 'NONE',  ( -0.000000000000000000, -0.000000000000000000, -1.000000000000000000 ) ) ;
#3377 = EDGE_CURVE ( 'NONE', #1956, #779, #4172, .T. ) ;
#3378 = CARTESIAN_POINT ( 'NONE',  ( 2.952703576415479425, -53.71892635072691746, -54.39965124467786239 ) ) ;
#3379 = FACE_OUTER_BOUND ( 'NONE', #1064, .T. ) ;
#3380 = EDGE_CURVE ( 'NONE', #3306, #4702, #2191, .T. ) ;
#3381 = ORIENTED_EDGE ( 'NONE', *, *, #5451, .T. ) ;
#3382 = ORIENTED_EDGE ( 'NONE', *, *, #5158, .F. ) ;
#3383 = CARTESIAN_POINT ( 'NONE',  ( -25.53999999999999915, -18.00000000000000000, 6.000000000000000000 ) ) ;
#3384 = CARTESIAN_POINT ( 'NONE',  ( 53.76238335799247636, -2.016420113605785769, -55.90698270096675060 ) ) ;
#3385 = CARTESIAN_POINT ( 'NONE',  ( -52.70000000000000284, -8.933547375302734704E-16, -50.56000000000003780 ) ) ;
#3386 = ORIENTED_EDGE ( 'NONE', *, *, #5334, .T. ) ;
#3387 = ORIENTED_EDGE ( 'NONE', *, *, #260, .F. ) ;
#3388 = EDGE_CURVE ( 'NONE', #202, #3492, #1529, .T. ) ;
#3389 = DIRECTION ( 'NONE',  ( -1.000000000000000000, 0.000000000000000000, 0.000000000000000000 ) ) ;
#3390 = DIRECTION ( 'NONE',  ( -1.000000000000000000, 0.000000000000000000, 0.000000000000000000 ) ) ;
#3391 = DIRECTION ( 'NONE',  ( 1.000000000000000000, -0.000000000000000000, -0.000000000000000000 ) ) ;
#3392 = DIRECTION ( 'NONE',  ( -0.000000000000000000, -0.000000000000000000, 1.000000000000000000 ) ) ;
#3393 = EDGE_CURVE ( 'NONE', #2923, #1258, #742, .T. ) ;
#3394 = ORIENTED_EDGE ( 'NONE', *, *, #5758, .F. ) ;
#3395 = CARTESIAN_POINT ( 'NONE',  ( -53.71889311311309712, 2.953306092093956448, -52.82262643638554067 ) ) ;
#3396 = CARTESIAN_POINT ( 'NONE',  ( -2.645231781443716734, 53.73504634130177493, -52.07854387245234307 ) ) ;
#3397 = CIRCLE ( 'NONE', #5546, 1.100000000000000311 ) ;
#3398 = FACE_OUTER_BOUND ( 'NONE', #3622, .T. ) ;
#3399 = ADVANCED_FACE ( 'NONE', ( #5575 ), #2492, .F. ) ;
#3400 = CARTESIAN_POINT ( 'NONE',  ( 0.1035075568909546301, 50.19999734588621010, -55.15991404092983430 ) ) ;
#3401 = EDGE_CURVE ( 'NONE', #2985, #4238, #2899, .T. ) ;
#3402 = VERTEX_POINT ( 'NONE', #4204 ) ;
#3403 = CARTESIAN_POINT ( 'NONE',  ( -35.00000000000000000, 24.00000000000000000, 3.000000000000000000 ) ) ;
#3404 = DIRECTION ( 'NONE',  ( 0.000000000000000000, 0.000000000000000000, 1.000000000000000000 ) ) ;
#3405 = DIRECTION ( 'NONE',  ( -0.000000000000000000, -0.000000000000000000, -1.000000000000000000 ) ) ;
#3406 = AXIS2_PLACEMENT_3D ( 'NONE', #2173, #5628, #5689 ) ;
#3407 = ORIENTED_EDGE ( 'NONE', *, *, #3890, .T. ) ;
#3408 = CARTESIAN_POINT ( 'NONE',  ( 42.51519761442725098, 32.99859721642094001, -11.61157540852377679 ) ) ;
#3409 = DIRECTION ( 'NONE',  ( -0.000000000000000000, 0.000000000000000000, 1.000000000000000000 ) ) ;
#3410 = CARTESIAN_POINT ( 'NONE',  ( 53.79999999999999716, 6.588599791129186396E-15, -50.56000000000003780 ) ) ;
#3411 = CARTESIAN_POINT ( 'NONE',  ( 50.20000000000000284, 8.933547375302734704E-16, -55.16000000000003212 ) ) ;
#3412 = ORIENTED_EDGE ( 'NONE', *, *, #4475, .T. ) ;
#3413 = ORIENTED_EDGE ( 'NONE', *, *, #5451, .F. ) ;
#3414 = EDGE_CURVE ( 'NONE', #4206, #3306, #2450, .T. ) ;
#3415 = CARTESIAN_POINT ( 'NONE',  ( 24.33885156109948866, 24.76794995666649513, 5.977897346538542322 ) ) ;
#3416 = DIRECTION ( 'NONE',  ( -1.000000000000000000, 0.000000000000000000, 0.000000000000000000 ) ) ;
#3417 = VECTOR ( 'NONE', #4008, 1000.000000000000000 ) ;
#3418 = DIRECTION ( 'NONE',  ( -0.000000000000000000, -0.000000000000000000, 1.000000000000000000 ) ) ;
#3419 = CARTESIAN_POINT ( 'NONE',  ( -22.60055762081784536, -38.18440642122257600, 7.599999999999998757 ) ) ;
#3420 = ORIENTED_EDGE ( 'NONE', *, *, #372, .T. ) ;
#3421 = AXIS2_PLACEMENT_3D ( 'NONE', #1525, #5143, #3785 ) ;
#3422 = ORIENTED_EDGE ( 'NONE', *, *, #7, .F. ) ;
#3423 = DIRECTION ( 'NONE',  ( 0.000000000000000000, 0.000000000000000000, -1.000000000000000000 ) ) ;
#3424 = CARTESIAN_POINT ( 'NONE',  ( 3.030704959780635477, 53.71458231718455067, -53.21312867939989388 ) ) ;
#3425 = AXIS2_PLACEMENT_3D ( 'NONE', #1324, #1439, #73 ) ;
#3426 = AXIS2_PLACEMENT_3D ( 'NONE', #1098, #278, #250 ) ;
#3427 = EDGE_CURVE ( 'NONE', #1081, #1097, #1976, .T. ) ;
#3428 = AXIS2_PLACEMENT_3D ( 'NONE', #158, #3318, #5169 ) ;
#3429 = FACE_OUTER_BOUND ( 'NONE', #3544, .T. ) ;
#3430 = CARTESIAN_POINT ( 'NONE',  ( 2.029210133258630245E-15, -6.087630399775893892E-15, -42.16000000000002501 ) ) ;
#3431 = AXIS2_PLACEMENT_3D ( 'NONE', #4209, #145, #4262 ) ;
#3432 = ORIENTED_EDGE ( 'NONE', *, *, #4194, .T. ) ;
#3433 = LINE ( 'NONE', #4283, #4394 ) ;
#3434 = CARTESIAN_POINT ( 'NONE',  ( 24.72867420253390947, 22.68839700656178593, 3.072151547002264227 ) ) ;
#3435 = DIRECTION ( 'NONE',  ( 1.000000000000000000, 0.000000000000000000, 0.000000000000000000 ) ) ;
#3436 = EDGE_CURVE ( 'NONE', #1306, #5082, #2879, .T. ) ;
#3437 = CARTESIAN_POINT ( 'NONE',  ( 26.00000000000000000, 19.00000000000000000, 3.000000000000000000 ) ) ;
#3438 = FACE_OUTER_BOUND ( 'NONE', #1684, .T. ) ;
#3439 = ORIENTED_EDGE ( 'NONE', *, *, #3414, .F. ) ;
#3440 = DIRECTION ( 'NONE',  ( 0.000000000000000000, 0.000000000000000000, 1.000000000000000000 ) ) ;
#3441 = CARTESIAN_POINT ( 'NONE',  ( 41.39999999999999858, 24.23000000000000043, 1.434999999999999831 ) ) ;
#3442 = CARTESIAN_POINT ( 'NONE',  ( 40.00000000000000000, 24.23000000000000043, 1.434999999999999831 ) ) ;
#3443 = CARTESIAN_POINT ( 'NONE',  ( 5.644289172708343877E-13, 53.80100000000057037, -53.61000000000003496 ) ) ;
#3444 = ORIENTED_EDGE ( 'NONE', *, *, #3764, .T. ) ;
#3445 = EDGE_LOOP ( 'NONE', ( #2744, #2451, #5249, #2457 ) ) ;
#3446 = CARTESIAN_POINT ( 'NONE',  ( 50.17845531425081163, 1.471098376198364255, -53.11131989544219323 ) ) ;
#3447 = DIRECTION ( 'NONE',  ( 0.000000000000000000, 0.000000000000000000, 1.000000000000000000 ) ) ;
#3448 = ADVANCED_FACE ( 'NONE', ( #3355 ), #1119, .F. ) ;
#3449 = CYLINDRICAL_SURFACE ( 'NONE', #5641, 3.049999999999997158 ) ;
#3450 = CARTESIAN_POINT ( 'NONE',  ( 27.84224330299002403, 22.44207949655902468, 5.666735875219000462 ) ) ;
#3451 = ORIENTED_EDGE ( 'NONE', *, *, #286, .F. ) ;
#3452 = ORIENTED_EDGE ( 'NONE', *, *, #2231, .F. ) ;
#3453 = CARTESIAN_POINT ( 'NONE',  ( -53.77858528789479919, 1.526977869786142916, -56.25785543766758678 ) ) ;
#3454 = CARTESIAN_POINT ( 'NONE',  ( -0.9807848638451759360, 53.79137725691499128, -50.71507346311903319 ) ) ;
#3455 = ADVANCED_FACE ( 'NONE', ( #3379 ), #3467, .F. ) ;
#3456 = CARTESIAN_POINT ( 'NONE',  ( 50.20000000000000995, -0.2047909072360085680, -55.16000000000003922 ) ) ;
#3457 = DIRECTION ( 'NONE',  ( -0.000000000000000000, -0.000000000000000000, -1.000000000000000000 ) ) ;
#3458 = CIRCLE ( 'NONE', #3834, 53.79999999999999716 ) ;
#3459 = ORIENTED_EDGE ( 'NONE', *, *, #872, .T. ) ;
#3460 = CARTESIAN_POINT ( 'NONE',  ( 24.36009715260821196, 24.69404803493198841, 5.952623564363074493 ) ) ;
#3461 = CARTESIAN_POINT ( 'NONE',  ( 3.049999999999435385, -53.71347596274145531, -53.20696398310449382 ) ) ;
#3462 = ADVANCED_FACE ( 'NONE', ( #2555 ), #367, .F. ) ;
#3463 = AXIS2_PLACEMENT_3D ( 'NONE', #3315, #2894, #5537 ) ;
#3464 = B_SPLINE_CURVE_WITH_KNOTS ( 'NONE', 3,
 ( #4166, #3291, #5142, #1969, #3758, #5080, #1999, #1055, #2842, #4752, #4334, #3959, #3400, #1664, #1228, #3928, #3491, #3899, #3014, #5248, #5651, #4393, #2549, #2138 ),
 .UNSPECIFIED., .F., .F.,
 ( 4, 2, 2, 2, 2, 2, 2, 2, 2, 2, 2, 4 ),
 ( 0.004846296178020416921, 0.005451945980989475124, 0.006057595783958532459, 0.006360420685443054188, 0.006663245586927575917, 0.006966070488412096778, 0.007268895389896619375, 0.007874545192865661097, 0.008177370094350187163, 0.008480194995834713229, 0.009085844798803749747, 0.009691494601772786266 ),
 .UNSPECIFIED. ) ;
#3465 = AXIS2_PLACEMENT_3D ( 'NONE', #4710, #1686, #4325 ) ;
#3466 = DIRECTION ( 'NONE',  ( 0.000000000000000000, 0.000000000000000000, 1.000000000000000000 ) ) ;
#3467 = CYLINDRICAL_SURFACE ( 'NONE', #3802, 51.39999999999999858 ) ;
#3468 = CARTESIAN_POINT ( 'NONE',  ( 53.67556241743204737, -3.692272700146231657, -17.81960382799930898 ) ) ;
#3469 = ORIENTED_EDGE ( 'NONE', *, *, #5618, .F. ) ;
#3470 = CIRCLE ( 'NONE', #648, 3.049999999999997158 ) ;
#3471 = VECTOR ( 'NONE', #1202, 1000.000000000000000 ) ;
#3472 = CARTESIAN_POINT ( 'NONE',  ( 42.55045116704464903, 32.95288567357778930, -11.75101058820865418 ) ) ;
#3473 = DIRECTION ( 'NONE',  ( 0.000000000000000000, 1.000000000000000000, -0.000000000000000000 ) ) ;
#3474 = CARTESIAN_POINT ( 'NONE',  ( -3.030215555752951317, 53.71460974791377652, -54.00975140284065645 ) ) ;
#3475 = DIRECTION ( 'NONE',  ( 0.000000000000000000, 0.000000000000000000, 1.000000000000000000 ) ) ;
#3476 = EDGE_LOOP ( 'NONE', ( #2164, #1665, #178, #315 ) ) ;
#3477 = EDGE_CURVE ( 'NONE', #2297, #5659, #4080, .T. ) ;
#3478 = EDGE_CURVE ( 'NONE', #2041, #3791, #4372, .T. ) ;
#3479 = ORIENTED_EDGE ( 'NONE', *, *, #5288, .T. ) ;
#3480 = ORIENTED_EDGE ( 'NONE', *, *, #5758, .T. ) ;
#3481 = CARTESIAN_POINT ( 'NONE',  ( 28.43500108084743516, 15.74000000000000021, -0.6149999999999996581 ) ) ;
#3482 = DIRECTION ( 'NONE',  ( -0.000000000000000000, -0.000000000000000000, 1.000000000000000000 ) ) ;
#3483 = DIRECTION ( 'NONE',  ( -0.000000000000000000, -0.000000000000000000, 1.000000000000000000 ) ) ;
#3484 = EDGE_LOOP ( 'NONE', ( #4404, #340, #4477, #5061 ) ) ;
#3485 = FACE_OUTER_BOUND ( 'NONE', #306, .T. ) ;
#3486 = EDGE_LOOP ( 'NONE', ( #3058, #2859, #2565, #2695 ) ) ;
#3487 = ORIENTED_EDGE ( 'NONE', *, *, #5442, .F. ) ;
#3488 = CARTESIAN_POINT ( 'NONE',  ( -53.75117576117010287, 2.295850267086658292, -55.62769692532717869 ) ) ;
#3489 = CYLINDRICAL_SURFACE ( 'NONE', #1938, 51.79999999999999716 ) ;
#3490 = FACE_OUTER_BOUND ( 'NONE', #2653, .T. ) ;
#3491 = CARTESIAN_POINT ( 'NONE',  ( -0.7753919187814947156, 50.19408192516898737, -54.95592264003350635 ) ) ;
#3492 = VERTEX_POINT ( 'NONE', #2586 ) ;
#3493 = DIRECTION ( 'NONE',  ( 1.000000000000000000, 0.000000000000000000, 0.000000000000000000 ) ) ;
#3494 = CARTESIAN_POINT ( 'NONE',  ( 28.43500108084743516, -1.934235304825850710, -1.594999999999999973 ) ) ;
#3495 = VECTOR ( 'NONE', #3483, 1000.000000000000000 ) ;
#3496 = DIRECTION ( 'NONE',  ( -0.000000000000000000, -0.000000000000000000, -1.000000000000000000 ) ) ;
#3497 = CARTESIAN_POINT ( 'NONE',  ( 27.09999999999999787, 19.00000000000000000, 6.000000000000000000 ) ) ;
#3498 = B_SPLINE_CURVE_WITH_KNOTS ( 'NONE', 3,
 ( #1875, #2871, #597, #4164, #5017, #1431, #3287, #1995, #4664, #4247, #3782, #2463, #994, #3725, #1463, #4134, #1522, #2439, #3346, #156, #3255, #5049, #2777, #184, #5107, #1023, #4572, #536 ),
 .UNSPECIFIED., .F., .F.,
 ( 4, 2, 2, 2, 2, 2, 2, 2, 2, 2, 2, 2, 2, 4 ),
 ( 0.000000000000000000, 0.0003028935116742833352, 0.0006057870233485666703, 0.0009086805350228499513, 0.001211574046697133341, 0.001817361070045684941, 0.002423148093394236324, 0.002726041605068512015, 0.003028935116742787707, 0.003331828628417064266, 0.003634722140091339523, 0.004240509163439905652, 0.004543402675114188716, 0.004846296186788470912 ),
 .UNSPECIFIED. ) ;
#3499 = CARTESIAN_POINT ( 'NONE',  ( 53.80000000000001847, -0.5463979571844301830, -18.59557178713059500 ) ) ;
#3500 = ORIENTED_EDGE ( 'NONE', *, *, #4903, .F. ) ;
#3501 = VECTOR ( 'NONE', #4603, 1000.000000000000000 ) ;
#3502 = ORIENTED_EDGE ( 'NONE', *, *, #5577, .T. ) ;
#3503 = DIRECTION ( 'NONE',  ( -0.000000000000000000, -0.000000000000000000, -1.000000000000000000 ) ) ;
#3504 = CARTESIAN_POINT ( 'NONE',  ( 0.3999935242735484509, 53.79886870444728686, -56.64022873993868501 ) ) ;
#3505 = CARTESIAN_POINT ( 'NONE',  ( 48.38218851521652653, -1.324046169471310819, -37.67084148884066508 ) ) ;
#3506 = EDGE_CURVE ( 'NONE', #2035, #3097, #935, .T. ) ;
#3507 = EDGE_LOOP ( 'NONE', ( #5048, #5371 ) ) ;
#3508 = LINE ( 'NONE', #3065, #5770 ) ;
#3509 = DIRECTION ( 'NONE',  ( 1.000000000000000000, 0.000000000000000000, 0.000000000000000000 ) ) ;
#3510 = CIRCLE ( 'NONE', #102, 3.900000000000000799 ) ;
#3511 = EDGE_CURVE ( 'NONE', #4140, #3198, #2761, .T. ) ;
#3512 = CARTESIAN_POINT ( 'NONE',  ( -3.050000000000549161, -52.69999999999996732, -53.61000000000003496 ) ) ;
#3513 = VERTEX_POINT ( 'NONE', #5226 ) ;
#3514 = EDGE_CURVE ( 'NONE', #3298, #2659, #1740, .T. ) ;
#3515 = DIRECTION ( 'NONE',  ( 1.000000000000000000, 0.000000000000000000, 0.000000000000000000 ) ) ;
#3516 = VERTEX_POINT ( 'NONE', #789 ) ;
#3517 = CARTESIAN_POINT ( 'NONE',  ( 26.00000000000000000, 19.00000000000000000, 6.000000000000000000 ) ) ;
#3518 = DIRECTION ( 'NONE',  ( 0.000000000000000000, 0.000000000000000000, -1.000000000000000000 ) ) ;
#3519 = CARTESIAN_POINT ( 'NONE',  ( 53.28622705639531887, -7.418631374551901914, -14.60054328395958123 ) ) ;
#3520 = VECTOR ( 'NONE', #4946, 1000.000000000000000 ) ;
#3521 = CARTESIAN_POINT ( 'NONE',  ( -51.39999999999999858, 6.294684547617395450E-15, -32.11000000000002785 ) ) ;
#3522 = ORIENTED_EDGE ( 'NONE', *, *, #5495, .T. ) ;
#3523 = CARTESIAN_POINT ( 'NONE',  ( 25.19088756443951382, 25.85239644698270922, 6.000000000000000000 ) ) ;
#3524 = CARTESIAN_POINT ( 'NONE',  ( 24.85137510808110761, 22.99667358958177843, 4.374581527355314137 ) ) ;
#3525 = AXIS2_PLACEMENT_3D ( 'NONE', #2909, #1533, #3409 ) ;
#3526 = CIRCLE ( 'NONE', #4551, 48.39999999999999858 ) ;
#3527 = CARTESIAN_POINT ( 'NONE',  ( -25.65055762081784252, -38.18440642122257600, 8.400000000000000355 ) ) ;
#3528 = DIRECTION ( 'NONE',  ( -0.000000000000000000, -0.000000000000000000, 1.000000000000000000 ) ) ;
#3529 = CARTESIAN_POINT ( 'NONE',  ( 53.25637769568305657, -7.630065826722790767, -14.24066474856936715 ) ) ;
#3530 = CIRCLE ( 'NONE', #3619, 3.049999999999997158 ) ;
#3531 = VERTEX_POINT ( 'NONE', #761 ) ;
#3532 = ORIENTED_EDGE ( 'NONE', *, *, #1213, .F. ) ;
#3533 = CARTESIAN_POINT ( 'NONE',  ( 42.44863449477949047, 31.59120006458208252, -11.24166897748771454 ) ) ;
#3534 = ADVANCED_FACE ( 'NONE', ( #3869 ), #338, .F. ) ;
#3535 = AXIS2_PLACEMENT_3D ( 'NONE', #1991, #986, #4684 ) ;
#3536 = CARTESIAN_POINT ( 'NONE',  ( 53.76807368092888595, -1.860526503155340627, -51.18504277958233217 ) ) ;
#3537 = CARTESIAN_POINT ( 'NONE',  ( 0.000000000000000000, 0.000000000000000000, -59.27696972201768943 ) ) ;
#3538 = EDGE_LOOP ( 'NONE', ( #3767, #3093, #3459, #3394 ) ) ;
#3539 = CARTESIAN_POINT ( 'NONE',  ( 42.39999999999999858, 15.74000000000000021, 1.435000000000000053 ) ) ;
#3540 = CARTESIAN_POINT ( 'NONE',  ( 40.00000000000000000, 22.18000000000000327, -0.6150000000000009903 ) ) ;
#3541 = CARTESIAN_POINT ( 'NONE',  ( 0.000000000000000000, 0.000000000000000000, -47.11000000000002785 ) ) ;
#3542 = ORIENTED_EDGE ( 'NONE', *, *, #1350, .F. ) ;
#3543 = DIRECTION ( 'NONE',  ( -0.000000000000000000, 0.000000000000000000, 1.000000000000000000 ) ) ;
#3544 = EDGE_LOOP ( 'NONE', ( #5667, #3705, #3452, #3071 ) ) ;
#3545 = DIRECTION ( 'NONE',  ( -0.000000000000000000, -0.000000000000000000, -1.000000000000000000 ) ) ;
#3546 = CARTESIAN_POINT ( 'NONE',  ( 0.000000000000000000, 0.000000000000000000, -18.60000000000000497 ) ) ;
#3547 = EDGE_CURVE ( 'NONE', #4238, #5659, #3240, .T. ) ;
#3548 = FACE_BOUND ( 'NONE', #3445, .T. ) ;
#3549 = EDGE_CURVE ( 'NONE', #332, #1728, #3145, .T. ) ;
#3550 = ORIENTED_EDGE ( 'NONE', *, *, #4539, .F. ) ;
#3551 = DIRECTION ( 'NONE',  ( -0.000000000000000000, -0.000000000000000000, -1.000000000000000000 ) ) ;
#3552 = CARTESIAN_POINT ( 'NONE',  ( 23.78897639623485816, 24.31567201120746802, 5.798336716618710973 ) ) ;
#3553 = CARTESIAN_POINT ( 'NONE',  ( 1.500566286912722314, -50.17757157252927414, -53.20874938181358971 ) ) ;
#3554 = VECTOR ( 'NONE', #3828, 1000.000000000000000 ) ;
#3555 = DIRECTION ( 'NONE',  ( 1.000000000000000000, 0.000000000000000000, 0.000000000000000000 ) ) ;
#3556 = CARTESIAN_POINT ( 'NONE',  ( 53.29543461100060142, -7.352300280179622227, -14.70536532571262356 ) ) ;
#3557 = ORIENTED_EDGE ( 'NONE', *, *, #435, .T. ) ;
#3558 = CYLINDRICAL_SURFACE ( 'NONE', #3742, 1.199999999999999734 ) ;
#3559 = CARTESIAN_POINT ( 'NONE',  ( 42.47639402745623727, 31.52354290232912248, -11.39117998891318884 ) ) ;
#3560 = PLANE ( 'NONE',  #3053 ) ;
#3561 = CARTESIAN_POINT ( 'NONE',  ( 48.38802699427618137, -1.106837446230760191, -37.45539573998760119 ) ) ;
#3562 = CIRCLE ( 'NONE', #1501, 6.899999999999999467 ) ;
#3563 = AXIS2_PLACEMENT_3D ( 'NONE', #1039, #2392, #5525 ) ;
#3564 = ORIENTED_EDGE ( 'NONE', *, *, #4872, .T. ) ;
#3565 = CARTESIAN_POINT ( 'NONE',  ( 25.49827514393555816, 23.24912221090419351, 4.510856941112695750 ) ) ;
#3566 = CARTESIAN_POINT ( 'NONE',  ( 0.000000000000000000, 0.000000000000000000, 8.400000000000000355 ) ) ;
#3567 = DIRECTION ( 'NONE',  ( 1.000000000000000000, 0.000000000000000000, 0.000000000000000000 ) ) ;
#3568 = ORIENTED_EDGE ( 'NONE', *, *, #5108, .F. ) ;
#3569 = EDGE_CURVE ( 'NONE', #5206, #1625, #2963, .T. ) ;
#3570 = FACE_OUTER_BOUND ( 'NONE', #5323, .T. ) ;
#3571 = ORIENTED_EDGE ( 'NONE', *, *, #1747, .F. ) ;
#3572 = DIRECTION ( 'NONE',  ( -0.000000000000000000, -0.000000000000000000, 1.000000000000000000 ) ) ;
#3573 = FACE_OUTER_BOUND ( 'NONE', #3596, .T. ) ;
#3574 = CARTESIAN_POINT ( 'NONE',  ( -4.599999999999996980, 0.000000000000000000, 8.400000000000000355 ) ) ;
#3575 = ADVANCED_FACE ( 'NONE', ( #2201 ), #3937, .F. ) ;
#3576 = EDGE_LOOP ( 'NONE', ( #5531, #1124, #2978, #19, #5170, #821, #5814, #5096 ) ) ;
#3577 = CARTESIAN_POINT ( 'NONE',  ( 1.831077118195028666E-13, 52.70000000000000284, -53.61000000000003496 ) ) ;
#3578 = CARTESIAN_POINT ( 'NONE',  ( 23.60856041394725224, 24.63638451471492274, 5.923207893470399554 ) ) ;
#3579 = EDGE_CURVE ( 'NONE', #3402, #1693, #4757, .T. ) ;
#3580 = EDGE_CURVE ( 'NONE', #2041, #4228, #5024, .T. ) ;
#3581 = CARTESIAN_POINT ( 'NONE',  ( 1.232813986468005885, -50.18489151217496413, -52.66504929274873348 ) ) ;
#3582 = DIRECTION ( 'NONE',  ( 0.000000000000000000, 0.000000000000000000, -1.000000000000000000 ) ) ;
#3583 = FACE_OUTER_BOUND ( 'NONE', #2288, .T. ) ;
#3584 = VERTEX_POINT ( 'NONE', #1291 ) ;
#3585 = CARTESIAN_POINT ( 'NONE',  ( 44.64499345930434515, 25.32037640277192381, -14.20076995867669289 ) ) ;
#3586 = CARTESIAN_POINT ( 'NONE',  ( -52.70000000000000284, -8.933547375302734704E-16, -50.56000000000003780 ) ) ;
#3587 = DIRECTION ( 'NONE',  ( -0.000000000000000000, -0.000000000000000000, -1.000000000000000000 ) ) ;
#3588 = FACE_OUTER_BOUND ( 'NONE', #1577, .T. ) ;
#3589 = VECTOR ( 'NONE', #634, 1000.000000000000000 ) ;
#3590 = ORIENTED_EDGE ( 'NONE', *, *, #1250, .F. ) ;
#3591 = ORIENTED_EDGE ( 'NONE', *, *, #209, .T. ) ;
#3592 = FACE_OUTER_BOUND ( 'NONE', #5790, .T. ) ;
#3593 = CYLINDRICAL_SURFACE ( 'NONE', #5616, 4.000000000000003553 ) ;
#3594 = FACE_OUTER_BOUND ( 'NONE', #2147, .T. ) ;
#3595 = EDGE_LOOP ( 'NONE', ( #4933, #1229, #4380, #686, #1272, #5733, #5155, #2791 ) ) ;
#3596 = EDGE_LOOP ( 'NONE', ( #1692, #4316, #922, #3590 ) ) ;
#3597 = AXIS2_PLACEMENT_3D ( 'NONE', #5539, #1025, #2812 ) ;
#3598 = FACE_OUTER_BOUND ( 'NONE', #3356, .T. ) ;
#3599 = DIRECTION ( 'NONE',  ( -1.000000000000000000, 0.000000000000000000, 0.000000000000000000 ) ) ;
#3600 = CARTESIAN_POINT ( 'NONE',  ( 23.89092507139532628, 24.72061160401639057, 5.979953616978979980 ) ) ;
#3601 = LINE ( 'NONE', #1843, #806 ) ;
#3602 = ORIENTED_EDGE ( 'NONE', *, *, #5705, .T. ) ;
#3603 = CARTESIAN_POINT ( 'NONE',  ( 28.43500108084743516, 13.69000000000000128, 1.435000000000000275 ) ) ;
#3604 = CARTESIAN_POINT ( 'NONE',  ( 24.27373535456287712, 23.90322539123752321, 5.548069863005766322 ) ) ;
#3605 = EDGE_CURVE ( 'NONE', #4257, #1874, #3526, .T. ) ;
#3606 = AXIS2_PLACEMENT_3D ( 'NONE', #5313, #5341, #1206 ) ;
#3607 = DIRECTION ( 'NONE',  ( -0.000000000000000000, -0.000000000000000000, -1.000000000000000000 ) ) ;
#3608 = DIRECTION ( 'NONE',  ( -0.000000000000000000, -0.000000000000000000, -1.000000000000000000 ) ) ;
#3609 = CARTESIAN_POINT ( 'NONE',  ( -50.18487004752830671, -1.233681447969092959, -52.66619362941709426 ) ) ;
#3610 = ORIENTED_EDGE ( 'NONE', *, *, #3569, .F. ) ;
#3611 = CARTESIAN_POINT ( 'NONE',  ( 44.55526089430154002, 30.16394016007703627, -16.74205026578279742 ) ) ;
#3612 = AXIS2_PLACEMENT_3D ( 'NONE', #1950, #5494, #4207 ) ;
#3613 = CARTESIAN_POINT ( 'NONE',  ( 43.78256952318274386, 31.26756324207175552, -16.04106890528467844 ) ) ;
#3614 = AXIS2_PLACEMENT_3D ( 'NONE', #2671, #1824, #3172 ) ;
#3615 = ADVANCED_FACE ( 'NONE', ( #4784, #4874 ), #5281, .T. ) ;
#3616 = CARTESIAN_POINT ( 'NONE',  ( 2.952065770300012826, 53.71896157578660791, -54.40216662906168210 ) ) ;
#3617 = AXIS2_PLACEMENT_3D ( 'NONE', #4067, #3518, #2713 ) ;
#3618 = CARTESIAN_POINT ( 'NONE',  ( 24.34213163913139866, 22.53008108944127130, 3.000000000000000000 ) ) ;
#3619 = AXIS2_PLACEMENT_3D ( 'NONE', #4779, #755, #2634 ) ;
#3620 = ORIENTED_EDGE ( 'NONE', *, *, #1172, .F. ) ;
#3621 = AXIS2_PLACEMENT_3D ( 'NONE', #5151, #676, #227 ) ;
#3622 = EDGE_LOOP ( 'NONE', ( #1570, #1450, #2822, #4423 ) ) ;
#3623 = CARTESIAN_POINT ( 'NONE',  ( 53.71889311311310422, 2.953306092093956003, -54.39737356361452925 ) ) ;
#3624 = CARTESIAN_POINT ( 'NONE',  ( 42.81023825607344691, -2.019184802494736086, -1.129495639095378312 ) ) ;
#3625 = CARTESIAN_POINT ( 'NONE',  ( -53.80100000000000193, 8.933547375302734704E-16, -55.16000000000003212 ) ) ;
#3626 = CARTESIAN_POINT ( 'NONE',  ( 53.73234259875377461, -2.710976242137731695, -18.17875825735666240 ) ) ;
#3627 = DIRECTION ( 'NONE',  ( 1.000000000000000000, 0.000000000000000000, 0.000000000000000000 ) ) ;
#3628 = ORIENTED_EDGE ( 'NONE', *, *, #159, .T. ) ;
#3629 = EDGE_CURVE ( 'NONE', #5376, #3697, #15, .T. ) ;
#3630 = DIRECTION ( 'NONE',  ( 1.000000000000000000, 0.000000000000000000, -0.000000000000000000 ) ) ;
#3631 = CARTESIAN_POINT ( 'NONE',  ( 22.09999999999999787, 19.00000000000000000, 0.000000000000000000 ) ) ;
#3632 = DIRECTION ( 'NONE',  ( 1.000000000000000000, 0.000000000000000000, 0.000000000000000000 ) ) ;
#3633 = DIRECTION ( 'NONE',  ( -0.000000000000000000, -0.000000000000000000, 1.000000000000000000 ) ) ;
#3634 = ORIENTED_EDGE ( 'NONE', *, *, #1317, .F. ) ;
#3635 = CARTESIAN_POINT ( 'NONE',  ( 24.92539656901921674, 22.74903034551388004, 3.437730372481706986 ) ) ;
#3636 = DIRECTION ( 'NONE',  ( -2.775557561562890735E-17, 8.326672684688676518E-17, 1.000000000000000000 ) ) ;
#3637 = DIRECTION ( 'NONE',  ( 0.000000000000000000, 0.000000000000000000, -1.000000000000000000 ) ) ;
#3638 = CARTESIAN_POINT ( 'NONE',  ( 51.78852109751536403, -1.095781682394384227, -41.75015014301434491 ) ) ;
#3639 = EDGE_LOOP ( 'NONE', ( #5644, #4630 ) ) ;
#3640 = CARTESIAN_POINT ( 'NONE',  ( 43.67294220773960234, 31.42042556055346836, -15.92960831185170534 ) ) ;
#3641 = CARTESIAN_POINT ( 'NONE',  ( 25.22624961240907737, 22.82247516825528777, 3.046450792525046580 ) ) ;
#3642 = DIRECTION ( 'NONE',  ( 1.270305253563490991E-16, 1.000000000000000000, -0.000000000000000000 ) ) ;
#3643 = CYLINDRICAL_SURFACE ( 'NONE', #223, 4.000000000000003553 ) ;
#3644 = VERTEX_POINT ( 'NONE', #9 ) ;
#3645 = TOROIDAL_SURFACE ( 'NONE', #5062, 6.899999999999999467, 3.000000000000000000 ) ;
#3646 = VERTEX_POINT ( 'NONE', #4048 ) ;
#3647 = CARTESIAN_POINT ( 'NONE',  ( 53.80100000000000193, -8.933547375302734704E-16, -53.61000000000003496 ) ) ;
#3648 = CYLINDRICAL_SURFACE ( 'NONE', #2448, 1.000000000000000000 ) ;
#3649 = DIRECTION ( 'NONE',  ( -0.000000000000000000, 1.000000000000000000, -0.000000000000000000 ) ) ;
#3650 = AXIS2_PLACEMENT_3D ( 'NONE', #3370, #5621, #294 ) ;
#3651 = AXIS2_PLACEMENT_3D ( 'NONE', #2794, #2305, #1445 ) ;
#3652 = ADVANCED_FACE ( 'NONE', ( #451 ), #1765, .F. ) ;
#3653 = CARTESIAN_POINT ( 'NONE',  ( 53.54902246598805249, -5.195281043380411745, -16.94868316893631999 ) ) ;
#3654 = EDGE_CURVE ( 'NONE', #2013, #4213, #4650, .T. ) ;
#3655 = LINE ( 'NONE', #147, #4263 ) ;
#3656 = ORIENTED_EDGE ( 'NONE', *, *, #273, .T. ) ;
#3657 = ORIENTED_EDGE ( 'NONE', *, *, #3146, .T. ) ;
#3658 = CARTESIAN_POINT ( 'NONE',  ( 24.61072256277516956, 24.52922874609305737, 5.864700010737077918 ) ) ;
#3659 = DIRECTION ( 'NONE',  ( -0.000000000000000000, -0.000000000000000000, 1.000000000000000000 ) ) ;
#3660 = CARTESIAN_POINT ( 'NONE',  ( 41.39999999999999858, 12.68999999999999950, 1.435000000000000275 ) ) ;
#3661 = FACE_BOUND ( 'NONE', #486, .T. ) ;
#3662 = ORIENTED_EDGE ( 'NONE', *, *, #2182, .T. ) ;
#3663 = DIRECTION ( 'NONE',  ( -0.000000000000000000, -0.000000000000000000, -1.000000000000000000 ) ) ;
#3664 = CARTESIAN_POINT ( 'NONE',  ( -0.4020517839810636151, -50.19848838283466108, -52.10962430840067583 ) ) ;
#3665 = CARTESIAN_POINT ( 'NONE',  ( -1.232813986468355827, 50.18489151217494992, -52.66504929274871927 ) ) ;
#3666 = CARTESIAN_POINT ( 'NONE',  ( -50.19429849822824963, -0.7792299933394306599, -54.96501142765356462 ) ) ;
#3667 = EDGE_CURVE ( 'NONE', #4857, #1948, #1646, .T. ) ;
#3668 = EDGE_LOOP ( 'NONE', ( #1509, #129 ) ) ;
#3669 = CARTESIAN_POINT ( 'NONE',  ( 44.30801237256427072, 30.53726835485909064, -14.27233161779435555 ) ) ;
#3670 = CARTESIAN_POINT ( 'NONE',  ( 49.48127503357564905, 21.13714471192198019, -18.58428810791430408 ) ) ;
#3671 = DIRECTION ( 'NONE',  ( 1.000000000000000000, -0.000000000000000000, -0.000000000000000000 ) ) ;
#3672 = FACE_OUTER_BOUND ( 'NONE', #2766, .T. ) ;
#3673 = B_SPLINE_CURVE_WITH_KNOTS ( 'NONE', 3,
 ( #2854, #3205, #4588, #3624, #4208, #2825, #5406, #2364 ),
 .UNSPECIFIED., .F., .F.,
 ( 4, 2, 2, 4 ),
 ( -6.324561566880869477E-06, 0.0006277709731499728652, 0.0009448187405083998715, 0.001261866507866827095 ),
 .UNSPECIFIED. ) ;
#3674 = ORIENTED_EDGE ( 'NONE', *, *, #2178, .F. ) ;
#3675 = VERTEX_POINT ( 'NONE', #4487 ) ;
#3676 = CARTESIAN_POINT ( 'NONE',  ( 53.72211150549342307, 2.894926595913658751, -54.59078467261326040 ) ) ;
#3677 = LINE ( 'NONE', #554, #746 ) ;
#3678 = EDGE_CURVE ( 'NONE', #5637, #3644, #5209, .T. ) ;
#3679 = AXIS2_PLACEMENT_3D ( 'NONE', #2072, #5534, #5593 ) ;
#3680 = CARTESIAN_POINT ( 'NONE',  ( -27.43999999999999773, -18.00000000000000000, 6.000000000000000000 ) ) ;
#3681 = CARTESIAN_POINT ( 'NONE',  ( 49.50569426903507519, -2.671770287988026737, -13.51939619003732140 ) ) ;
#3682 = DIRECTION ( 'NONE',  ( 1.000000000000000000, -0.000000000000000000, -0.000000000000000000 ) ) ;
#3683 = ORIENTED_EDGE ( 'NONE', *, *, #5585, .T. ) ;
#3684 = VERTEX_POINT ( 'NONE', #938 ) ;
#3685 = CARTESIAN_POINT ( 'NONE',  ( 24.72669570023905194, 23.42423776156813986, 5.051644724063733882 ) ) ;
#3686 = AXIS2_PLACEMENT_3D ( 'NONE', #126, #1998, #1940 ) ;
#3687 = DIRECTION ( 'NONE',  ( -1.000000000000000000, 0.000000000000000000, -0.000000000000000000 ) ) ;
#3688 = EDGE_CURVE ( 'NONE', #332, #2224, #4457, .T. ) ;
#3689 = DIRECTION ( 'NONE',  ( 1.000000000000000000, 0.000000000000000000, 0.000000000000000000 ) ) ;
#3690 = EDGE_CURVE ( 'NONE', #3878, #5631, #608, .T. ) ;
#3691 = DIRECTION ( 'NONE',  ( 1.224646799147353207E-16, 1.000000000000000000, -0.000000000000000000 ) ) ;
#3692 = ORIENTED_EDGE ( 'NONE', *, *, #5020, .F. ) ;
#3693 = DIRECTION ( 'NONE',  ( 0.000000000000000000, 0.000000000000000000, 1.000000000000000000 ) ) ;
#3694 = CARTESIAN_POINT ( 'NONE',  ( 1.549999999999476241, -50.17606501111860240, -53.81479090812521804 ) ) ;
#3695 = CARTESIAN_POINT ( 'NONE',  ( 28.43500108084743516, -1.934235304825850044, -7.594999999999999751 ) ) ;
#3696 = CARTESIAN_POINT ( 'NONE',  ( 51.76137647045818113, -1.999976470874032630, -39.31049440485398350 ) ) ;
#3697 = VERTEX_POINT ( 'NONE', #66 ) ;
#3698 = CARTESIAN_POINT ( 'NONE',  ( -53.78332897512176203, -1.351921568242629768, -56.35131688827428320 ) ) ;
#3699 = CARTESIAN_POINT ( 'NONE',  ( 25.54267557990058535, 22.87309364394675271, 3.000000000000000000 ) ) ;
#3700 = CIRCLE ( 'NONE', #4824, 2.999999999999999112 ) ;
#3701 = CARTESIAN_POINT ( 'NONE',  ( 2.894032310201551716, -53.72215982111867305, -54.59338663518191481 ) ) ;
#3702 = CARTESIAN_POINT ( 'NONE',  ( 46.39999999999999858, 0.000000000000000000, -10.59999999999999787 ) ) ;
#3703 = CIRCLE ( 'NONE', #4074, 1.199999999999999734 ) ;
#3704 = VERTEX_POINT ( 'NONE', #1319 ) ;
#3705 = ORIENTED_EDGE ( 'NONE', *, *, #5442, .T. ) ;
#3706 = DIRECTION ( 'NONE',  ( 1.137523590804464788E-14, 1.000000000000000000, 0.000000000000000000 ) ) ;
#3707 = EDGE_CURVE ( 'NONE', #1773, #3320, #2674, .T. ) ;
#3708 = CARTESIAN_POINT ( 'NONE',  ( -2.647855591628719640, -53.73491712976053236, -52.08302241244309272 ) ) ;
#3709 = AXIS2_PLACEMENT_3D ( 'NONE', #4516, #39, #967 ) ;
#3710 = CYLINDRICAL_SURFACE ( 'NONE', #1337, 1.000000000000000888 ) ;
#3711 = CARTESIAN_POINT ( 'NONE',  ( 49.34321263446801709, -3.332720108653873581, -12.71366986059523896 ) ) ;
#3712 = DIRECTION ( 'NONE',  ( 0.000000000000000000, 0.000000000000000000, 1.000000000000000000 ) ) ;
#3713 = VERTEX_POINT ( 'NONE', #5419 ) ;
#3714 = ORIENTED_EDGE ( 'NONE', *, *, #4873, .F. ) ;
#3715 = CIRCLE ( 'NONE', #36, 0.8000000000000020428 ) ;
#3716 = AXIS2_PLACEMENT_3D ( 'NONE', #2407, #4600, #2461 ) ;
#3717 = CARTESIAN_POINT ( 'NONE',  ( 24.77561452352346549, 24.68468605331669252, 5.881791275624975945 ) ) ;
#3718 = DIRECTION ( 'NONE',  ( 0.000000000000000000, -1.000000000000000000, -8.673617379884035472E-16 ) ) ;
#3719 = CYLINDRICAL_SURFACE ( 'NONE', #512, 1.199999999999999734 ) ;
#3720 = EDGE_CURVE ( 'NONE', #4746, #3910, #4831, .T. ) ;
#3721 = CARTESIAN_POINT ( 'NONE',  ( 24.33885156109948866, 24.76794995666649513, 5.977897346538543211 ) ) ;
#3722 = AXIS2_PLACEMENT_3D ( 'NONE', #1078, #656, #5043 ) ;
#3723 = CARTESIAN_POINT ( 'NONE',  ( 0.000000000000000000, 0.000000000000000000, -32.11000000000002785 ) ) ;
#3724 = EDGE_LOOP ( 'NONE', ( #871, #5604, #739, #221 ) ) ;
#3725 = CARTESIAN_POINT ( 'NONE',  ( -50.17606390490630730, 1.550035809924481756, -53.71055279429774743 ) ) ;
#3726 = CARTESIAN_POINT ( 'NONE',  ( -1.509401725497059754, -50.17736213050624627, -54.01615487249964076 ) ) ;
#3727 = LINE ( 'NONE', #2921, #3051 ) ;
#3728 = EDGE_CURVE ( 'NONE', #2266, #3955, #4928, .T. ) ;
#3729 = CARTESIAN_POINT ( 'NONE',  ( 25.54267557990058535, 22.87309364394675271, 3.000000000000000000 ) ) ;
#3730 = EDGE_LOOP ( 'NONE', ( #2399, #4341, #1682, #5314, #1253, #33, #3381, #1865, #5547 ) ) ;
#3731 = DIRECTION ( 'NONE',  ( -0.000000000000000000, -0.000000000000000000, -1.000000000000000000 ) ) ;
#3732 = CARTESIAN_POINT ( 'NONE',  ( 25.22141902681024206, 22.82149417668172120, 3.047796204480401006 ) ) ;
#3733 = CARTESIAN_POINT ( 'NONE',  ( -3.050000000000559819, -53.71347596274138425, -53.61000000000003496 ) ) ;
#3734 = CARTESIAN_POINT ( 'NONE',  ( 49.40261228816172689, -3.109909461700557376, -13.04615309208745266 ) ) ;
#3735 = VERTEX_POINT ( 'NONE', #663 ) ;
#3736 = ORIENTED_EDGE ( 'NONE', *, *, #1162, .F. ) ;
#3737 = FACE_BOUND ( 'NONE', #1145, .T. ) ;
#3738 = DIRECTION ( 'NONE',  ( -0.000000000000000000, -0.000000000000000000, -1.000000000000000000 ) ) ;
#3739 = EDGE_CURVE ( 'NONE', #5333, #299, #133, .T. ) ;
#3740 = CARTESIAN_POINT ( 'NONE',  ( 53.72217564895109376, -2.893724667560663821, -54.59403314170827315 ) ) ;
#3741 = CARTESIAN_POINT ( 'NONE',  ( -50.39999999999999858, 0.000000000000000000, -45.12002512578678193 ) ) ;
#3742 = AXIS2_PLACEMENT_3D ( 'NONE', #480, #2327, #5023 ) ;
#3743 = CIRCLE ( 'NONE', #4954, 3.049999999999997158 ) ;
#3744 = FACE_OUTER_BOUND ( 'NONE', #3872, .T. ) ;
#3745 = EDGE_LOOP ( 'NONE', ( #4212, #2606, #5031, #5653 ) ) ;
#3746 = ORIENTED_EDGE ( 'NONE', *, *, #1316, .F. ) ;
#3747 = CARTESIAN_POINT ( 'NONE',  ( 24.80840629240452344, 23.14337155818556369, 4.664467225434150599 ) ) ;
#3748 = DIRECTION ( 'NONE',  ( 0.000000000000000000, 0.000000000000000000, 1.000000000000000000 ) ) ;
#3749 = CIRCLE ( 'NONE', #745, 1.199999999999999734 ) ;
#3750 = DIRECTION ( 'NONE',  ( -2.775557561562890735E-17, 8.326672684688676518E-17, 1.000000000000000000 ) ) ;
#3751 = CARTESIAN_POINT ( 'NONE',  ( 27.85326158718369882, 25.64645931977840831, 6.000000000000000000 ) ) ;
#3752 = VECTOR ( 'NONE', #3216, 1000.000000000000000 ) ;
#3753 = PRESENTATION_LAYER_ASSIGNMENT (  '', '', ( #1502 ) ) ;
#3754 = ORIENTED_EDGE ( 'NONE', *, *, #1790, .T. ) ;
#3755 = DIRECTION ( 'NONE',  ( 0.000000000000000000, 0.000000000000000000, -1.000000000000000000 ) ) ;
#3756 = EDGE_CURVE ( 'NONE', #5711, #2188, #5578, .T. ) ;
#3757 = LINE ( 'NONE', #1085, #3501 ) ;
#3758 = CARTESIAN_POINT ( 'NONE',  ( 1.239583305337837560, 50.18489647057246827, -54.56224593978821957 ) ) ;
#3759 = CARTESIAN_POINT ( 'NONE',  ( 25.11712097511734498, 22.86128628481462144, 3.772346438220095521 ) ) ;
#3760 = ORIENTED_EDGE ( 'NONE', *, *, #553, .F. ) ;
#3761 = CARTESIAN_POINT ( 'NONE',  ( -53.75102470626351447, -2.299486330126345290, -55.62380327578510020 ) ) ;
#3762 = ADVANCED_FACE ( 'NONE', ( #1139 ), #1524, .T. ) ;
#3763 = CARTESIAN_POINT ( 'NONE',  ( 53.79999999999999716, 6.588599779412759964E-15, -42.96000000000002927 ) ) ;
#3764 = EDGE_CURVE ( 'NONE', #2972, #4674, #3727, .T. ) ;
#3765 = CARTESIAN_POINT ( 'NONE',  ( -3.000000000000000000, -1.500000000000000000, 6.000000000000000000 ) ) ;
#3766 = ORIENTED_EDGE ( 'NONE', *, *, #1366, .F. ) ;
#3767 = ORIENTED_EDGE ( 'NONE', *, *, #5304, .T. ) ;
#3768 = CARTESIAN_POINT ( 'NONE',  ( 29.53484186109216836, 24.92578205953192949, 3.000000000000000000 ) ) ;
#3769 = CARTESIAN_POINT ( 'NONE',  ( 24.92638889819713555, 22.74931449762295088, 3.114204189450903382 ) ) ;
#3770 = DIRECTION ( 'NONE',  ( -0.000000000000000000, -0.000000000000000000, -1.000000000000000000 ) ) ;
#3771 = CARTESIAN_POINT ( 'NONE',  ( 28.17000000000000171, -18.00000000000000355, 0.000000000000000000 ) ) ;
#3772 = CIRCLE ( 'NONE', #4184, 51.39999999999999858 ) ;
#3773 = LINE ( 'NONE', #4622, #3884 ) ;
#3774 = EDGE_LOOP ( 'NONE', ( #2067, #1392, #5794, #5063 ) ) ;
#3775 = VERTEX_POINT ( 'NONE', #5110 ) ;
#3776 = CARTESIAN_POINT ( 'NONE',  ( 25.24822650265543800, 25.36679133298845201, 5.961326796722410393 ) ) ;
#3777 = LINE ( 'NONE', #1422, #3752 ) ;
#3778 = LINE ( 'NONE', #4568, #3060 ) ;
#3779 = DIRECTION ( 'NONE',  ( -0.000000000000000000, -0.000000000000000000, -1.000000000000000000 ) ) ;
#3780 = CARTESIAN_POINT ( 'NONE',  ( 28.40870570297056119, 24.94789818362548672, 5.999999999732891887 ) ) ;
#3781 = ORIENTED_EDGE ( 'NONE', *, *, #5164, .F. ) ;
#3782 = CARTESIAN_POINT ( 'NONE',  ( -50.18177812665433635, 1.354666886306630236, -52.83016177928823964 ) ) ;
#3783 = CARTESIAN_POINT ( 'NONE',  ( -1.355011434660318370, -50.18176868103432753, -54.38922997974177065 ) ) ;
#3784 = LINE ( 'NONE', #1086, #503 ) ;
#3785 = DIRECTION ( 'NONE',  ( 1.000000000000000000, -1.137523590804464473E-14, 0.000000000000000000 ) ) ;
#3786 = EDGE_LOOP ( 'NONE', ( #570, #382, #1978, #2628, #2280, #4470 ) ) ;
#3787 = DIRECTION ( 'NONE',  ( 0.000000000000000000, 0.000000000000000000, -1.000000000000000000 ) ) ;
#3788 = DIRECTION ( 'NONE',  ( -1.000000000000000000, 0.000000000000000000, 0.000000000000000000 ) ) ;
#3789 = DIRECTION ( 'NONE',  ( -0.000000000000000000, -0.000000000000000000, 1.000000000000000000 ) ) ;
#3790 = ORIENTED_EDGE ( 'NONE', *, *, #3139, .T. ) ;
#3791 = VERTEX_POINT ( 'NONE', #2873 ) ;
#3792 = DIRECTION ( 'NONE',  ( 0.5122959218974165729, 0.8588089941350615097, 0.000000000000000000 ) ) ;
#3793 = EDGE_CURVE ( 'NONE', #1258, #41, #635, .T. ) ;
#3794 = CARTESIAN_POINT ( 'NONE',  ( 0.000000000000000000, 0.000000000000000000, -36.26000000000002643 ) ) ;
#3795 = TOROIDAL_SURFACE ( 'NONE', #1266, 49.79999999999999716, 4.000000000000000000 ) ;
#3796 = DIRECTION ( 'NONE',  ( 0.000000000000000000, 0.000000000000000000, -1.000000000000000000 ) ) ;
#3797 = ORIENTED_EDGE ( 'NONE', *, *, #4044, .T. ) ;
#3798 = ORIENTED_EDGE ( 'NONE', *, *, #3377, .F. ) ;
#3799 = DIRECTION ( 'NONE',  ( 1.000000000000000000, 0.000000000000000000, 0.000000000000000000 ) ) ;
#3800 = CARTESIAN_POINT ( 'NONE',  ( 40.00000000000000000, -0.000000000000000000, 6.000000000000000000 ) ) ;
#3801 = TOROIDAL_SURFACE ( 'NONE', #2668, 50.39999999999999858, 2.000000000000000000 ) ;
#3802 = AXIS2_PLACEMENT_3D ( 'NONE', #1671, #4313, #5198 ) ;
#3803 = LINE ( 'NONE', #1575, #4427 ) ;
#3804 = CIRCLE ( 'NONE', #4084, 53.00000000000000000 ) ;
#3805 = CIRCLE ( 'NONE', #4926, 3.049999999999997158 ) ;
#3806 = CARTESIAN_POINT ( 'NONE',  ( 0.000000000000000000, 0.000000000000000000, -61.11000000000002785 ) ) ;
#3807 = EDGE_CURVE ( 'NONE', #4607, #2923, #3784, .T. ) ;
#3808 = CIRCLE ( 'NONE', #226, 8.500000000000000000 ) ;
#3809 = EDGE_LOOP ( 'NONE', ( #2446, #201, #1706, #86 ) ) ;
#3810 = CARTESIAN_POINT ( 'NONE',  ( 28.70055762081783968, 38.18440642122257600, 7.599999999999998757 ) ) ;
#3811 = CARTESIAN_POINT ( 'NONE',  ( 42.39999999999999858, 22.18000000000000327, 5.144999999999998685 ) ) ;
#3812 = CARTESIAN_POINT ( 'NONE',  ( 0.000000000000000000, 0.000000000000000000, -42.96000000000002927 ) ) ;
#3813 = ORIENTED_EDGE ( 'NONE', *, *, #5084, .T. ) ;
#3814 = FACE_OUTER_BOUND ( 'NONE', #1949, .T. ) ;
#3815 = VECTOR ( 'NONE', #4837, 1000.000000000000000 ) ;
#3816 = CARTESIAN_POINT ( 'NONE',  ( -27.43999999999999773, -18.00000000000000000, 0.000000000000000000 ) ) ;
#3817 = EDGE_CURVE ( 'NONE', #1081, #5206, #4694, .T. ) ;
#3818 = CARTESIAN_POINT ( 'NONE',  ( 3.049999999999446931, -52.70000000000003837, -53.61000000000003496 ) ) ;
#3819 = ORIENTED_EDGE ( 'NONE', *, *, #3075, .T. ) ;
#3820 = ORIENTED_EDGE ( 'NONE', *, *, #441, .T. ) ;
#3821 = FACE_BOUND ( 'NONE', #2302, .T. ) ;
#3822 = CARTESIAN_POINT ( 'NONE',  ( 53.79886810093447025, -0.3997514079291273337, -56.64021555748186643 ) ) ;
#3823 = CARTESIAN_POINT ( 'NONE',  ( 0.000000000000000000, 0.000000000000000000, -42.16000000000002501 ) ) ;
#3824 = ADVANCED_FACE ( 'NONE', ( #5481 ), #2467, .F. ) ;
#3825 = EDGE_LOOP ( 'NONE', ( #183, #5089 ) ) ;
#3826 = VERTEX_POINT ( 'NONE', #5052 ) ;
#3827 = DIRECTION ( 'NONE',  ( -1.000000000000000000, -0.000000000000000000, -0.000000000000000000 ) ) ;
#3828 = DIRECTION ( 'NONE',  ( -0.000000000000000000, -0.000000000000000000, -1.000000000000000000 ) ) ;
#3829 = EDGE_CURVE ( 'NONE', #4071, #1986, #4181, .T. ) ;
#3830 = ADVANCED_FACE ( 'NONE', ( #4666 ), #4250, .F. ) ;
#3831 = DIRECTION ( 'NONE',  ( -1.000000000000000000, 0.000000000000000000, 0.000000000000000000 ) ) ;
#3832 = FACE_OUTER_BOUND ( 'NONE', #992, .T. ) ;
#3833 = ORIENTED_EDGE ( 'NONE', *, *, #2178, .T. ) ;
#3834 = AXIS2_PLACEMENT_3D ( 'NONE', #5695, #3440, #5754 ) ;
#3835 = PLANE ( 'NONE',  #3650 ) ;
#3836 = CARTESIAN_POINT ( 'NONE',  ( -2.014333324632339384, 53.76246202901052129, -51.31118161903300035 ) ) ;
#3837 = DIRECTION ( 'NONE',  ( 3.491481338843133750E-15, 1.000000000000000000, -0.000000000000000000 ) ) ;
#3838 = CIRCLE ( 'NONE', #1681, 4.699999999999995737 ) ;
#3839 = VECTOR ( 'NONE', #5762, 1000.000000000000000 ) ;
#3840 = FACE_OUTER_BOUND ( 'NONE', #2592, .T. ) ;
#3841 = ORIENTED_EDGE ( 'NONE', *, *, #5420, .F. ) ;
#3842 = DIRECTION ( 'NONE',  ( -0.3631597026065315204, 0.9317269076305222386, 0.000000000000000000 ) ) ;
#3843 = CARTESIAN_POINT ( 'NONE',  ( 28.17000000000000171, -18.00000000000000355, 6.000000000000000000 ) ) ;
#3844 = EDGE_CURVE ( 'NONE', #3307, #2423, #2412, .T. ) ;
#3845 = CARTESIAN_POINT ( 'NONE',  ( 24.92638889819713555, 22.74931449762295088, 3.114204189450903382 ) ) ;
#3846 = ORIENTED_EDGE ( 'NONE', *, *, #4227, .T. ) ;
#3847 = VERTEX_POINT ( 'NONE', #1026 ) ;
#3848 = CARTESIAN_POINT ( 'NONE',  ( 46.15080747790459981, 19.36401586272980069, -14.60000000000005826 ) ) ;
#3849 = CARTESIAN_POINT ( 'NONE',  ( 20.19999999999999929, 26.00000000000000000, -10.86772065218060312 ) ) ;
#3850 = CARTESIAN_POINT ( 'NONE',  ( 28.43500108084743516, -1.934235304825850044, -7.594999999999999751 ) ) ;
#3851 = ORIENTED_EDGE ( 'NONE', *, *, #5476, .T. ) ;
#3852 = ORIENTED_EDGE ( 'NONE', *, *, #630, .F. ) ;
#3853 = CARTESIAN_POINT ( 'NONE',  ( 50.17637817751548823, 1.539956168184746010, -53.40675666570862035 ) ) ;
#3854 = CARTESIAN_POINT ( 'NONE',  ( 51.00820976179323196, -6.334235304825851287, -219.2793793113450533 ) ) ;
#3855 = ADVANCED_FACE ( 'NONE', ( #2415 ), #3349, .T. ) ;
#3856 = FACE_OUTER_BOUND ( 'NONE', #642, .T. ) ;
#3857 = CARTESIAN_POINT ( 'NONE',  ( -3.000000000000000000, -1.500000000000000000, -10.86772065218060312 ) ) ;
#3858 = ADVANCED_FACE ( 'NONE', ( #1941 ), #322, .T. ) ;
#3859 = VERTEX_POINT ( 'NONE', #2382 ) ;
#3860 = CARTESIAN_POINT ( 'NONE',  ( 41.39999999999999858, 0.06576469517414959554, -8.595000000000000639 ) ) ;
#3861 = DIRECTION ( 'NONE',  ( 1.000000000000000000, 0.000000000000000000, 0.000000000000000000 ) ) ;
#3862 = EDGE_CURVE ( 'NONE', #3697, #5376, #3464, .T. ) ;
#3863 = CARTESIAN_POINT ( 'NONE',  ( 50.17847667845010307, -1.470372084327460582, -53.10919919490881114 ) ) ;
#3864 = CARTESIAN_POINT ( 'NONE',  ( 41.39999999999999858, 0.06576469517414959554, -7.594999999999999751 ) ) ;
#3865 = VERTEX_POINT ( 'NONE', #5746 ) ;
#3866 = CARTESIAN_POINT ( 'NONE',  ( 41.39999999999999858, 25.23000000000000043, 2.095000000000000195 ) ) ;
#3867 = CARTESIAN_POINT ( 'NONE',  ( 23.47000000000000597, -18.00000000000000355, 3.000000000000000000 ) ) ;
#3868 = CYLINDRICAL_SURFACE ( 'NONE', #4161, 1.199999999999999734 ) ;
#3869 = FACE_OUTER_BOUND ( 'NONE', #4867, .T. ) ;
#3870 = CARTESIAN_POINT ( 'NONE',  ( 51.82064881415298885, -4.000000000000095035, -37.06000000000000938 ) ) ;
#3871 = ADVANCED_FACE ( 'NONE', ( #5625, #4807 ), #5718, .F. ) ;
#3872 = EDGE_LOOP ( 'NONE', ( #5112, #4432, #2624, #1159 ) ) ;
#3873 = CARTESIAN_POINT ( 'NONE',  ( 43.18710459995609341, 32.10918831629540904, -13.12466375758029180 ) ) ;
#3874 = DIRECTION ( 'NONE',  ( 0.000000000000000000, 0.000000000000000000, 1.000000000000000000 ) ) ;
#3875 = DIRECTION ( 'NONE',  ( 0.000000000000000000, 0.000000000000000000, 1.000000000000000000 ) ) ;
#3876 = VECTOR ( 'NONE', #3202, 1000.000000000000000 ) ;
#3877 = DIRECTION ( 'NONE',  ( 0.000000000000000000, 0.000000000000000000, 1.000000000000000000 ) ) ;
#3878 = VERTEX_POINT ( 'NONE', #2107 ) ;
#3879 = ORIENTED_EDGE ( 'NONE', *, *, #3707, .T. ) ;
#3880 = VERTEX_POINT ( 'NONE', #819 ) ;
#3881 = ADVANCED_FACE ( 'NONE', ( #784 ), #360, .F. ) ;
#3882 = CARTESIAN_POINT ( 'NONE',  ( 50.19760067399147374, 0.4996976714051614143, -55.08075699261722491 ) ) ;
#3883 = DIRECTION ( 'NONE',  ( 0.000000000000000000, 0.000000000000000000, -1.000000000000000000 ) ) ;
#3884 = VECTOR ( 'NONE', #5556, 1000.000000000000000 ) ;
#3885 = DIRECTION ( 'NONE',  ( -1.000000000000000000, 0.000000000000000000, 0.000000000000000000 ) ) ;
#3886 = CARTESIAN_POINT ( 'NONE',  ( 42.39999999999999858, -1.934235304825850710, -1.444328882115899493 ) ) ;
#3887 = AXIS2_PLACEMENT_3D ( 'NONE', #5545, #3323, #5172 ) ;
#3888 = ORIENTED_EDGE ( 'NONE', *, *, #4044, .F. ) ;
#3889 = CIRCLE ( 'NONE', #3612, 1.899999999999999023 ) ;
#3890 = EDGE_CURVE ( 'NONE', #521, #1382, #4308, .T. ) ;
#3891 = ORIENTED_EDGE ( 'NONE', *, *, #2106, .F. ) ;
#3892 = DIRECTION ( 'NONE',  ( 0.000000000000000000, -1.000000000000000000, 0.000000000000000000 ) ) ;
#3893 = DIRECTION ( 'NONE',  ( 0.000000000000000000, 0.000000000000000000, 1.000000000000000000 ) ) ;
#3894 = CIRCLE ( 'NONE', #598, 1.899999999999999023 ) ;
#3895 = VECTOR ( 'NONE', #5115, 1000.000000000000000 ) ;
#3896 = AXIS2_PLACEMENT_3D ( 'NONE', #2686, #844, #5742 ) ;
#3897 = AXIS2_PLACEMENT_3D ( 'NONE', #4459, #424, #2233 ) ;
#3898 = CARTESIAN_POINT ( 'NONE',  ( 50.17734210136627837, -1.510095427187581274, -54.01434553072498090 ) ) ;
#3899 = CARTESIAN_POINT ( 'NONE',  ( -0.9438063901198845418, 50.19119765891481677, -54.84368143320517675 ) ) ;
#3900 = CIRCLE ( 'NONE', #1842, 1.099999999999996758 ) ;
#3901 = VERTEX_POINT ( 'NONE', #3521 ) ;
#3902 = DIRECTION ( 'NONE',  ( -0.9317269076305223496, -0.3631597026065313538, 0.000000000000000000 ) ) ;
#3903 = AXIS2_PLACEMENT_3D ( 'NONE', #2443, #2025, #1496 ) ;
#3904 = CARTESIAN_POINT ( 'NONE',  ( 24.90987560040008830, 22.79948508747904867, 3.761143922844979670 ) ) ;
#3905 = ADVANCED_FACE ( 'NONE', ( #1257 ), #2520, .F. ) ;
#3906 = FACE_BOUND ( 'NONE', #2829, .T. ) ;
#3907 = CARTESIAN_POINT ( 'NONE',  ( 53.79998438197482358, 0.04735017983481062953, -18.60000000000000142 ) ) ;
#3908 = CARTESIAN_POINT ( 'NONE',  ( 51.79934666913025865, -0.2969095306671513668, -37.08133236533535637 ) ) ;
#3909 = EDGE_LOOP ( 'NONE', ( #2735, #3169, #2700, #699 ) ) ;
#3910 = VERTEX_POINT ( 'NONE', #5307 ) ;
#3911 = DIRECTION ( 'NONE',  ( 0.000000000000000000, 0.000000000000000000, 1.000000000000000000 ) ) ;
#3912 = CARTESIAN_POINT ( 'NONE',  ( -3.049999999999811529, 53.71347596274143399, -53.61000000000003496 ) ) ;
#3913 = DIRECTION ( 'NONE',  ( -1.224646799147353207E-16, 1.000000000000000000, 0.000000000000000000 ) ) ;
#3914 = ORIENTED_EDGE ( 'NONE', *, *, #940, .F. ) ;
#3915 = ORIENTED_EDGE ( 'NONE', *, *, #3807, .F. ) ;
#3916 = ORIENTED_EDGE ( 'NONE', *, *, #83, .T. ) ;
#3917 = CARTESIAN_POINT ( 'NONE',  ( 52.70000000000000284, 8.933547375302734704E-16, -53.61000000000003496 ) ) ;
#3918 = DIRECTION ( 'NONE',  ( 0.000000000000000000, 0.000000000000000000, 1.000000000000000000 ) ) ;
#3919 = CARTESIAN_POINT ( 'NONE',  ( 52.70000000000000995, 8.933547375302734704E-16, -55.16000000000003212 ) ) ;
#3920 = VERTEX_POINT ( 'NONE', #1285 ) ;
#3921 = DIRECTION ( 'NONE',  ( 1.000000000000000000, 0.000000000000000000, 0.000000000000000000 ) ) ;
#3922 = ORIENTED_EDGE ( 'NONE', *, *, #5326, .F. ) ;
#3923 = VERTEX_POINT ( 'NONE', #3864 ) ;
#3924 = CARTESIAN_POINT ( 'NONE',  ( -53.73498991503264222, 2.646350421608596015, -55.13941032328898473 ) ) ;
#3925 = DIRECTION ( 'NONE',  ( 1.000000000000000000, -0.000000000000000000, -0.000000000000000000 ) ) ;
#3926 = CIRCLE ( 'NONE', #1390, 1.099999999999996758 ) ;
#3927 = DIRECTION ( 'NONE',  ( 1.000000000000000000, 0.000000000000000000, 0.000000000000000000 ) ) ;
#3928 = CARTESIAN_POINT ( 'NONE',  ( -0.6863290888530338973, 50.19539608949587972, -55.00348421570327417 ) ) ;
#3929 = AXIS2_PLACEMENT_3D ( 'NONE', #2120, #2551, #4369 ) ;
#3930 = VERTEX_POINT ( 'NONE', #2578 ) ;
#3931 = CARTESIAN_POINT ( 'NONE',  ( -9.099999999999999645, -7.419459434779496654, 6.000000000000000000 ) ) ;
#3932 = CARTESIAN_POINT ( 'NONE',  ( 24.08665009788450817, 23.07407515962453459, 4.843640159924743394 ) ) ;
#3933 = ADVANCED_FACE ( 'NONE', ( #1634 ), #3076, .F. ) ;
#3934 = AXIS2_PLACEMENT_3D ( 'NONE', #661, #3663, #2839 ) ;
#3935 = AXIS2_PLACEMENT_3D ( 'NONE', #1302, #4855, #5792 ) ;
#3936 = CYLINDRICAL_SURFACE ( 'NONE', #1536, 1.099999999999996758 ) ;
#3937 = PLANE ( 'NONE',  #5487 ) ;
#3938 = DIRECTION ( 'NONE',  ( -1.000000000000000000, 1.162264728904460753E-16, -2.775557561562891351E-17 ) ) ;
#3939 = VERTEX_POINT ( 'NONE', #2169 ) ;
#3940 = TOROIDAL_SURFACE ( 'NONE', #2159, 5.000000000000000000, 1.000000000000000000 ) ;
#3941 = CARTESIAN_POINT ( 'NONE',  ( 42.39999999999999147, 31.70930462576786013, -10.80706555228411325 ) ) ;
#3942 = ADVANCED_FACE ( 'NONE', ( #3840 ), #4864, .T. ) ;
#3943 = DIRECTION ( 'NONE',  ( 0.000000000000000000, 0.000000000000000000, -1.000000000000000000 ) ) ;
#3944 = EDGE_CURVE ( 'NONE', #3910, #2297, #5389, .T. ) ;
#3945 = FACE_OUTER_BOUND ( 'NONE', #4847, .T. ) ;
#3946 = B_SPLINE_CURVE_WITH_KNOTS ( 'NONE', 3,
 ( #2265, #5807, #40, #3666, #3135, #96, #4931, #4139, #4108, #511, #1879, #1906, #5450, #907, #2694, #4488, #452, #3609, #5393, #1376, #3319, #569, #2844, #5081 ),
 .UNSPECIFIED., .F., .F.,
 ( 4, 2, 2, 2, 2, 2, 2, 2, 2, 2, 2, 4 ),
 ( 0.004846296186788470912, 0.005451945991214674284, 0.006057595795640878522, 0.006360420697853979774, 0.006663245600067081893, 0.006966070502280183145, 0.007268895404493285264, 0.007874545208919508585, 0.008177370111132620245, 0.008480195013345733640, 0.009085844817771970838, 0.009691494622198209771 ),
 .UNSPECIFIED. ) ;
#3947 = DIRECTION ( 'NONE',  ( -0.000000000000000000, -0.000000000000000000, -1.000000000000000000 ) ) ;
#3948 = ORIENTED_EDGE ( 'NONE', *, *, #4368, .F. ) ;
#3949 = DIRECTION ( 'NONE',  ( 0.000000000000000000, 0.000000000000000000, -1.000000000000000000 ) ) ;
#3950 = LINE ( 'NONE', #4942, #3839 ) ;
#3951 = CARTESIAN_POINT ( 'NONE',  ( -51.39999999999999858, 6.294684547617395450E-15, 6.000000000000000000 ) ) ;
#3952 = ORIENTED_EDGE ( 'NONE', *, *, #5003, .F. ) ;
#3953 = CARTESIAN_POINT ( 'NONE',  ( 15.19999999999999929, 26.00000000000000000, -10.86772065218060312 ) ) ;
#3954 = ORIENTED_EDGE ( 'NONE', *, *, #3829, .T. ) ;
#3955 = VERTEX_POINT ( 'NONE', #331 ) ;
#3956 = DIRECTION ( 'NONE',  ( 0.000000000000000000, 0.000000000000000000, 1.000000000000000000 ) ) ;
#3957 = CARTESIAN_POINT ( 'NONE',  ( 0.9854931414146319568, 53.79128953912971411, -50.71670057228583772 ) ) ;
#3958 = CARTESIAN_POINT ( 'NONE',  ( 50.18201305444991078, -1.344894856181087839, -52.83280378800964172 ) ) ;
#3959 = CARTESIAN_POINT ( 'NONE',  ( 0.2041165357259079327, 50.19968276789382600, -55.14981817651852936 ) ) ;
#3960 = ORIENTED_EDGE ( 'NONE', *, *, #990, .T. ) ;
#3961 = CARTESIAN_POINT ( 'NONE',  ( 2.029210133258630245E-15, -6.087630399775893892E-15, -42.16000000000002501 ) ) ;
#3962 = CARTESIAN_POINT ( 'NONE',  ( 24.74275911743260892, 22.96559662694575721, 4.374292991248546869 ) ) ;
#3963 = CARTESIAN_POINT ( 'NONE',  ( 0.000000000000000000, 0.000000000000000000, -45.12002512578678193 ) ) ;
#3964 = DIRECTION ( 'NONE',  ( -0.000000000000000000, 0.000000000000000000, 1.000000000000000000 ) ) ;
#3965 = DIRECTION ( 'NONE',  ( 0.000000000000000000, 0.000000000000000000, 1.000000000000000000 ) ) ;
#3966 = VERTEX_POINT ( 'NONE', #242 ) ;
#3967 = AXIS2_PLACEMENT_3D ( 'NONE', #4957, #937, #2719 ) ;
#3968 = DIRECTION ( 'NONE',  ( 0.000000000000000000, -1.000000000000000000, 0.000000000000000000 ) ) ;
#3969 = CARTESIAN_POINT ( 'NONE',  ( 41.39999999999999858, 22.18000000000000327, -1.614999999999997993 ) ) ;
#3970 = CARTESIAN_POINT ( 'NONE',  ( 0.1978872797362513092, 53.80000401661327913, -56.66007085042909353 ) ) ;
#3971 = CARTESIAN_POINT ( 'NONE',  ( 48.39929916320244274, -0.2972475590150394642, -42.13861898756594115 ) ) ;
#3972 = VERTEX_POINT ( 'NONE', #268 ) ;
#3973 = EDGE_CURVE ( 'NONE', #3584, #1073, #2080, .T. ) ;
#3974 = DIRECTION ( 'NONE',  ( -0.000000000000000000, -0.000000000000000000, 1.000000000000000000 ) ) ;
#3975 = CARTESIAN_POINT ( 'NONE',  ( 49.16388827307757481, -7.934235304825851820, 8.400000000000000355 ) ) ;
#3976 = DIRECTION ( 'NONE',  ( 1.000000000000000000, 0.000000000000000000, 0.000000000000000000 ) ) ;
#3977 = ORIENTED_EDGE ( 'NONE', *, *, #3817, .T. ) ;
#3978 = EDGE_CURVE ( 'NONE', #3136, #521, #3530, .T. ) ;
#3979 = CARTESIAN_POINT ( 'NONE',  ( 42.39999999999999858, 0.06576469517414959554, 47.16456800719578979 ) ) ;
#3980 = ORIENTED_EDGE ( 'NONE', *, *, #3388, .F. ) ;
#3981 = FACE_OUTER_BOUND ( 'NONE', #3224, .T. ) ;
#3982 = CARTESIAN_POINT ( 'NONE',  ( 3.050000000000181011, 52.69999999999998863, -53.61000000000003496 ) ) ;
#3983 = EDGE_CURVE ( 'NONE', #276, #833, #1465, .T. ) ;
#3984 = DIRECTION ( 'NONE',  ( 1.000000000000000000, 0.000000000000000000, 0.000000000000000000 ) ) ;
#3985 = ORIENTED_EDGE ( 'NONE', *, *, #5302, .T. ) ;
#3986 = DIRECTION ( 'NONE',  ( 1.000000000000000000, 0.000000000000000000, 0.000000000000000000 ) ) ;
#3987 = ADVANCED_FACE ( 'NONE', ( #2688, #4480 ), #1398, .T. ) ;
#3988 = CARTESIAN_POINT ( 'NONE',  ( 24.72669570023905194, 23.42423776156813275, 5.051644724063733882 ) ) ;
#3989 = AXIS2_PLACEMENT_3D ( 'NONE', #5202, #3874, #5606 ) ;
#3990 = AXIS2_PLACEMENT_3D ( 'NONE', #4990, #3608, #5392 ) ;
#3991 = CARTESIAN_POINT ( 'NONE',  ( 35.13440642122248647, -25.65055762081797397, 7.599999999999998757 ) ) ;
#3992 = DIRECTION ( 'NONE',  ( -0.000000000000000000, -0.000000000000000000, -1.000000000000000000 ) ) ;
#3993 = CARTESIAN_POINT ( 'NONE',  ( 53.76772382214156210, -1.882157552944361711, -18.39705464844236360 ) ) ;
#3994 = AXIS2_PLACEMENT_3D ( 'NONE', #2477, #4261, #222 ) ;
#3995 = VECTOR ( 'NONE', #3343, 1000.000000000000000 ) ;
#3996 = ORIENTED_EDGE ( 'NONE', *, *, #3012, .T. ) ;
#3997 = CARTESIAN_POINT ( 'NONE',  ( 42.98816533243709159, 30.22872797325603145, -12.68956116673353485 ) ) ;
#3998 = CARTESIAN_POINT ( 'NONE',  ( 43.56422611403446865, 28.65939992510188361, -13.42451283357675962 ) ) ;
#3999 = ADVANCED_FACE ( 'NONE', ( #3548, #3661, #901 ), #4451, .F. ) ;
#4000 = AXIS2_PLACEMENT_3D ( 'NONE', #3279, #3251, #1927 ) ;
#4001 = CARTESIAN_POINT ( 'NONE',  ( 43.20000000000000284, -2.334235304825856616, -8.594999999999998863 ) ) ;
#4002 = CARTESIAN_POINT ( 'NONE',  ( 48.36691901405495031, -1.791135207640102589, -40.78525561049713843 ) ) ;
#4003 = ORIENTED_EDGE ( 'NONE', *, *, #5508, .T. ) ;
#4004 = DIRECTION ( 'NONE',  ( -1.000000000000000000, 0.000000000000000000, 0.000000000000000000 ) ) ;
#4005 = LINE ( 'NONE', #2601, #259 ) ;
#4006 = EDGE_CURVE ( 'NONE', #18, #954, #3191, .T. ) ;
#4007 = LINE ( 'NONE', #1778, #4896 ) ;
#4008 = DIRECTION ( 'NONE',  ( 1.000000000000000000, -1.270305253563490991E-16, 0.000000000000000000 ) ) ;
#4009 = EDGE_LOOP ( 'NONE', ( #4708, #2203, #4294, #829, #3422, #4498, #4282, #4358 ) ) ;
#4010 = CARTESIAN_POINT ( 'NONE',  ( -53.73013525897613363, 2.741975502539318654, -52.25940423766568443 ) ) ;
#4011 = CIRCLE ( 'NONE', #1959, 2.000000000000001776 ) ;
#4012 = ADVANCED_FACE ( 'NONE', ( #5357 ), #5014, .F. ) ;
#4013 = CARTESIAN_POINT ( 'NONE',  ( 40.00000000000000000, 13.69000000000000128, 2.094999999999999751 ) ) ;
#4014 = EDGE_CURVE ( 'NONE', #1223, #785, #3601, .T. ) ;
#4015 = DIRECTION ( 'NONE',  ( 1.000000000000000000, 0.000000000000000000, 0.000000000000000000 ) ) ;
#4016 = EDGE_LOOP ( 'NONE', ( #1052, #1902, #3444, #495 ) ) ;
#4017 = CARTESIAN_POINT ( 'NONE',  ( -35.00000000000000000, 24.00000000000000000, 0.000000000000000000 ) ) ;
#4018 = CARTESIAN_POINT ( 'NONE',  ( 23.91988570978580952, 24.03895742675253544, 5.648559540920920163 ) ) ;
#4019 = CARTESIAN_POINT ( 'NONE',  ( 1.549999999999476685, -50.17606501111860240, -53.50758134667149335 ) ) ;
#4020 = VECTOR ( 'NONE', #2723, 1000.000000000000000 ) ;
#4021 = CARTESIAN_POINT ( 'NONE',  ( -0.2027570745633218707, 50.19999777958782516, -52.06007191270875012 ) ) ;
#4022 = DIRECTION ( 'NONE',  ( 0.000000000000000000, 0.000000000000000000, 1.000000000000000000 ) ) ;
#4023 = ORIENTED_EDGE ( 'NONE', *, *, #3514, .F. ) ;
#4024 = CARTESIAN_POINT ( 'NONE',  ( -53.79886810093447025, -0.3997514079291276112, -50.57978444251820349 ) ) ;
#4025 = LINE ( 'NONE', #3586, #4362 ) ;
#4026 = VECTOR ( 'NONE', #4669, 1000.000000000000000 ) ;
#4027 = FACE_OUTER_BOUND ( 'NONE', #908, .T. ) ;
#4028 = DIRECTION ( 'NONE',  ( 0.000000000000000000, 0.000000000000000000, -1.000000000000000000 ) ) ;
#4029 = AXIS2_PLACEMENT_3D ( 'NONE', #4803, #2607, #2135 ) ;
#4030 = AXIS2_PLACEMENT_3D ( 'NONE', #3660, #532, #29 ) ;
#4031 = ORIENTED_EDGE ( 'NONE', *, *, #962, .T. ) ;
#4032 = CARTESIAN_POINT ( 'NONE',  ( 27.80000000000000071, 26.00000000000000000, 8.400000000000000355 ) ) ;
#4033 = CYLINDRICAL_SURFACE ( 'NONE', #3181, 1.550000000000001155 ) ;
#4034 = LINE ( 'NONE', #5407, #2380 ) ;
#4035 = VERTEX_POINT ( 'NONE', #4103 ) ;
#4036 = DIRECTION ( 'NONE',  ( 0.000000000000000000, 0.000000000000000000, -1.000000000000000000 ) ) ;
#4037 = ORIENTED_EDGE ( 'NONE', *, *, #1426, .T. ) ;
#4038 = EDGE_CURVE ( 'NONE', #3644, #5637, #4745, .T. ) ;
#4039 = LINE ( 'NONE', #1367, #1212 ) ;
#4040 = CARTESIAN_POINT ( 'NONE',  ( 49.16388827307757481, -7.934235304825850044, -10.60000000000000142 ) ) ;
#4041 = CARTESIAN_POINT ( 'NONE',  ( 23.06684828461709102, 25.24552808131916848, 6.000000000000000000 ) ) ;
#4042 = CARTESIAN_POINT ( 'NONE',  ( 40.00000000000000000, 22.18000000000000327, 1.435000000000000053 ) ) ;
#4043 = ORIENTED_EDGE ( 'NONE', *, *, #4547, .T. ) ;
#4044 = EDGE_CURVE ( 'NONE', #2228, #1166, #4730, .T. ) ;
#4045 = CARTESIAN_POINT ( 'NONE',  ( 28.17000000000000171, -18.00000000000000355, 3.000000000000000000 ) ) ;
#4046 = CARTESIAN_POINT ( 'NONE',  ( 24.31930319510057359, 24.21928157669399084, 5.761250231303695735 ) ) ;
#4047 = CARTESIAN_POINT ( 'NONE',  ( 1.470756994300566722, -50.17846539137958217, -53.11030233441301363 ) ) ;
#4048 = CARTESIAN_POINT ( 'NONE',  ( 41.39999999999999858, 0.06576469517414959554, -1.594999999999999973 ) ) ;
#4049 = CARTESIAN_POINT ( 'NONE',  ( 51.76137465295746409, -2.000023509043240555, -39.90899454147203329 ) ) ;
#4050 = VERTEX_POINT ( 'NONE', #4986 ) ;
#4051 = CARTESIAN_POINT ( 'NONE',  ( 43.82130104640177137, 27.92126802908099137, -13.67102513225082383 ) ) ;
#4052 = CARTESIAN_POINT ( 'NONE',  ( 49.81370144487062390, 20.34155756302172691, -18.60000000000000497 ) ) ;
#4053 = CARTESIAN_POINT ( 'NONE',  ( 51.80000000000000426, -1.387778780781443151E-14, -42.16000000000002501 ) ) ;
#4054 = DIRECTION ( 'NONE',  ( -1.000000000000000000, 0.000000000000000000, 0.000000000000000000 ) ) ;
#4055 = ADVANCED_FACE ( 'NONE', ( #2194, #5776, #1812, #4538, #31, #5330, #1311, #5385, #444, #3100, #1338, #4891, #2658 ), #1, .T. ) ;
#4056 = VECTOR ( 'NONE', #348, 1000.000000000000000 ) ;
#4057 = VERTEX_POINT ( 'NONE', #4952 ) ;
#4058 = ORIENTED_EDGE ( 'NONE', *, *, #1001, .T. ) ;
#4059 = DIRECTION ( 'NONE',  ( -1.000000000000000000, -0.000000000000000000, -0.000000000000000000 ) ) ;
#4060 = DIRECTION ( 'NONE',  ( 0.000000000000000000, 0.000000000000000000, 1.000000000000000000 ) ) ;
#4061 = VECTOR ( 'NONE', #5463, 1000.000000000000000 ) ;
#4062 = CARTESIAN_POINT ( 'NONE',  ( 28.17000000000000171, -18.00000000000000355, 0.000000000000000000 ) ) ;
#4063 = CARTESIAN_POINT ( 'NONE',  ( 53.84942101221122357, -3.847725422137945550, -11.45557217309723441 ) ) ;
#4064 = DIRECTION ( 'NONE',  ( -0.9632549738809301765, 0.2685886358237237759, 0.000000000000000000 ) ) ;
#4065 = ORIENTED_EDGE ( 'NONE', *, *, #1836, .T. ) ;
#4066 = FACE_BOUND ( 'NONE', #4526, .T. ) ;
#4067 = CARTESIAN_POINT ( 'NONE',  ( 42.39999999999999858, -2.934235304825855817, 47.16456800719578979 ) ) ;
#4068 = CARTESIAN_POINT ( 'NONE',  ( 23.48931856488428593, 24.81493906010404515, 5.974456453197604766 ) ) ;
#4069 = CARTESIAN_POINT ( 'NONE',  ( 40.00000000000000000, 32.27940519898097449, -219.2793793113450533 ) ) ;
#4070 = EDGE_CURVE ( 'NONE', #4853, #1885, #928, .T. ) ;
#4071 = VERTEX_POINT ( 'NONE', #469 ) ;
#4072 = CARTESIAN_POINT ( 'NONE',  ( 41.81742430504415609, -1.934235304825850710, -1.594999999999999973 ) ) ;
#4073 = CARTESIAN_POINT ( 'NONE',  ( 23.90958963985047703, 23.45108806930227630, 5.260160435377089883 ) ) ;
#4074 = AXIS2_PLACEMENT_3D ( 'NONE', #3211, #5465, #1449 ) ;
#4075 = CARTESIAN_POINT ( 'NONE',  ( 0.7771267853794374680, 50.19405472586577588, -52.26509227608611496 ) ) ;
#4076 = CARTESIAN_POINT ( 'NONE',  ( 0.9999999999999983347, 6.000000000000003553, 6.000000000000000000 ) ) ;
#4077 = ORIENTED_EDGE ( 'NONE', *, *, #2510, .F. ) ;
#4078 = CARTESIAN_POINT ( 'NONE',  ( -53.79132900511996240, -0.9833867657036464704, -50.71596772759316707 ) ) ;
#4079 = AXIS2_PLACEMENT_3D ( 'NONE', #1829, #4559, #976 ) ;
#4080 = CIRCLE ( 'NONE', #4359, 3.000000000000000000 ) ;
#4081 = CARTESIAN_POINT ( 'NONE',  ( 25.09603492766174071, 22.79382771170591226, 3.085727259837995895 ) ) ;
#4082 = EDGE_CURVE ( 'NONE', #5457, #439, #2286, .T. ) ;
#4083 = ADVANCED_FACE ( 'NONE', ( #960 ), #2315, .F. ) ;
#4084 = AXIS2_PLACEMENT_3D ( 'NONE', #4230, #2003, #3788 ) ;
#4085 = DIRECTION ( 'NONE',  ( -0.000000000000000000, 0.000000000000000000, 1.000000000000000000 ) ) ;
#4086 = AXIS2_PLACEMENT_3D ( 'NONE', #1161, #3925, #3042 ) ;
#4087 = CARTESIAN_POINT ( 'NONE',  ( 28.43500108084743516, 24.23000000000000043, 1.434999999999999831 ) ) ;
#4088 = AXIS2_PLACEMENT_3D ( 'NONE', #1370, #2227, #3128 ) ;
#4089 = B_SPLINE_CURVE_WITH_KNOTS ( 'NONE', 3,
 ( #1013, #1418, #1985, #3274, #5007, #2765, #2828, #527 ),
 .UNSPECIFIED., .F., .F.,
 ( 4, 2, 2, 4 ),
 ( -6.324561566882158661E-06, 0.0006277709731499713473, 0.0009448187405083980283, 0.001261866507866824709 ),
 .UNSPECIFIED. ) ;
#4090 = ORIENTED_EDGE ( 'NONE', *, *, #5302, .F. ) ;
#4091 = ORIENTED_EDGE ( 'NONE', *, *, #940, .T. ) ;
#4092 = DIRECTION ( 'NONE',  ( -1.000000000000000000, 0.000000000000000000, 0.000000000000000000 ) ) ;
#4093 = LINE ( 'NONE', #5433, #644 ) ;
#4094 = LINE ( 'NONE', #51, #1530 ) ;
#4095 = CARTESIAN_POINT ( 'NONE',  ( 49.44324499425654551, -2.948011764808112112, -13.24292244362589166 ) ) ;
#4096 = DIRECTION ( 'NONE',  ( -1.000000000000000000, 0.000000000000000000, 0.000000000000000000 ) ) ;
#4097 = ORIENTED_EDGE ( 'NONE', *, *, #1369, .F. ) ;
#4098 = EDGE_LOOP ( 'NONE', ( #1277, #3833, #2516, #2133 ) ) ;
#4099 = CARTESIAN_POINT ( 'NONE',  ( 24.92537871958490214, 23.17679353444441404, 4.664762570402792186 ) ) ;
#4100 = DIRECTION ( 'NONE',  ( 1.000000000000000000, 0.000000000000000000, 0.000000000000000000 ) ) ;
#4101 = AXIS2_PLACEMENT_3D ( 'NONE', #817, #3837, #754 ) ;
#4102 = CARTESIAN_POINT ( 'NONE',  ( 23.25107182803976258, 25.01379629620616285, 5.993051329780740843 ) ) ;
#4103 = CARTESIAN_POINT ( 'NONE',  ( 49.16388827307757481, -3.934235304825850488, -10.60000000000000142 ) ) ;
#4104 = VERTEX_POINT ( 'NONE', #2320 ) ;
#4105 = DIRECTION ( 'NONE',  ( 0.000000000000000000, 0.000000000000000000, 1.000000000000000000 ) ) ;
#4106 = CARTESIAN_POINT ( 'NONE',  ( -38.18440642122230599, 25.65055762081824042, 7.599999999999998757 ) ) ;
#4107 = CARTESIAN_POINT ( 'NONE',  ( 1.539862805840911841, 50.17638105059455711, -53.40609463724891270 ) ) ;
#4108 = CARTESIAN_POINT ( 'NONE',  ( -50.18069707148133318, -1.392536267519158155, -54.29821381589835028 ) ) ;
#4109 = ORIENTED_EDGE ( 'NONE', *, *, #753, .F. ) ;
#4110 = CARTESIAN_POINT ( 'NONE',  ( 43.12251582890333168, 29.87475903596017801, -12.89904853829369102 ) ) ;
#4111 = ADVANCED_FACE ( 'NONE', ( #1108, #4162 ), #2835, .T. ) ;
#4112 = CARTESIAN_POINT ( 'NONE',  ( 42.74630657609401396, 32.66959895188944785, -14.77559647591304959 ) ) ;
#4113 = CIRCLE ( 'NONE', #1965, 1.100000000000000311 ) ;
#4114 = DIRECTION ( 'NONE',  ( -1.000000000000000000, -0.000000000000000000, -0.000000000000000000 ) ) ;
#4115 = CYLINDRICAL_SURFACE ( 'NONE', #2207, 4.000000000000000000 ) ;
#4116 = EDGE_CURVE ( 'NONE', #2599, #1749, #3056, .T. ) ;
#4117 = EDGE_LOOP ( 'NONE', ( #4540, #4753, #1041, #3746 ) ) ;
#4118 = ORIENTED_EDGE ( 'NONE', *, *, #2078, .T. ) ;
#4119 = CARTESIAN_POINT ( 'NONE',  ( 3.100000000000000533, 0.000000000000000000, 6.000000000000000000 ) ) ;
#4120 = ADVANCED_FACE ( 'NONE', ( #3367 ), #206, .F. ) ;
#4121 = CARTESIAN_POINT ( 'NONE',  ( -53.79999999999999716, 1.171695102524768835E-23, -56.66000000000003212 ) ) ;
#4122 = DIRECTION ( 'NONE',  ( -0.000000000000000000, -0.000000000000000000, -1.000000000000000000 ) ) ;
#4123 = VECTOR ( 'NONE', #238, 1000.000000000000000 ) ;
#4124 = CARTESIAN_POINT ( 'NONE',  ( 53.79752232001524703, -1.406188754185231149, -14.32737017813539282 ) ) ;
#4125 = DIRECTION ( 'NONE',  ( 0.000000000000000000, 0.000000000000000000, -1.000000000000000000 ) ) ;
#4126 = ORIENTED_EDGE ( 'NONE', *, *, #1117, .F. ) ;
#4127 = ORIENTED_EDGE ( 'NONE', *, *, #5045, .T. ) ;
#4128 = CARTESIAN_POINT ( 'NONE',  ( 24.40197625092477196, 24.54845265918538644, 5.895957083925940978 ) ) ;
#4129 = DIRECTION ( 'NONE',  ( -0.000000000000000000, -0.000000000000000000, 1.000000000000000000 ) ) ;
#4130 = FACE_OUTER_BOUND ( 'NONE', #535, .T. ) ;
#4131 = CARTESIAN_POINT ( 'NONE',  ( 40.00000000000000000, 22.18000000000000327, 4.144999999999997797 ) ) ;
#4132 = DIRECTION ( 'NONE',  ( 0.000000000000000000, 0.000000000000000000, 1.000000000000000000 ) ) ;
#4133 = VERTEX_POINT ( 'NONE', #5076 ) ;
#4134 = CARTESIAN_POINT ( 'NONE',  ( -50.17757731091275275, 1.500375693069905036, -54.01205177839321436 ) ) ;
#4135 =( BOUNDED_CURVE ( )  B_SPLINE_CURVE ( 3, ( #450, #1793, #1764, #5805 ),
 .UNSPECIFIED., .F., .F. ) 
 B_SPLINE_CURVE_WITH_KNOTS ( ( 4, 4 ),
 ( 0.000000000000000000, 1.570796326794896114 ),
 .UNSPECIFIED. ) 
 CURVE ( )  GEOMETRIC_REPRESENTATION_ITEM ( )  RATIONAL_B_SPLINE_CURVE ( ( 1.000000000000000000, 0.8047378541243650485, 0.8047378541243650485, 1.000000000000000000 ) ) 
 REPRESENTATION_ITEM ( '' )  );
#4136 = CARTESIAN_POINT ( 'NONE',  ( 2.029210133258630245E-15, -6.087630399775893892E-15, -37.06000000000003070 ) ) ;
#4137 = CARTESIAN_POINT ( 'NONE',  ( -1.345318672495132262, 50.18200159502842439, -52.83354663127613549 ) ) ;
#4138 = EDGE_CURVE ( 'NONE', #4792, #3646, #121, .T. ) ;
#4139 = CARTESIAN_POINT ( 'NONE',  ( -50.18201305444989657, -1.344894856181088949, -54.38719621199042820 ) ) ;
#4140 = VERTEX_POINT ( 'NONE', #1899 ) ;
#4141 = CARTESIAN_POINT ( 'NONE',  ( -53.73498762960993247, -2.646379215300760812, -55.13927228870196728 ) ) ;
#4142 = CARTESIAN_POINT ( 'NONE',  ( 25.43899900659302915, 22.85983067738664332, 3.004112985176863315 ) ) ;
#4143 = CARTESIAN_POINT ( 'NONE',  ( 2.425810734298733173, -53.74539721511866475, -55.46948213155830132 ) ) ;
#4144 = CARTESIAN_POINT ( 'NONE',  ( 22.60055762081784536, 38.18440642122257600, 7.599999999999998757 ) ) ;
#4145 = EDGE_CURVE ( 'NONE', #5789, #4857, #3248, .T. ) ;
#4146 = ORIENTED_EDGE ( 'NONE', *, *, #990, .F. ) ;
#4147 = EDGE_LOOP ( 'NONE', ( #587, #2800, #604, #4953 ) ) ;
#4148 = FACE_OUTER_BOUND ( 'NONE', #5759, .T. ) ;
#4149 = DIRECTION ( 'NONE',  ( -0.000000000000000000, 0.000000000000000000, 1.000000000000000000 ) ) ;
#4150 = CIRCLE ( 'NONE', #4617, 3.049999999999997158 ) ;
#4151 = DIRECTION ( 'NONE',  ( 0.000000000000000000, 1.000000000000000000, -5.442269728554697199E-15 ) ) ;
#4152 = CARTESIAN_POINT ( 'NONE',  ( 53.79995308849060365, 0.07104700000741490107, -14.60000000000000675 ) ) ;
#4153 = ADVANCED_FACE ( 'NONE', ( #2348, #4245 ), #2018, .F. ) ;
#4154 = CARTESIAN_POINT ( 'NONE',  ( 1.549999999999476463, -50.17606501111860950, -53.61000000000003496 ) ) ;
#4155 = ORIENTED_EDGE ( 'NONE', *, *, #2934, .F. ) ;
#4156 = ORIENTED_EDGE ( 'NONE', *, *, #2535, .T. ) ;
#4157 = CARTESIAN_POINT ( 'NONE',  ( 25.09764268428537193, 24.37564058330790928, 5.648920805727423833 ) ) ;
#4158 = CARTESIAN_POINT ( 'NONE',  ( 52.70000000000000284, 8.933547375302734704E-16, -56.66000000000003212 ) ) ;
#4159 = EDGE_CURVE ( 'NONE', #2389, #189, #3808, .T. ) ;
#4160 = DIRECTION ( 'NONE',  ( -0.000000000000000000, -0.000000000000000000, 1.000000000000000000 ) ) ;
#4161 = AXIS2_PLACEMENT_3D ( 'NONE', #2584, #4756, #4285 ) ;
#4162 = FACE_BOUND ( 'NONE', #2684, .T. ) ;
#4163 = ORIENTED_EDGE ( 'NONE', *, *, #549, .T. ) ;
#4164 = CARTESIAN_POINT ( 'NONE',  ( -50.19849411877662959, 0.4012506215686395539, -52.10943371388129464 ) ) ;
#4165 = CARTESIAN_POINT ( 'NONE',  ( 1.549999999999476463, -50.17606501111860950, -53.61000000000003496 ) ) ;
#4166 = CARTESIAN_POINT ( 'NONE',  ( 1.550000000000175682, 50.17606501111859529, -53.61000000000003496 ) ) ;
#4167 = CYLINDRICAL_SURFACE ( 'NONE', #3421, 3.049999999999998046 ) ;
#4168 = ORIENTED_EDGE ( 'NONE', *, *, #3253, .F. ) ;
#4169 = CARTESIAN_POINT ( 'NONE',  ( -53.71458975707776773, -3.030575020960814214, -53.21199143849001700 ) ) ;
#4170 = CARTESIAN_POINT ( 'NONE',  ( 24.99029049971631622, 22.76703250364360542, 3.109686502328459223 ) ) ;
#4171 = DIRECTION ( 'NONE',  ( 0.000000000000000000, 0.000000000000000000, 1.000000000000000000 ) ) ;
#4172 = LINE ( 'NONE', #3818, #1551 ) ;
#4173 = AXIS2_PLACEMENT_3D ( 'NONE', #3647, #4059, #2729 ) ;
#4174 = ORIENTED_EDGE ( 'NONE', *, *, #3183, .T. ) ;
#4175 = B_SPLINE_CURVE_WITH_KNOTS ( 'NONE', 3,
 ( #3358, #2010, #2969, #2091, #4317, #733 ),
 .UNSPECIFIED., .F., .F.,
 ( 4, 2, 4 ),
 ( 0.000000000000000000, 0.5000000000000000000, 1.000000000000000000 ),
 .UNSPECIFIED. ) ;
#4176 = ORIENTED_EDGE ( 'NONE', *, *, #2824, .F. ) ;
#4177 = CARTESIAN_POINT ( 'NONE',  ( 53.76806763192191596, 1.860860046124098943, -51.18512892665588510 ) ) ;
#4178 = AXIS2_PLACEMENT_3D ( 'NONE', #1883, #3642, #3232 ) ;
#4179 = CARTESIAN_POINT ( 'NONE',  ( -3.049999999999815081, 52.70000000000001705, -53.61000000000003496 ) ) ;
#4180 = AXIS2_PLACEMENT_3D ( 'NONE', #2633, #499, #1787 ) ;
#4181 = CIRCLE ( 'NONE', #5300, 0.8000000000000020428 ) ;
#4182 = LINE ( 'NONE', #3303, #5211 ) ;
#4183 = CARTESIAN_POINT ( 'NONE',  ( 53.86117624865919140, -3.934235304671459321, -10.81184753069048732 ) ) ;
#4184 = AXIS2_PLACEMENT_3D ( 'NONE', #5005, #978, #1011 ) ;
#4185 = LINE ( 'NONE', #1922, #4918 ) ;
#4186 = EDGE_LOOP ( 'NONE', ( #2248, #3469, #1614, #2165 ) ) ;
#4187 = ORIENTED_EDGE ( 'NONE', *, *, #1573, .F. ) ;
#4188 = AXIS2_PLACEMENT_3D ( 'NONE', #3806, #564, #5594 ) ;
#4189 = CARTESIAN_POINT ( 'NONE',  ( 25.49827514393555816, 23.24912221090420417, 4.510856941112696639 ) ) ;
#4190 = DIRECTION ( 'NONE',  ( -1.000000000000000000, 0.000000000000000000, 0.000000000000000000 ) ) ;
#4191 = EDGE_CURVE ( 'NONE', #3939, #3923, #1182, .T. ) ;
#4192 = CARTESIAN_POINT ( 'NONE',  ( 38.40000000000000568, 31.70930462813714712, -10.59999999999999787 ) ) ;
#4193 = CARTESIAN_POINT ( 'NONE',  ( 14.00000000000000000, 26.00000000000000000, -10.86772065218060312 ) ) ;
#4194 = EDGE_CURVE ( 'NONE', #5262, #3966, #2891, .T. ) ;
#4195 = ADVANCED_FACE ( 'NONE', ( #5473 ), #2895, .F. ) ;
#4196 = EDGE_LOOP ( 'NONE', ( #4583, #5548, #3851, #4395, #1721, #678 ) ) ;
#4197 = FACE_OUTER_BOUND ( 'NONE', #237, .T. ) ;
#4198 = DIRECTION ( 'NONE',  ( 1.000000000000000000, 0.000000000000000000, 0.000000000000000000 ) ) ;
#4199 = DIRECTION ( 'NONE',  ( 0.000000000000000000, 0.000000000000000000, -1.000000000000000000 ) ) ;
#4200 = CYLINDRICAL_SURFACE ( 'NONE', #5486, 3.049999999999997158 ) ;
#4201 = ORIENTED_EDGE ( 'NONE', *, *, #2238, .T. ) ;
#4202 = CARTESIAN_POINT ( 'NONE',  ( -53.73015214767610104, -2.741632560351652259, -52.25892095729050624 ) ) ;
#4203 = CARTESIAN_POINT ( 'NONE',  ( 0.3980085468039381014, -53.79888806231851106, -56.64057502413055545 ) ) ;
#4204 = CARTESIAN_POINT ( 'NONE',  ( 27.09999999999999787, 19.00000000000000000, 6.000000000000000000 ) ) ;
#4205 = VERTEX_POINT ( 'NONE', #3886 ) ;
#4206 = VERTEX_POINT ( 'NONE', #4354 ) ;
#4207 = DIRECTION ( 'NONE',  ( 1.000000000000000000, 0.000000000000000000, 0.000000000000000000 ) ) ;
#4208 = CARTESIAN_POINT ( 'NONE',  ( 42.73688471952691970, -1.989117866292209325, -1.201170887477360560 ) ) ;
#4209 = CARTESIAN_POINT ( 'NONE',  ( 19.09999999999999787, 19.00000000000000000, 3.000000000000000000 ) ) ;
#4210 = CARTESIAN_POINT ( 'NONE',  ( -51.79999999999999716, 2.560400198073949869E-16, -37.06000000000003070 ) ) ;
#4211 = PLANE ( 'NONE',  #2945 ) ;
#4212 = ORIENTED_EDGE ( 'NONE', *, *, #4536, .T. ) ;
#4213 = VERTEX_POINT ( 'NONE', #3419 ) ;
#4214 = CARTESIAN_POINT ( 'NONE',  ( 25.16504907791824408, 25.01998535424094428, 5.889004406306945327 ) ) ;
#4215 = CARTESIAN_POINT ( 'NONE',  ( 5.500000000000000888, -1.500000000000000000, 8.400000000000000355 ) ) ;
#4216 = LINE ( 'NONE', #1018, #5676 ) ;
#4217 = AXIS2_PLACEMENT_3D ( 'NONE', #3860, #3892, #4747 ) ;
#4218 = CARTESIAN_POINT ( 'NONE',  ( 0.000000000000000000, 0.000000000000000000, -59.27696972201768943 ) ) ;
#4219 = CARTESIAN_POINT ( 'NONE',  ( 27.91542976950145416, 25.45846763542915170, 5.999999986850746758 ) ) ;
#4220 = AXIS2_PLACEMENT_3D ( 'NONE', #1453, #1017, #3338 ) ;
#4221 = CIRCLE ( 'NONE', #5717, 3.049999999999997158 ) ;
#4222 = ORIENTED_EDGE ( 'NONE', *, *, #2033, .F. ) ;
#4223 = DIRECTION ( 'NONE',  ( -0.000000000000000000, -0.000000000000000000, -1.000000000000000000 ) ) ;
#4224 = DIRECTION ( 'NONE',  ( 0.000000000000000000, -1.000000000000000000, 0.000000000000000000 ) ) ;
#4225 = DIRECTION ( 'NONE',  ( -1.000000000000000000, 0.000000000000000000, 0.000000000000000000 ) ) ;
#4226 = CARTESIAN_POINT ( 'NONE',  ( 25.42754622166146206, 22.93911398718003980, 3.787617478556454476 ) ) ;
#4227 = EDGE_CURVE ( 'NONE', #3516, #1886, #5162, .T. ) ;
#4228 = VERTEX_POINT ( 'NONE', #4744 ) ;
#4229 = DIRECTION ( 'NONE',  ( 0.000000000000000000, 1.000000000000000000, 0.000000000000000000 ) ) ;
#4230 = CARTESIAN_POINT ( 'NONE',  ( 0.000000000000000000, 0.000000000000000000, -42.16000000000002501 ) ) ;
#4231 = CARTESIAN_POINT ( 'NONE',  ( -50.20000000000000284, 6.147726931719713588E-15, -61.11000000000002785 ) ) ;
#4232 = ORIENTED_EDGE ( 'NONE', *, *, #1423, .F. ) ;
#4233 = EDGE_LOOP ( 'NONE', ( #3286, #2912, #2973, #3683, #2081, #1074, #5149, #4232 ) ) ;
#4234 = CARTESIAN_POINT ( 'NONE',  ( 44.35864080325868031, 26.26417812736524837, -14.04626381547287295 ) ) ;
#4235 = EDGE_CURVE ( 'NONE', #3920, #3675, #5474, .T. ) ;
#4236 = DIRECTION ( 'NONE',  ( 0.000000000000000000, 0.000000000000000000, -1.000000000000000000 ) ) ;
#4237 = CARTESIAN_POINT ( 'NONE',  ( 53.11279496176356929, -8.571523280588014160, -11.12284003294121426 ) ) ;
#4238 = VERTEX_POINT ( 'NONE', #2132 ) ;
#4239 = ORIENTED_EDGE ( 'NONE', *, *, #1801, .F. ) ;
#4240 = EDGE_CURVE ( 'NONE', #3697, #3163, #2570, .T. ) ;
#4241 = CARTESIAN_POINT ( 'NONE',  ( 28.43500108084743516, 13.69000000000000128, 2.095000000000000639 ) ) ;
#4242 = DIRECTION ( 'NONE',  ( 0.000000000000000000, 0.000000000000000000, 1.000000000000000000 ) ) ;
#4243 = CIRCLE ( 'NONE', #1428, 8.500000000000000000 ) ;
#4244 = DIRECTION ( 'NONE',  ( 0.000000000000000000, 0.000000000000000000, 1.000000000000000000 ) ) ;
#4245 = FACE_OUTER_BOUND ( 'NONE', #5542, .T. ) ;
#4246 = EDGE_LOOP ( 'NONE', ( #5710, #4302, #4043, #2102 ) ) ;
#4247 = CARTESIAN_POINT ( 'NONE',  ( -50.18490664098707299, 1.239192717316350834, -52.65721308676805990 ) ) ;
#4248 = EDGE_CURVE ( 'NONE', #4140, #166, #4800, .T. ) ;
#4249 = CARTESIAN_POINT ( 'NONE',  ( 48.39999999999999858, 5.927290507873189217E-15, -32.11000000000002785 ) ) ;
#4250 = CYLINDRICAL_SURFACE ( 'NONE', #3903, 2.049999999999999822 ) ;
#4251 = CARTESIAN_POINT ( 'NONE',  ( 25.54267557990058890, 22.87309364394675271, 3.392769884273849623 ) ) ;
#4252 = ORIENTED_EDGE ( 'NONE', *, *, #1071, .T. ) ;
#4253 = CARTESIAN_POINT ( 'NONE',  ( -53.72217564895109376, -2.893724667560666486, -52.62596685829179677 ) ) ;
#4254 = EDGE_CURVE ( 'NONE', #54, #4415, #5619, .T. ) ;
#4255 = CARTESIAN_POINT ( 'NONE',  ( 0.000000000000000000, 0.000000000000000000, -67.11000000000002785 ) ) ;
#4256 = CARTESIAN_POINT ( 'NONE',  ( 49.67985180170963133, -1.712627206004163849, -14.19248631138463601 ) ) ;
#4257 = VERTEX_POINT ( 'NONE', #1658 ) ;
#4258 = VERTEX_POINT ( 'NONE', #2162 ) ;
#4259 = ADVANCED_FACE ( 'NONE', ( #5737 ), #235, .F. ) ;
#4260 = ADVANCED_FACE ( 'NONE', ( #3832 ), #4771, .F. ) ;
#4261 = DIRECTION ( 'NONE',  ( 0.000000000000000000, 1.000000000000000000, 0.000000000000000000 ) ) ;
#4262 = DIRECTION ( 'NONE',  ( -1.000000000000000000, 0.000000000000000000, 0.000000000000000000 ) ) ;
#4263 = VECTOR ( 'NONE', #3682, 1000.000000000000000 ) ;
#4264 = CARTESIAN_POINT ( 'NONE',  ( 53.79995308849061075, 0.07104700000741416555, -18.60000000000000497 ) ) ;
#4265 = ORIENTED_EDGE ( 'NONE', *, *, #3414, .T. ) ;
#4266 = EDGE_LOOP ( 'NONE', ( #4690, #3101, #1807, #1300 ) ) ;
#4267 = CARTESIAN_POINT ( 'NONE',  ( 24.36009715260820840, 24.69404803493198486, 5.952623564363070940 ) ) ;
#4268 = CARTESIAN_POINT ( 'NONE',  ( 1.831077118195028666E-13, 52.70000000000000284, -53.61000000000003496 ) ) ;
#4269 = AXIS2_PLACEMENT_3D ( 'NONE', #5781, #3528, #4429 ) ;
#4270 = LINE ( 'NONE', #5210, #2557 ) ;
#4271 = AXIS2_PLACEMENT_3D ( 'NONE', #16, #456, #5398 ) ;
#4272 = AXIS2_PLACEMENT_3D ( 'NONE', #4040, #2226, #3599 ) ;
#4273 = CARTESIAN_POINT ( 'NONE',  ( 29.10081012501068543, 24.80115197296515817, 6.000000006584915724 ) ) ;
#4274 = AXIS2_PLACEMENT_3D ( 'NONE', #870, #61, #3984 ) ;
#4275 = ORIENTED_EDGE ( 'NONE', *, *, #1801, .T. ) ;
#4276 = CARTESIAN_POINT ( 'NONE',  ( -53.71346665807508458, 3.050163864308369277, -53.41128455925178287 ) ) ;
#4277 = DIRECTION ( 'NONE',  ( -0.000000000000000000, -0.000000000000000000, 1.000000000000000000 ) ) ;
#4278 = EDGE_CURVE ( 'NONE', #1828, #1956, #5214, .T. ) ;
#4279 = AXIS2_PLACEMENT_3D ( 'NONE', #2534, #4819, #1651 ) ;
#4280 = LINE ( 'NONE', #241, #5597 ) ;
#4281 = DIRECTION ( 'NONE',  ( 1.000000000000000000, 0.000000000000000000, 0.000000000000000000 ) ) ;
#4282 = ORIENTED_EDGE ( 'NONE', *, *, #5436, .T. ) ;
#4283 = CARTESIAN_POINT ( 'NONE',  ( 28.43500108084743516, 22.18000000000000327, 4.144999999999997797 ) ) ;
#4284 = ADVANCED_FACE ( 'NONE', ( #3485 ), #5269, .F. ) ;
#4285 = DIRECTION ( 'NONE',  ( 1.000000000000000000, 0.000000000000000000, 0.000000000000000000 ) ) ;
#4286 = CARTESIAN_POINT ( 'NONE',  ( 49.20541045933960334, -3.803741122342300329, -11.64734286197591473 ) ) ;
#4287 = EDGE_CURVE ( 'NONE', #1955, #3031, #215, .T. ) ;
#4288 = EDGE_LOOP ( 'NONE', ( #470, #2521, #5386, #213 ) ) ;
#4289 = CARTESIAN_POINT ( 'NONE',  ( 42.41596785331080355, 31.67073557900045699, -11.00933706690444502 ) ) ;
#4290 = DIRECTION ( 'NONE',  ( 1.000000000000000000, -0.000000000000000000, -0.000000000000000000 ) ) ;
#4291 = FACE_OUTER_BOUND ( 'NONE', #3335, .T. ) ;
#4292 = EDGE_CURVE ( 'NONE', #283, #98, #685, .T. ) ;
#4293 = CARTESIAN_POINT ( 'NONE',  ( 41.81742430504415609, -1.934235304825850044, -7.594999999999999751 ) ) ;
#4294 = ORIENTED_EDGE ( 'NONE', *, *, #1534, .T. ) ;
#4295 = ORIENTED_EDGE ( 'NONE', *, *, #3324, .T. ) ;
#4296 = EDGE_CURVE ( 'NONE', #902, #1057, #1633, .T. ) ;
#4297 = CARTESIAN_POINT ( 'NONE',  ( 50.19538090672014619, 0.6874204081866378546, -55.00293828885155278 ) ) ;
#4298 = DIRECTION ( 'NONE',  ( -3.491481338843133355E-15, -1.000000000000000000, 0.000000000000000000 ) ) ;
#4299 = CYLINDRICAL_SURFACE ( 'NONE', #5740, 8.500000000000000000 ) ;
#4300 = TOROIDAL_SURFACE ( 'NONE', #1775, 3.049999999999998046, 1.000000000000000000 ) ;
#4301 = CARTESIAN_POINT ( 'NONE',  ( 27.99795409539992264, 22.34935507712673797, 5.999999999999992895 ) ) ;
#4302 = ORIENTED_EDGE ( 'NONE', *, *, #3478, .T. ) ;
#4303 = AXIS2_PLACEMENT_3D ( 'NONE', #3961, #2924, #5720 ) ;
#4304 = CARTESIAN_POINT ( 'NONE',  ( -6.999999999999997335, 0.000000000000000000, 8.400000000000000355 ) ) ;
#4305 = CARTESIAN_POINT ( 'NONE',  ( 35.13440642122248647, -25.65055762081797397, 7.599999999999998757 ) ) ;
#4306 = CARTESIAN_POINT ( 'NONE',  ( 50.20000000000000284, 1.083174986709103929E-15, -52.06000000000003070 ) ) ;
#4307 = CIRCLE ( 'NONE', #2898, 53.00000000000000000 ) ;
#4308 = LINE ( 'NONE', #4838, #1447 ) ;
#4309 = ORIENTED_EDGE ( 'NONE', *, *, #3072, .F. ) ;
#4310 = CARTESIAN_POINT ( 'NONE',  ( 24.42260975773260512, 24.47675920517329828, 5.864564385664285062 ) ) ;
#4311 = CARTESIAN_POINT ( 'NONE',  ( 24.50291416616606099, 22.68192122915994702, 3.782956059604890342 ) ) ;
#4312 = DIRECTION ( 'NONE',  ( 0.000000000000000000, 1.000000000000000000, 0.000000000000000000 ) ) ;
#4313 = DIRECTION ( 'NONE',  ( -0.000000000000000000, -0.000000000000000000, 1.000000000000000000 ) ) ;
#4314 = DIRECTION ( 'NONE',  ( 1.000000000000000000, -1.270305253563490991E-16, 0.000000000000000000 ) ) ;
#4315 = ORIENTED_EDGE ( 'NONE', *, *, #5585, .F. ) ;
#4316 = ORIENTED_EDGE ( 'NONE', *, *, #4895, .T. ) ;
#4317 = CARTESIAN_POINT ( 'NONE',  ( 23.21252895535028316, 25.06534620254163315, 6.000000000000000888 ) ) ;
#4318 = CARTESIAN_POINT ( 'NONE',  ( -2.425810734299108429, 53.74539721511867185, -55.46948213155828711 ) ) ;
#4319 = DIRECTION ( 'NONE',  ( -1.047444401652940007E-14, -1.000000000000000000, -0.000000000000000000 ) ) ;
#4320 = ADVANCED_FACE ( 'NONE', ( #5795 ), #3184, .F. ) ;
#4321 = ORIENTED_EDGE ( 'NONE', *, *, #5400, .F. ) ;
#4322 = ORIENTED_EDGE ( 'NONE', *, *, #4248, .T. ) ;
#4323 = ORIENTED_EDGE ( 'NONE', *, *, #236, .T. ) ;
#4324 = FACE_OUTER_BOUND ( 'NONE', #2431, .T. ) ;
#4325 = DIRECTION ( 'NONE',  ( 1.000000000000000000, 0.000000000000000000, 0.000000000000000000 ) ) ;
#4326 = DIRECTION ( 'NONE',  ( -1.000000000000000000, 0.000000000000000000, 0.000000000000000000 ) ) ;
#4327 = CARTESIAN_POINT ( 'NONE',  ( 28.01612539955122827, 22.33851557406000410, 5.932569929554798449 ) ) ;
#4328 = EDGE_LOOP ( 'NONE', ( #5270, #3500, #307, #1498 ) ) ;
#4329 = ORIENTED_EDGE ( 'NONE', *, *, #3111, .T. ) ;
#4330 = LINE ( 'NONE', #2021, #4123 ) ;
#4331 = DIRECTION ( 'NONE',  ( 0.000000000000000000, -1.000000000000000000, -0.000000000000000000 ) ) ;
#4332 = ADVANCED_FACE ( 'NONE', ( #1781 ), #893, .F. ) ;
#4333 = CARTESIAN_POINT ( 'NONE',  ( -32.13999999999999346, -18.00000000000000000, 3.000000000000000000 ) ) ;
#4334 = CARTESIAN_POINT ( 'NONE',  ( 0.4022397235499861612, 50.19848619990577987, -55.11030223011634632 ) ) ;
#4335 = ORIENTED_EDGE ( 'NONE', *, *, #4254, .F. ) ;
#4336 = DIRECTION ( 'NONE',  ( -0.000000000000000000, -0.000000000000000000, -1.000000000000000000 ) ) ;
#4337 = DIRECTION ( 'NONE',  ( 1.137523590804464788E-14, 1.000000000000000000, 0.000000000000000000 ) ) ;
#4338 = DIRECTION ( 'NONE',  ( -0.000000000000000000, 0.000000000000000000, 1.000000000000000000 ) ) ;
#4339 = DIRECTION ( 'NONE',  ( 1.000000000000000000, 0.000000000000000000, 0.000000000000000000 ) ) ;
#4340 = CARTESIAN_POINT ( 'NONE',  ( 48.33788216034862018, 1.387778780781445991E-14, -37.06000000000003070 ) ) ;
#4341 = ORIENTED_EDGE ( 'NONE', *, *, #1240, .T. ) ;
#4342 = EDGE_LOOP ( 'NONE', ( #2938, #3015, #2126, #3451, #5739 ) ) ;
#4343 = FACE_OUTER_BOUND ( 'NONE', #4016, .T. ) ;
#4344 = CARTESIAN_POINT ( 'NONE',  ( -2.740895308358138216, 53.73019050558938403, -54.96276206162337985 ) ) ;
#4345 = CARTESIAN_POINT ( 'NONE',  ( 48.39999999999996305, -0.1505130842709469785, -42.16000000000001791 ) ) ;
#4346 = ORIENTED_EDGE ( 'NONE', *, *, #4254, .T. ) ;
#4347 = EDGE_LOOP ( 'NONE', ( #2109, #248 ) ) ;
#4348 = EDGE_LOOP ( 'NONE', ( #3001, #2536, #5523, #3891 ) ) ;
#4349 = CARTESIAN_POINT ( 'NONE',  ( 50.20000000000000284, 0.1024186528227197385, -55.16000000000004633 ) ) ;
#4350 = DIRECTION ( 'NONE',  ( 0.000000000000000000, 0.000000000000000000, -1.000000000000000000 ) ) ;
#4351 = AXIS2_PLACEMENT_3D ( 'NONE', #113, #2528, #1043 ) ;
#4352 = CARTESIAN_POINT ( 'NONE',  ( 42.39999999999999858, 15.74000000000000021, 5.145000000000000462 ) ) ;
#4353 = ORIENTED_EDGE ( 'NONE', *, *, #5091, .F. ) ;
#4354 = CARTESIAN_POINT ( 'NONE',  ( -1.400000000000002798, -9.848053665376140131, 6.000000000000000000 ) ) ;
#4355 = ORIENTED_EDGE ( 'NONE', *, *, #4985, .F. ) ;
#4356 = CIRCLE ( 'NONE', #1169, 53.79999999999999716 ) ;
#4357 = EDGE_CURVE ( 'NONE', #2985, #902, #3700, .T. ) ;
#4358 = ORIENTED_EDGE ( 'NONE', *, *, #5618, .T. ) ;
#4359 = AXIS2_PLACEMENT_3D ( 'NONE', #5691, #2527, #3021 ) ;
#4360 = DIRECTION ( 'NONE',  ( 1.000000000000000000, 0.000000000000000000, 0.000000000000000000 ) ) ;
#4361 = CARTESIAN_POINT ( 'NONE',  ( -3.049999999999811529, 53.71347596274143399, -53.61000000000003496 ) ) ;
#4362 = VECTOR ( 'NONE', #4465, 1000.000000000000000 ) ;
#4363 = CARTESIAN_POINT ( 'NONE',  ( 50.18645475141429557, -1.168277376901859510, -54.63365164682471686 ) ) ;
#4364 = EDGE_CURVE ( 'NONE', #2675, #3859, #1305, .T. ) ;
#4365 = CARTESIAN_POINT ( 'NONE',  ( 26.00000000000000000, 19.00000000000000000, 6.000000000000000000 ) ) ;
#4366 = VECTOR ( 'NONE', #647, 1000.000000000000000 ) ;
#4367 = EDGE_LOOP ( 'NONE', ( #1880, #4786, #3420, #3692 ) ) ;
#4368 = EDGE_CURVE ( 'NONE', #785, #3531, #1454, .T. ) ;
#4369 = DIRECTION ( 'NONE',  ( 0.000000000000000000, 0.000000000000000000, -1.000000000000000000 ) ) ;
#4370 = CARTESIAN_POINT ( 'NONE',  ( 49.16388827307757481, -7.934235304825851820, 8.400000000000000355 ) ) ;
#4371 = CARTESIAN_POINT ( 'NONE',  ( 30.07000000000000028, -18.00000000000000355, 0.000000000000000000 ) ) ;
#4372 = LINE ( 'NONE', #2617, #2114 ) ;
#4373 = CARTESIAN_POINT ( 'NONE',  ( 53.79999999999999716, -3.460517776806422920E-13, -18.59972968323734577 ) ) ;
#4374 = VERTEX_POINT ( 'NONE', #2734 ) ;
#4375 = CARTESIAN_POINT ( 'NONE',  ( 41.75456658225598261, 33.92642059730295045, -12.59475708885251954 ) ) ;
#4376 = CARTESIAN_POINT ( 'NONE',  ( 27.80000000000000071, 26.00000000000000000, 6.000000000000000000 ) ) ;
#4377 = AXIS2_PLACEMENT_3D ( 'NONE', #330, #267, #2137 ) ;
#4378 = CARTESIAN_POINT ( 'NONE',  ( -0.3980085468043128016, 53.79888806231851106, -56.64057502413055545 ) ) ;
#4379 = DIRECTION ( 'NONE',  ( 1.000000000000000000, 0.000000000000000000, 0.000000000000000000 ) ) ;
#4380 = ORIENTED_EDGE ( 'NONE', *, *, #2347, .F. ) ;
#4381 = ORIENTED_EDGE ( 'NONE', *, *, #1019, .T. ) ;
#4382 = CARTESIAN_POINT ( 'NONE',  ( 42.39999999999999858, 0.06576469517414959554, -8.594999999999998863 ) ) ;
#4383 = DIRECTION ( 'NONE',  ( -0.000000000000000000, -0.000000000000000000, -1.000000000000000000 ) ) ;
#4384 = CARTESIAN_POINT ( 'NONE',  ( 26.00000000000000000, 19.00000000000000000, 0.000000000000000000 ) ) ;
#4385 = VERTEX_POINT ( 'NONE', #2311 ) ;
#4386 = ADVANCED_FACE ( 'NONE', ( #3570 ), #2707, .F. ) ;
#4387 = CARTESIAN_POINT ( 'NONE',  ( 29.53484186109216125, 24.92578205953192239, 6.000000000000000000 ) ) ;
#4388 = ORIENTED_EDGE ( 'NONE', *, *, #5405, .F. ) ;
#4389 = EDGE_LOOP ( 'NONE', ( #4773, #614, #5536, #2635 ) ) ;
#4390 = FACE_BOUND ( 'NONE', #149, .T. ) ;
#4391 = CARTESIAN_POINT ( 'NONE',  ( 2.647855591628343941, 53.73491712976053947, -52.08302241244309272 ) ) ;
#4392 = CYLINDRICAL_SURFACE ( 'NONE', #820, 51.39999999999999858 ) ;
#4393 = CARTESIAN_POINT ( 'NONE',  ( -1.508842902662961949, 50.17737933926459704, -54.01823003279253044 ) ) ;
#4394 = VECTOR ( 'NONE', #1201, 1000.000000000000000 ) ;
#4395 = ORIENTED_EDGE ( 'NONE', *, *, #790, .F. ) ;
#4396 = CARTESIAN_POINT ( 'NONE',  ( 46.39999999999999858, -3.934235304825850488, 8.399999999999998579 ) ) ;
#4397 = CARTESIAN_POINT ( 'NONE',  ( 1.857254758797337146, -53.76818847654367062, -51.18249854934072118 ) ) ;
#4398 = AXIS2_PLACEMENT_3D ( 'NONE', #5078, #3755, #1082 ) ;
#4399 = VECTOR ( 'NONE', #5816, 1000.000000000000000 ) ;
#4400 = CARTESIAN_POINT ( 'NONE',  ( 26.27000000000000313, -18.00000000000000355, 6.000000000000000000 ) ) ;
#4401 = EDGE_CURVE ( 'NONE', #4133, #4888, #884, .T. ) ;
#4402 = DIRECTION ( 'NONE',  ( 0.000000000000000000, 0.000000000000000000, 1.000000000000000000 ) ) ;
#4403 = PLANE ( 'NONE',  #498 ) ;
#4404 = ORIENTED_EDGE ( 'NONE', *, *, #404, .F. ) ;
#4405 = VERTEX_POINT ( 'NONE', #4504 ) ;
#4406 = LINE ( 'NONE', #881, #507 ) ;
#4407 = EDGE_CURVE ( 'NONE', #1774, #432, #4734, .T. ) ;
#4408 = CARTESIAN_POINT ( 'NONE',  ( 2.424957589773707234, 53.74543520245231321, -55.47052601454381460 ) ) ;
#4409 = ORIENTED_EDGE ( 'NONE', *, *, #97, .T. ) ;
#4410 = ORIENTED_EDGE ( 'NONE', *, *, #4006, .T. ) ;
#4411 = DIRECTION ( 'NONE',  ( -0.000000000000000000, -0.000000000000000000, -1.000000000000000000 ) ) ;
#4412 = DIRECTION ( 'NONE',  ( -1.000000000000000000, 4.476705744456272988E-15, 0.000000000000000000 ) ) ;
#4413 = EDGE_CURVE ( 'NONE', #3966, #1659, #3330, .T. ) ;
#4414 = DIRECTION ( 'NONE',  ( 0.000000000000000000, 0.000000000000000000, 1.000000000000000000 ) ) ;
#4415 = VERTEX_POINT ( 'NONE', #4416 ) ;
#4416 = CARTESIAN_POINT ( 'NONE',  ( 41.23440642122248079, -25.65055762081797397, 8.400000000000000355 ) ) ;
#4417 = EDGE_CURVE ( 'NONE', #4104, #2235, #464, .T. ) ;
#4418 = VERTEX_POINT ( 'NONE', #3122 ) ;
#4419 = ORIENTED_EDGE ( 'NONE', *, *, #2786, .T. ) ;
#4420 = FACE_BOUND ( 'NONE', #155, .T. ) ;
#4421 = CARTESIAN_POINT ( 'NONE',  ( 41.81742430504415609, -1.934235304825850710, -1.594999999999999973 ) ) ;
#4422 = DIRECTION ( 'NONE',  ( 1.000000000000000000, 0.000000000000000000, 0.000000000000000000 ) ) ;
#4423 = ORIENTED_EDGE ( 'NONE', *, *, #142, .F. ) ;
#4424 = EDGE_CURVE ( 'NONE', #1885, #4595, #5479, .T. ) ;
#4425 = CARTESIAN_POINT ( 'NONE',  ( 42.31076181424024441, -1.934235304825850710, -1.493935762257459610 ) ) ;
#4426 = DIRECTION ( 'NONE',  ( 1.000000000000000000, 0.000000000000000000, 0.000000000000000000 ) ) ;
#4427 = VECTOR ( 'NONE', #3364, 1000.000000000000000 ) ;
#4428 = CARTESIAN_POINT ( 'NONE',  ( 41.39999999999999858, 6.065764695174149068, -7.594999999999999751 ) ) ;
#4429 = DIRECTION ( 'NONE',  ( 1.000000000000000000, 0.000000000000000000, 0.000000000000000000 ) ) ;
#4430 = DIRECTION ( 'NONE',  ( 1.000000000000000000, 0.000000000000000000, 0.000000000000000000 ) ) ;
#4431 = CIRCLE ( 'NONE', #2925, 1.550000000000002709 ) ;
#4432 = ORIENTED_EDGE ( 'NONE', *, *, #3219, .T. ) ;
#4433 = CARTESIAN_POINT ( 'NONE',  ( -53.79455791176216906, -0.7896513204901943750, -50.65729644139574361 ) ) ;
#4434 = EDGE_CURVE ( 'NONE', #5000, #1258, #2189, .T. ) ;
#4435 = DIRECTION ( 'NONE',  ( 0.000000000000000000, 0.000000000000000000, 1.000000000000000000 ) ) ;
#4436 = CARTESIAN_POINT ( 'NONE',  ( 25.65055762081784252, 38.18440642122257600, 7.599999999999998757 ) ) ;
#4437 = CARTESIAN_POINT ( 'NONE',  ( 53.79999999999999716, 6.588599779412759964E-15, 8.400000000000000355 ) ) ;
#4438 = ADVANCED_FACE ( 'NONE', ( #5819 ), #4638, .T. ) ;
#4439 = ADVANCED_FACE ( 'NONE', ( #2223 ), #1752, .F. ) ;
#4440 = ORIENTED_EDGE ( 'NONE', *, *, #2245, .T. ) ;
#4441 = DIRECTION ( 'NONE',  ( 1.000000000000000000, -0.000000000000000000, -0.000000000000000000 ) ) ;
#4442 = LINE ( 'NONE', #1744, #4871 ) ;
#4443 = CARTESIAN_POINT ( 'NONE',  ( -28.70055762081783968, -38.18440642122257600, 8.400000000000000355 ) ) ;
#4444 = ORIENTED_EDGE ( 'NONE', *, *, #4872, .F. ) ;
#4445 = CARTESIAN_POINT ( 'NONE',  ( -3.000000000000000000, -1.500000000000000000, -10.86772065218060312 ) ) ;
#4446 = ORIENTED_EDGE ( 'NONE', *, *, #3436, .T. ) ;
#4447 = CARTESIAN_POINT ( 'NONE',  ( -53.74532036108738708, 2.427501780650369145, -51.75274567784466484 ) ) ;
#4448 = AXIS2_PLACEMENT_3D ( 'NONE', #5095, #1864, #2798 ) ;
#4449 = DIRECTION ( 'NONE',  ( 1.000000000000000000, 0.000000000000000000, 0.000000000000000000 ) ) ;
#4450 = CIRCLE ( 'NONE', #30, 3.049999999999999378 ) ;
#4451 = PLANE ( 'NONE',  #5124 ) ;
#4452 = ORIENTED_EDGE ( 'NONE', *, *, #2464, .T. ) ;
#4453 = ADVANCED_FACE ( 'NONE', ( #1391 ), #5201, .T. ) ;
#4454 = LINE ( 'NONE', #472, #2530 ) ;
#4455 = CARTESIAN_POINT ( 'NONE',  ( 24.48339487980622664, 24.26567658197288679, 5.761542928762763971 ) ) ;
#4456 = AXIS2_PLACEMENT_3D ( 'NONE', #5559, #2513, #3799 ) ;
#4457 = CIRCLE ( 'NONE', #3709, 2.049999999999999378 ) ;
#4458 = CARTESIAN_POINT ( 'NONE',  ( -0.9451004450936085766, -50.19117293919766354, -52.37732487042124774 ) ) ;
#4459 = CARTESIAN_POINT ( 'NONE',  ( 26.00000000000000000, 19.00000000000000000, 6.000000000000000000 ) ) ;
#4460 = CARTESIAN_POINT ( 'NONE',  ( 51.76906977912239682, -1.791760661640806163, -40.78369562264254000 ) ) ;
#4461 = TOROIDAL_SURFACE ( 'NONE', #1930, 6.899999999999999467, 3.000000000000000000 ) ;
#4462 = VECTOR ( 'NONE', #2977, 1000.000000000000000 ) ;
#4463 = ORIENTED_EDGE ( 'NONE', *, *, #5811, .T. ) ;
#4464 = CARTESIAN_POINT ( 'NONE',  ( 41.23440642122248079, -25.65055762081797397, 7.599999999999998757 ) ) ;
#4465 = DIRECTION ( 'NONE',  ( -1.000000000000000000, -0.000000000000000000, -0.000000000000000000 ) ) ;
#4466 = AXIS2_PLACEMENT_3D ( 'NONE', #3443, #4319, #3087 ) ;
#4467 = PLANE ( 'NONE',  #4178 ) ;
#4468 = CARTESIAN_POINT ( 'NONE',  ( 24.51060018011784791, 22.60448187768660588, 3.016015834152968367 ) ) ;
#4469 = ADVANCED_FACE ( 'NONE', ( #1072 ), #1174, .T. ) ;
#4470 = ORIENTED_EDGE ( 'NONE', *, *, #5057, .T. ) ;
#4471 = FACE_OUTER_BOUND ( 'NONE', #859, .T. ) ;
#4472 = CARTESIAN_POINT ( 'NONE',  ( -1.400000000000002798, 0.000000000000000000, -10.86772065218060312 ) ) ;
#4473 = DIRECTION ( 'NONE',  ( -1.000000000000000000, 0.000000000000000000, 0.000000000000000000 ) ) ;
#4474 = ORIENTED_EDGE ( 'NONE', *, *, #3012, .F. ) ;
#4475 = EDGE_CURVE ( 'NONE', #4746, #4987, #1913, .T. ) ;
#4476 = DIRECTION ( 'NONE',  ( -1.000000000000000000, 0.000000000000000000, 0.000000000000000000 ) ) ;
#4477 = ORIENTED_EDGE ( 'NONE', *, *, #1503, .T. ) ;
#4478 = CARTESIAN_POINT ( 'NONE',  ( -53.75104871962876274, 2.298818783715969705, -51.59566713739130250 ) ) ;
#4479 = CARTESIAN_POINT ( 'NONE',  ( -22.74000000000000199, -18.00000000000000000, 0.000000000000000000 ) ) ;
#4480 = FACE_BOUND ( 'NONE', #1581, .T. ) ;
#4481 = ORIENTED_EDGE ( 'NONE', *, *, #1426, .F. ) ;
#4482 = LINE ( 'NONE', #2746, #3180 ) ;
#4483 = CARTESIAN_POINT ( 'NONE',  ( 24.11121671803534738, 24.28437996884502326, 5.791332752489090296 ) ) ;
#4484 = ADVANCED_FACE ( 'NONE', ( #3305 ), #4211, .F. ) ;
#4485 = FACE_OUTER_BOUND ( 'NONE', #2681, .T. ) ;
#4486 = AXIS2_PLACEMENT_3D ( 'NONE', #542, #1471, #4608 ) ;
#4487 = CARTESIAN_POINT ( 'NONE',  ( 17.80000000000000071, 26.00000000000000000, 6.000000000000000000 ) ) ;
#4488 = CARTESIAN_POINT ( 'NONE',  ( -50.18067071951337255, -1.393484222717438437, -52.92367092594363953 ) ) ;
#4489 = EDGE_LOOP ( 'NONE', ( #107, #2886 ) ) ;
#4490 = CARTESIAN_POINT ( 'NONE',  ( 44.02840994991492352, 27.30091944182497343, -13.83038946727304008 ) ) ;
#4491 = CARTESIAN_POINT ( 'NONE',  ( 48.78243805271429778, 22.70350640659238195, -18.50931196295798031 ) ) ;
#4492 = AXIS2_PLACEMENT_3D ( 'NONE', #5647, #1629, #4360 ) ;
#4493 = LINE ( 'NONE', #4553, #2670 ) ;
#4494 = CARTESIAN_POINT ( 'NONE',  ( 24.73538176867980098, 22.68929594098175428, 3.076923376863838655 ) ) ;
#4495 = VECTOR ( 'NONE', #4129, 1000.000000000000000 ) ;
#4496 = AXIS2_PLACEMENT_3D ( 'NONE', #1246, #1805, #4412 ) ;
#4497 = ORIENTED_EDGE ( 'NONE', *, *, #2535, .F. ) ;
#4498 = ORIENTED_EDGE ( 'NONE', *, *, #171, .T. ) ;
#4499 = CARTESIAN_POINT ( 'NONE',  ( 25.53351947947797385, 22.95063692130436195, 3.785243653077841497 ) ) ;
#4500 = LINE ( 'NONE', #3033, #2061 ) ;
#4501 = EDGE_CURVE ( 'NONE', #1355, #3684, #5763, .T. ) ;
#4502 = CARTESIAN_POINT ( 'NONE',  ( 0.000000000000000000, 0.000000000000000000, -36.26000000000002643 ) ) ;
#4503 = CARTESIAN_POINT ( 'NONE',  ( 49.20665925750271441, -3.799565499907771038, -11.63749176065898006 ) ) ;
#4504 = CARTESIAN_POINT ( 'NONE',  ( 53.11279496167818337, -8.571523281117084281, -10.60000000000000142 ) ) ;
#4505 = VERTEX_POINT ( 'NONE', #4154 ) ;
#4506 = ORIENTED_EDGE ( 'NONE', *, *, #4974, .T. ) ;
#4507 = CARTESIAN_POINT ( 'NONE',  ( -53.79999999999999716, 0.4030359969764861217, -50.56000000000003780 ) ) ;
#4508 = DIRECTION ( 'NONE',  ( -0.000000000000000000, -0.000000000000000000, -1.000000000000000000 ) ) ;
#4509 = DIRECTION ( 'NONE',  ( -1.047444401652940007E-14, -1.000000000000000000, -0.000000000000000000 ) ) ;
#4510 = EDGE_CURVE ( 'NONE', #2923, #5072, #4185, .T. ) ;
#4511 = EDGE_CURVE ( 'NONE', #1894, #5174, #694, .T. ) ;
#4512 = ORIENTED_EDGE ( 'NONE', *, *, #435, .F. ) ;
#4513 = FACE_OUTER_BOUND ( 'NONE', #915, .T. ) ;
#4514 = CARTESIAN_POINT ( 'NONE',  ( 23.70591448943406476, 23.88477135432338017, 5.603339363713486954 ) ) ;
#4515 = DIRECTION ( 'NONE',  ( -0.000000000000000000, 0.000000000000000000, 1.000000000000000000 ) ) ;
#4516 = CARTESIAN_POINT ( 'NONE',  ( 41.39999999999999858, 15.74000000000000021, 2.095000000000000195 ) ) ;
#4517 = CARTESIAN_POINT ( 'NONE',  ( 51.80000000000000426, -1.387778780781443151E-14, -42.16000000000002501 ) ) ;
#4518 = ORIENTED_EDGE ( 'NONE', *, *, #3807, .T. ) ;
#4519 = FACE_OUTER_BOUND ( 'NONE', #4892, .T. ) ;
#4520 = AXIS2_PLACEMENT_3D ( 'NONE', #5706, #2098, #2542 ) ;
#4521 = CARTESIAN_POINT ( 'NONE',  ( 43.14479762739370727, 32.14149746458549117, -15.32647764249318278 ) ) ;
#4522 = AXIS2_PLACEMENT_3D ( 'NONE', #509, #1846, #1343 ) ;
#4523 = FACE_OUTER_BOUND ( 'NONE', #4532, .T. ) ;
#4524 = CARTESIAN_POINT ( 'NONE',  ( 42.39999999999999858, 7.065764695174149068, -0.5950000000000000844 ) ) ;
#4525 = ORIENTED_EDGE ( 'NONE', *, *, #3139, .F. ) ;
#4526 = EDGE_LOOP ( 'NONE', ( #5054, #4962 ) ) ;
#4527 = CARTESIAN_POINT ( 'NONE',  ( 53.71348538370684622, 3.049834087550651773, -53.40628582784103173 ) ) ;
#4528 = CARTESIAN_POINT ( 'NONE',  ( -0.2037140841705749050, -53.79999059462372202, -50.56016590472552252 ) ) ;
#4529 = CARTESIAN_POINT ( 'NONE',  ( -31.10000000000000142, 24.00000000000000000, 0.000000000000000000 ) ) ;
#4530 = CARTESIAN_POINT ( 'NONE',  ( 49.52654035682964206, -2.574969861699342388, -13.60729683689330294 ) ) ;
#4531 = DIRECTION ( 'NONE',  ( -0.2685886358237237759, -0.9632549738809300655, 0.000000000000000000 ) ) ;
#4532 = EDGE_LOOP ( 'NONE', ( #3480, #4839, #5558, #403 ) ) ;
#4533 = CARTESIAN_POINT ( 'NONE',  ( 24.59647702136136260, 23.87381645982268452, 5.498330998250790635 ) ) ;
#4534 = CARTESIAN_POINT ( 'NONE',  ( -51.39999999999999858, 6.294684547617395450E-15, -219.2793793113450533 ) ) ;
#4535 = PLANE ( 'NONE',  #3247 ) ;
#4536 = EDGE_CURVE ( 'NONE', #1674, #332, #3655, .T. ) ;
#4537 = CARTESIAN_POINT ( 'NONE',  ( 24.13086195076335372, 24.71077655232102188, 5.977902288723244695 ) ) ;
#4538 = FACE_BOUND ( 'NONE', #2007, .T. ) ;
#4539 = EDGE_CURVE ( 'NONE', #4405, #5256, #1481, .T. ) ;
#4540 = ORIENTED_EDGE ( 'NONE', *, *, #4240, .F. ) ;
#4541 = DIRECTION ( 'NONE',  ( 0.000000000000000000, 0.000000000000000000, -1.000000000000000000 ) ) ;
#4542 = CIRCLE ( 'NONE', #2019, 2.049999999999999822 ) ;
#4543 = EDGE_CURVE ( 'NONE', #902, #5411, #3703, .T. ) ;
#4544 = CARTESIAN_POINT ( 'NONE',  ( 0.4067614898860221762, -50.19869865361314254, -52.10075677341689016 ) ) ;
#4545 = CARTESIAN_POINT ( 'NONE',  ( -1.392938295024289008, 50.18068590679502705, -52.92257960494832503 ) ) ;
#4546 = FACE_OUTER_BOUND ( 'NONE', #5179, .T. ) ;
#4547 = EDGE_CURVE ( 'NONE', #3791, #317, #3045, .T. ) ;
#4548 = ORIENTED_EDGE ( 'NONE', *, *, #441, .F. ) ;
#4549 = CARTESIAN_POINT ( 'NONE',  ( 43.75844630402725954, 31.32302040430193912, -13.81116822751703843 ) ) ;
#4550 = AXIS2_PLACEMENT_3D ( 'NONE', #3768, #2882, #3792 ) ;
#4551 = AXIS2_PLACEMENT_3D ( 'NONE', #3082, #3992, #2990 ) ;
#4552 = CARTESIAN_POINT ( 'NONE',  ( 48.41562048758687098, 23.47535402825318585, -18.45013467979842758 ) ) ;
#4553 = CARTESIAN_POINT ( 'NONE',  ( 53.80100000000000193, -7.035344836624334780E-16, -55.16000000000003212 ) ) ;
#4554 = AXIS2_PLACEMENT_3D ( 'NONE', #2657, #4508, #4449 ) ;
#4555 = CARTESIAN_POINT ( 'NONE',  ( 24.76184652570847433, 22.69824584557491320, 3.085027732092602726 ) ) ;
#4556 = VECTOR ( 'NONE', #1199, 1000.000000000000000 ) ;
#4557 = EDGE_LOOP ( 'NONE', ( #5216, #5820, #3610, #2134 ) ) ;
#4558 = ORIENTED_EDGE ( 'NONE', *, *, #3678, .F. ) ;
#4559 = DIRECTION ( 'NONE',  ( 0.000000000000000000, 0.000000000000000000, -1.000000000000000000 ) ) ;
#4560 = DIRECTION ( 'NONE',  ( 3.491481338843133750E-15, 1.000000000000000000, -0.000000000000000000 ) ) ;
#4561 = CARTESIAN_POINT ( 'NONE',  ( -41.23440642122230315, 25.65055762081824042, 7.599999999999998757 ) ) ;
#4562 = CARTESIAN_POINT ( 'NONE',  ( 53.82361822731029832, -3.557262665779327371, -12.32803242475797312 ) ) ;
#4563 = CARTESIAN_POINT ( 'NONE',  ( 24.18117352108644980, 22.87280746151874666, 4.510856941112699303 ) ) ;
#4564 = ORIENTED_EDGE ( 'NONE', *, *, #2360, .T. ) ;
#4565 = ORIENTED_EDGE ( 'NONE', *, *, #110, .T. ) ;
#4566 = CARTESIAN_POINT ( 'NONE',  ( 24.82794701207447474, 23.56569404011231583, 5.173262902319009982 ) ) ;
#4567 = CYLINDRICAL_SURFACE ( 'NONE', #449, 1.000000000000000000 ) ;
#4568 = CARTESIAN_POINT ( 'NONE',  ( 53.80100000000000193, -8.933547375302734704E-16, -52.06000000000003070 ) ) ;
#4569 = SURFACE_STYLE_USAGE ( .BOTH. , #2834 ) ;
#4570 = DIRECTION ( 'NONE',  ( -1.000000000000000000, 0.000000000000000000, 0.000000000000000000 ) ) ;
#4571 = ORIENTED_EDGE ( 'NONE', *, *, #2836, .F. ) ;
#4572 = CARTESIAN_POINT ( 'NONE',  ( -50.19999999999999574, 0.1011646262139366814, -55.16000000000002501 ) ) ;
#4573 = DIRECTION ( 'NONE',  ( 0.000000000000000000, 0.000000000000000000, -1.000000000000000000 ) ) ;
#4574 = CARTESIAN_POINT ( 'NONE',  ( 1.550000000000176126, 50.17606501111859529, -53.50883537364641995 ) ) ;
#4575 = CARTESIAN_POINT ( 'NONE',  ( 51.79999999999999716, -0.3007420175383482275, -42.16000000000002501 ) ) ;
#4576 = ORIENTED_EDGE ( 'NONE', *, *, #2843, .T. ) ;
#4577 = CYLINDRICAL_SURFACE ( 'NONE', #2242, 1.550000000000002709 ) ;
#4578 = CARTESIAN_POINT ( 'NONE',  ( 24.99816696648153069, 22.76913315417910155, 3.108493197839255817 ) ) ;
#4579 = AXIS2_PLACEMENT_3D ( 'NONE', #2832, #151, #5533 ) ;
#4580 = EDGE_CURVE ( 'NONE', #2362, #2350, #4089, .T. ) ;
#4581 = CARTESIAN_POINT ( 'NONE',  ( 28.43500108084743516, 22.18000000000000327, -0.6150000000000001021 ) ) ;
#4582 = CARTESIAN_POINT ( 'NONE',  ( 24.72110767511517437, 22.68439095878284206, 3.072437331310099662 ) ) ;
#4583 = ORIENTED_EDGE ( 'NONE', *, *, #4543, .T. ) ;
#4584 = CIRCLE ( 'NONE', #4486, 51.39999999999999858 ) ;
#4585 = ORIENTED_EDGE ( 'NONE', *, *, #2329, .T. ) ;
#4586 = EDGE_CURVE ( 'NONE', #5174, #1749, #3773, .T. ) ;
#4587 = FACE_OUTER_BOUND ( 'NONE', #123, .T. ) ;
#4588 = CARTESIAN_POINT ( 'NONE',  ( 43.00788493872095586, -2.126196137756861226, -0.9099057057980246555 ) ) ;
#4589 = DIRECTION ( 'NONE',  ( 0.000000000000000000, 5.442269728554697199E-15, 1.000000000000000000 ) ) ;
#4590 = VECTOR ( 'NONE', #2517, 1000.000000000000000 ) ;
#4591 = AXIS2_PLACEMENT_3D ( 'NONE', #1715, #4060, #1274 ) ;
#4592 = CARTESIAN_POINT ( 'NONE',  ( 53.23090306177542885, -7.805307626667499221, -13.90345444096656635 ) ) ;
#4593 = CARTESIAN_POINT ( 'NONE',  ( 23.40065100461981729, 24.53476557610536091, 5.921918030004948541 ) ) ;
#4594 = EDGE_LOOP ( 'NONE', ( #5636, #3948, #177 ) ) ;
#4595 = VERTEX_POINT ( 'NONE', #586 ) ;
#4596 = CARTESIAN_POINT ( 'NONE',  ( 25.06277916973090925, 24.67864308114046779, 5.798533176993315053 ) ) ;
#4597 = LINE ( 'NONE', #4534, #2709 ) ;
#4598 = DIRECTION ( 'NONE',  ( 0.000000000000000000, 0.000000000000000000, 1.000000000000000000 ) ) ;
#4599 = SURFACE_STYLE_FILL_AREA ( #3282 ) ;
#4600 = DIRECTION ( 'NONE',  ( 0.000000000000000000, 0.000000000000000000, 1.000000000000000000 ) ) ;
#4601 = ORIENTED_EDGE ( 'NONE', *, *, #1504, .T. ) ;
#4602 = PLANE ( 'NONE',  #1968 ) ;
#4603 = DIRECTION ( 'NONE',  ( 0.000000000000000000, 1.000000000000000000, 0.000000000000000000 ) ) ;
#4604 = DIRECTION ( 'NONE',  ( -0.000000000000000000, -0.000000000000000000, -1.000000000000000000 ) ) ;
#4605 = ADVANCED_FACE ( 'NONE', ( #3744 ), #595, .T. ) ;
#4606 = CYLINDRICAL_SURFACE ( 'NONE', #2209, 53.79999999999999716 ) ;
#4607 = VERTEX_POINT ( 'NONE', #2857 ) ;
#4608 = DIRECTION ( 'NONE',  ( -1.000000000000000000, 0.000000000000000000, 0.000000000000000000 ) ) ;
#4609 = CARTESIAN_POINT ( 'NONE',  ( -1.549999999999818190, 52.70000000000001705, -53.61000000000003496 ) ) ;
#4610 = DIRECTION ( 'NONE',  ( 0.001320576208316247453, -0.9999991280388589310, -1.097294284315306708E-18 ) ) ;
#4611 = CARTESIAN_POINT ( 'NONE',  ( -4.599999999999996980, 0.000000000000000000, 6.000000000000000000 ) ) ;
#4612 = EDGE_CURVE ( 'NONE', #4405, #2035, #2413, .T. ) ;
#4613 = EDGE_LOOP ( 'NONE', ( #1761, #731, #1412, #1383 ) ) ;
#4614 = ORIENTED_EDGE ( 'NONE', *, *, #5589, .T. ) ;
#4615 = DIRECTION ( 'NONE',  ( 0.000000000000000000, 0.000000000000000000, 1.000000000000000000 ) ) ;
#4616 = DIRECTION ( 'NONE',  ( 0.000000000000000000, 0.000000000000000000, -1.000000000000000000 ) ) ;
#4617 = AXIS2_PLACEMENT_3D ( 'NONE', #5239, #4326, #5736 ) ;
#4618 = CARTESIAN_POINT ( 'NONE',  ( 53.73015214767610104, -2.741632560351650483, -54.96107904270956368 ) ) ;
#4619 = ADVANCED_FACE ( 'NONE', ( #3438 ), #5255, .T. ) ;
#4620 = CARTESIAN_POINT ( 'NONE',  ( 53.57081179374911528, -4.966252454470644118, -17.10590547013804752 ) ) ;
#4621 = ADVANCED_FACE ( 'NONE', ( #4900 ), #4785, .F. ) ;
#4622 = CARTESIAN_POINT ( 'NONE',  ( -25.53999999999999915, -18.00000000000000000, 6.000000000000000000 ) ) ;
#4623 = ORIENTED_EDGE ( 'NONE', *, *, #3739, .F. ) ;
#4624 = EDGE_LOOP ( 'NONE', ( #115, #4410, #4802, #3760 ) ) ;
#4625 = CARTESIAN_POINT ( 'NONE',  ( 24.96633260439862667, 23.57082122307330607, 5.105504196421431828 ) ) ;
#4626 = AXIS2_PLACEMENT_3D ( 'NONE', #1554, #537, #4198 ) ;
#4627 = CARTESIAN_POINT ( 'NONE',  ( 46.39999999999999858, 0.06576469517414959554, -8.594999999999998863 ) ) ;
#4628 = DIRECTION ( 'NONE',  ( 1.000000000000000000, 0.000000000000000000, 0.000000000000000000 ) ) ;
#4629 = CARTESIAN_POINT ( 'NONE',  ( -41.90000000000000568, 24.00000000000000000, 3.000000000000000000 ) ) ;
#4630 = ORIENTED_EDGE ( 'NONE', *, *, #5476, .F. ) ;
#4631 = DIRECTION ( 'NONE',  ( 0.000000000000000000, 0.000000000000000000, 1.000000000000000000 ) ) ;
#4632 = CARTESIAN_POINT ( 'NONE',  ( -0.2041165357262575142, -50.19968276789381889, -55.14981817651852225 ) ) ;
#4633 = CARTESIAN_POINT ( 'NONE',  ( 28.17000000000000171, -18.00000000000000355, 6.000000000000000000 ) ) ;
#4634 = CARTESIAN_POINT ( 'NONE',  ( -9.099999999999999645, 4.419459434779497542, 8.400000000000000355 ) ) ;
#4635 = ORIENTED_EDGE ( 'NONE', *, *, #2406, .F. ) ;
#4636 = B_SPLINE_CURVE_WITH_KNOTS ( 'NONE', 3,
 ( #1066, #2853, #2363, #2823, #579, #1009, #2391, #4177, #2793, #5432, #552, #4646, #2274, #108, #1887, #20, #4527, #1413, #1859, #3623, #3676, #5404, #3177, #1916, #4972, #1443, #949, #141, #487, #2335, #2759, #5459 ),
 .UNSPECIFIED., .F., .F.,
 ( 4, 2, 2, 2, 2, 2, 2, 2, 2, 2, 2, 2, 2, 2, 2, 4 ),
 ( 0.009537602965752053907, 0.01013356692798195353, 0.01072953089021185316, 0.01132549485244175452, 0.01192145881467165415, 0.01251742277690155551, 0.01311338673913145687, 0.01370935070136135650, 0.01430531466359125786, 0.01490127862582115922, 0.01549724258805106059, 0.01609320655028096195, 0.01668917051251086331, 0.01728513447474076467, 0.01788109843697066603, 0.01907302636143047223 ),
 .UNSPECIFIED. ) ;
#4637 = CARTESIAN_POINT ( 'NONE',  ( -53.80100000000000193, 1.083174991398113266E-15, -52.06000000000003070 ) ) ;
#4638 = TOROIDAL_SURFACE ( 'NONE', #2577, 53.00000000000000000, 0.8000000000000000444 ) ;
#4639 = CARTESIAN_POINT ( 'NONE',  ( -2.645840038724057486, -53.73501423562374413, -55.14019830495335128 ) ) ;
#4640 = VECTOR ( 'NONE', #2698, 1000.000000000000000 ) ;
#4641 = CARTESIAN_POINT ( 'NONE',  ( 27.04749567971252233, 22.75669439813562533, 3.000000000000000000 ) ) ;
#4642 = CIRCLE ( 'NONE', #1358, 1.550000000000002709 ) ;
#4643 = VECTOR ( 'NONE', #1506, 1000.000000000000000 ) ;
#4644 = EDGE_LOOP ( 'NONE', ( #5580, #1780, #700, #2550, #2378 ) ) ;
#4645 = ORIENTED_EDGE ( 'NONE', *, *, #4586, .T. ) ;
#4646 = CARTESIAN_POINT ( 'NONE',  ( 53.73498991503263511, 2.646350421608602232, -52.08058967671107808 ) ) ;
#4647 = CARTESIAN_POINT ( 'NONE',  ( -53.00000000000000000, 0.000000000000000000, -42.16000000000002501 ) ) ;
#4648 = AXIS2_PLACEMENT_3D ( 'NONE', #1630, #1605, #2489 ) ;
#4649 = ADVANCED_FACE ( 'NONE', ( #3022 ), #3083, .F. ) ;
#4650 = CIRCLE ( 'NONE', #2583, 3.049999999999997158 ) ;
#4651 = LINE ( 'NONE', #3329, #5675 ) ;
#4652 = DIRECTION ( 'NONE',  ( 0.000000000000000000, 1.000000000000000000, -0.000000000000000000 ) ) ;
#4653 = TOROIDAL_SURFACE ( 'NONE', #2676, 53.00000000000000000, 0.8000000000000000444 ) ;
#4654 = DIRECTION ( 'NONE',  ( 0.000000000000000000, 1.000000000000000000, -0.000000000000000000 ) ) ;
#4655 = ORIENTED_EDGE ( 'NONE', *, *, #5334, .F. ) ;
#4656 = EDGE_LOOP ( 'NONE', ( #327, #1987, #3036, #4668 ) ) ;
#4657 = CARTESIAN_POINT ( 'NONE',  ( 24.85425925581680318, 23.46080187153816965, 5.052114500356217341 ) ) ;
#4658 = CYLINDRICAL_SURFACE ( 'NONE', #1218, 48.39999999999999858 ) ;
#4659 = B_SPLINE_CURVE_WITH_KNOTS ( 'NONE', 3,
 ( #2298, #2642, #4024, #4433, #4078, #42, #879, #5145, #2356, #1973, #214, #99, #4202, #4253, #2418, #4169, #2784, #3352, #130, #2470, #1909, #2027, #4141, #162, #3761, #5543, #5113, #1527, #3698, #1559, #5485, #1058, #1499, #605 ),
 .UNSPECIFIED., .F., .F.,
 ( 4, 2, 2, 2, 2, 2, 2, 2, 2, 2, 2, 2, 2, 2, 2, 2, 4 ),
 ( 0.000000000000000000, 0.0005961001853595034776, 0.001192200370719006955, 0.001788300556078510541, 0.002384400741438013911, 0.002980500926797517280, 0.003576601112157021083, 0.004172701297516524452, 0.004768801482876027821, 0.005364901668235531190, 0.005961001853595034559, 0.006557102038954537929, 0.007153202224314042165, 0.007749302409673545534, 0.008345402595033048904, 0.008941502780392551405, 0.009537602965752055642 ),
 .UNSPECIFIED. ) ;
#4660 = CARTESIAN_POINT ( 'NONE',  ( 53.00000000000000000, 6.539613907446865747E-15, -42.16000000000002501 ) ) ;
#4661 = ADVANCED_FACE ( 'NONE', ( #3107, #2665 ), #5782, .F. ) ;
#4662 = CARTESIAN_POINT ( 'NONE',  ( 27.22180112492534221, 22.70796307440156170, 5.666879708031815177 ) ) ;
#4663 = ORIENTED_EDGE ( 'NONE', *, *, #3029, .F. ) ;
#4664 = CARTESIAN_POINT ( 'NONE',  ( -50.18959113153079699, 1.024722078699471295, -52.44266541446130248 ) ) ;
#4665 = CARTESIAN_POINT ( 'NONE',  ( -27.43999999999999773, -18.00000000000000000, 3.000000000000000000 ) ) ;
#4666 = FACE_OUTER_BOUND ( 'NONE', #3745, .T. ) ;
#4667 = CARTESIAN_POINT ( 'NONE',  ( 0.000000000000000000, 0.000000000000000000, 6.000000000000000000 ) ) ;
#4668 = ORIENTED_EDGE ( 'NONE', *, *, #2645, .F. ) ;
#4669 = DIRECTION ( 'NONE',  ( -0.000000000000000000, -0.000000000000000000, 1.000000000000000000 ) ) ;
#4670 = ADVANCED_FACE ( 'NONE', ( #1705 ), #4699, .T. ) ;
#4671 = DIRECTION ( 'NONE',  ( 0.9999991280388589310, 0.001320576208316247453, 0.000000000000000000 ) ) ;
#4672 = CARTESIAN_POINT ( 'NONE',  ( 49.64509782287492357, -1.941514725268566943, -14.06966565461842933 ) ) ;
#4673 = ADVANCED_FACE ( 'NONE', ( #2618 ), #4403, .T. ) ;
#4674 = VERTEX_POINT ( 'NONE', #2117 ) ;
#4675 = ORIENTED_EDGE ( 'NONE', *, *, #5767, .T. ) ;
#4676 = CARTESIAN_POINT ( 'NONE',  ( 46.39999999999999858, 18.08535318980527862, -14.60000000000000142 ) ) ;
#4677 = LINE ( 'NONE', #1099, #1093 ) ;
#4678 = DIRECTION ( 'NONE',  ( -0.000000000000000000, -0.000000000000000000, 1.000000000000000000 ) ) ;
#4679 = VECTOR ( 'NONE', #4229, 1000.000000000000000 ) ;
#4680 = ORIENTED_EDGE ( 'NONE', *, *, #3206, .T. ) ;
#4681 = ORIENTED_EDGE ( 'NONE', *, *, #1389, .T. ) ;
#4682 = DIRECTION ( 'NONE',  ( 0.000000000000000000, 0.000000000000000000, 1.000000000000000000 ) ) ;
#4683 = DIRECTION ( 'NONE',  ( 0.000000000000000000, 1.000000000000000000, 0.000000000000000000 ) ) ;
#4684 = DIRECTION ( 'NONE',  ( 0.000000000000000000, 0.000000000000000000, -1.000000000000000000 ) ) ;
#4685 = EDGE_CURVE ( 'NONE', #1153, #2266, #2123, .T. ) ;
#4686 = AXIS2_PLACEMENT_3D ( 'NONE', #3040, #1694, #1578 ) ;
#4687 = CARTESIAN_POINT ( 'NONE',  ( 0.9999999999999983347, -9.000000000000003553, 6.000000000000000000 ) ) ;
#4688 = CARTESIAN_POINT ( 'NONE',  ( 27.37568342562635593, 22.64957030166705110, 3.029268864783128290 ) ) ;
#4689 = AXIS2_PLACEMENT_3D ( 'NONE', #5469, #5441, #4100 ) ;
#4690 = ORIENTED_EDGE ( 'NONE', *, *, #730, .F. ) ;
#4691 = CARTESIAN_POINT ( 'NONE',  ( 42.39999999999999858, 22.18000000000000327, 2.095000000000000195 ) ) ;
#4692 = CARTESIAN_POINT ( 'NONE',  ( -1.550000000000526068, -50.17606501111858108, -53.61000000000003496 ) ) ;
#4693 = ADVANCED_FACE ( 'NONE', ( #3168 ), #3795, .T. ) ;
#4694 = LINE ( 'NONE', #1467, #2118 ) ;
#4695 = EDGE_CURVE ( 'NONE', #3096, #1674, #4542, .T. ) ;
#4696 = CARTESIAN_POINT ( 'NONE',  ( 25.12916978325651840, 22.80294393530826724, 3.072647370570024350 ) ) ;
#4697 = ORIENTED_EDGE ( 'NONE', *, *, #410, .T. ) ;
#4698 = CARTESIAN_POINT ( 'NONE',  ( 28.17000000000000171, -18.00000000000000355, 6.000000000000000000 ) ) ;
#4699 =( BOUNDED_SURFACE ( )  B_SPLINE_SURFACE ( 3, 1, ( 
 ( #275, #4875 ),
 ( #2087, #1263 ),
 ( #2556, #3870 ),
 ( #4340, #827 ) ),
 .UNSPECIFIED., .F., .F., .F. ) 
 B_SPLINE_SURFACE_WITH_KNOTS ( ( 4, 4 ),
 ( 2, 2 ),
 ( 0.000000000000000000, 1.000000000000000000 ),
 ( 0.000000000000000000, 1.000000000000000000 ),
 .UNSPECIFIED. ) 
 GEOMETRIC_REPRESENTATION_ITEM ( )  RATIONAL_B_SPLINE_SURFACE ( (
 ( 1.000000000000000000, 1.000000000000000000),
 ( 0.3333333333333243220, 0.3333333333333243220),
 ( 0.3333333333333243220, 0.3333333333333243220),
 ( 1.000000000000000000, 1.000000000000000000) ) ) 
 REPRESENTATION_ITEM ( '' )  SURFACE ( )  );
#4700 = DIRECTION ( 'NONE',  ( -1.000000000000000000, 0.000000000000000000, 0.000000000000000000 ) ) ;
#4701 = CARTESIAN_POINT ( 'NONE',  ( 49.32484994123396405, -3.401715175969362903, -12.61125698104082105 ) ) ;
#4702 = VERTEX_POINT ( 'NONE', #4076 ) ;
#4703 = EDGE_LOOP ( 'NONE', ( #4295, #3432, #1837, #778 ) ) ;
#4704 = CARTESIAN_POINT ( 'NONE',  ( 51.39999999999999858, 0.000000000000000000, -32.11000000000002785 ) ) ;
#4705 = CARTESIAN_POINT ( 'NONE',  ( 53.79999999999999716, 0.000000000000000000, -56.66000000000003212 ) ) ;
#4706 = DIRECTION ( 'NONE',  ( 0.000000000000000000, 0.000000000000000000, 1.000000000000000000 ) ) ;
#4707 = ORIENTED_EDGE ( 'NONE', *, *, #1836, .F. ) ;
#4708 = ORIENTED_EDGE ( 'NONE', *, *, #3506, .F. ) ;
#4709 = CARTESIAN_POINT ( 'NONE',  ( 50.17757731091275275, 1.500375693069906813, -53.20794822160684134 ) ) ;
#4710 = CARTESIAN_POINT ( 'NONE',  ( 46.39999999999999858, 0.06576469517414959554, -1.594999999999999973 ) ) ;
#4711 = ADVANCED_FACE ( 'NONE', ( #4546, #3197 ), #1405, .F. ) ;
#4712 = VECTOR ( 'NONE', #5674, 1000.000000000000000 ) ;
#4713 = VECTOR ( 'NONE', #4515, 1000.000000000000000 ) ;
#4714 = DIRECTION ( 'NONE',  ( 1.000000000000000000, 0.000000000000000000, 0.000000000000000000 ) ) ;
#4715 = DIRECTION ( 'NONE',  ( 0.000000000000000000, -1.000000000000000000, 0.000000000000000000 ) ) ;
#4716 = VERTEX_POINT ( 'NONE', #2234 ) ;
#4717 = CARTESIAN_POINT ( 'NONE',  ( -53.71462457164177806, 3.029954422773988743, -54.01172807561815858 ) ) ;
#4718 = CARTESIAN_POINT ( 'NONE',  ( -0.7873736855371192833, 53.79459110123241317, -50.65669393844402180 ) ) ;
#4719 = EDGE_CURVE ( 'NONE', #2946, #3246, #3234, .T. ) ;
#4720 = CARTESIAN_POINT ( 'NONE',  ( 50.17605975049700362, -1.550170295086002570, -53.81312914517920376 ) ) ;
#4721 = DIRECTION ( 'NONE',  ( 1.000000000000000000, 0.000000000000000000, 0.000000000000000000 ) ) ;
#4722 = ORIENTED_EDGE ( 'NONE', *, *, #4974, .F. ) ;
#4723 = CARTESIAN_POINT ( 'NONE',  ( 46.39999999999999858, 18.08535318980527862, -18.60000000000000142 ) ) ;
#4724 = ADVANCED_FACE ( 'NONE', ( #3583 ), #67, .T. ) ;
#4725 = CARTESIAN_POINT ( 'NONE',  ( 0.7917739856087944172, -53.79453375112493774, -56.56226857449073009 ) ) ;
#4726 = EDGE_CURVE ( 'NONE', #5082, #1893, #3946, .T. ) ;
#4727 = CARTESIAN_POINT ( 'NONE',  ( 24.81034549440471437, 22.71416317766404447, 3.098473485229302327 ) ) ;
#4728 = ORIENTED_EDGE ( 'NONE', *, *, #1444, .F. ) ;
#4729 = VERTEX_POINT ( 'NONE', #4634 ) ;
#4730 = CIRCLE ( 'NONE', #2679, 2.049999999999998046 ) ;
#4731 = CARTESIAN_POINT ( 'NONE',  ( 40.00000000000000000, -6.334235304825849511, 6.000000000000000000 ) ) ;
#4732 =( BOUNDED_SURFACE ( )  B_SPLINE_SURFACE ( 3, 2, ( 
 ( #1256, #4152, #2733 ),
 ( #2796, #1388, #5377 ),
 ( #4976, #5037, #1480 ),
 ( #23, #1834, #1417 ),
 ( #3273, #1448, #1042 ),
 ( #3210, #4124, #3626 ),
 ( #5408, #2309, #5435 ),
 ( #2763, #5069, #4944 ),
 ( #2827, #5006, #3182 ),
 ( #2367, #952, #4620 ),
 ( #979, #2706, #3653 ),
 ( #4530, #2338, #585 ),
 ( #3681, #492, #5464 ),
 ( #4095, #52, #2397 ),
 ( #1012, #1726, #5744 ),
 ( #3711, #3242, #1863 ),
 ( #112, #4562, #3519 ),
 ( #463, #526, #5499 ),
 ( #82, #1890, #4592 ),
 ( #556, #1921, #919 ),
 ( #1361, #2278, #3156 ),
 ( #4503, #4063, #708 ),
 ( #5177, #2509, #1568 ),
 ( #1618, #5586, #3360 ),
 ( #5152, #4183, #4237 ),
 ( #2936, #3332, #1984 ) ),
 .UNSPECIFIED., .F., .F., .F. ) 
 B_SPLINE_SURFACE_WITH_KNOTS ( ( 4, 2, 2, 2, 2, 2, 2, 2, 2, 2, 2, 2, 4 ),
 ( 3, 3 ),
 ( 0.005333855761612325483, 0.006900060320352588601, 0.007683162599722719727, 0.008466264879092851720, 0.01003246943783311397, 0.01081557171720324423, 0.01159867399657337622, 0.01316487855531363847, 0.01394798083468376873, 0.01473108311405390072, 0.01551418539342403098, 0.01629728767279416124, 0.01786349223153442523 ),
 ( 0.000000000000000000, 1.000000000000000000 ),
 .UNSPECIFIED. ) 
 GEOMETRIC_REPRESENTATION_ITEM ( )  RATIONAL_B_SPLINE_SURFACE ( (
 ( 1.000000000000000000, 0.7071067811865482389, 1.000000000000000000),
 ( 1.000000000000000000, 0.7071371324599404762, 1.000000000000000000),
 ( 1.000000000000000000, 0.7064229649571934777, 1.000000000000000000),
 ( 1.000000000000000000, 0.7043323517324507899, 1.000000000000000000),
 ( 1.000000000000000000, 0.7034654254935105433, 1.000000000000000000),
 ( 1.000000000000000000, 0.7014059544640943722, 1.000000000000000000),
 ( 1.000000000000000000, 0.7002087441876435614, 1.000000000000000000),
 ( 1.000000000000000000, 0.6962500109213414223, 1.000000000000000000),
 ( 1.000000000000000000, 0.6931021698196738745, 1.000000000000000000),
 ( 1.000000000000000000, 0.6878670835350206847, 1.000000000000000000),
 ( 1.000000000000000000, 0.6860277999405943739, 1.000000000000000000),
 ( 1.000000000000000000, 0.6822638218280872024, 1.000000000000000000),
 ( 1.000000000000000000, 0.6803507594756059706, 1.000000000000000000),
 ( 1.000000000000000000, 0.6746004848609595816, 1.000000000000000000),
 ( 1.000000000000000000, 0.6707502914881284806, 1.000000000000000000),
 ( 1.000000000000000000, 0.6652899471790785224, 1.000000000000000000),
 ( 1.000000000000000000, 0.6635304087805384832, 1.000000000000000000),
 ( 1.000000000000000000, 0.6602477954168384233, 1.000000000000000000),
 ( 1.000000000000000000, 0.6587150554886516129, 1.000000000000000000),
 ( 1.000000000000000000, 0.6559126562591863774, 1.000000000000000000),
 ( 1.000000000000000000, 0.6546429485113385294, 1.000000000000000000),
 ( 1.000000000000000000, 0.6524129682939963093, 1.000000000000000000),
 ( 1.000000000000000000, 0.6514487955054711898, 1.000000000000000000),
 ( 1.000000000000000000, 0.6491275095735966616, 1.000000000000000000),
 ( 1.000000000000000000, 0.6483350184928903248, 1.000000000000000000),
 ( 1.000000000000000000, 0.6483355635499226111, 1.000000000000000000) ) ) 
 REPRESENTATION_ITEM ( '' )  SURFACE ( )  );
#4733 = FACE_OUTER_BOUND ( 'NONE', #3039, .T. ) ;
#4734 = CIRCLE ( 'NONE', #122, 1.199999999999999734 ) ;
#4735 = CARTESIAN_POINT ( 'NONE',  ( 42.02155279031313029, -1.934235304825849822, -7.608247629864925976 ) ) ;
#4736 = EDGE_LOOP ( 'NONE', ( #5612, #576 ) ) ;
#4737 = ORIENTED_EDGE ( 'NONE', *, *, #4935, .T. ) ;
#4738 = AXIS2_PLACEMENT_3D ( 'NONE', #164, #4700, #1585 ) ;
#4739 = FACE_BOUND ( 'NONE', #5271, .T. ) ;
#4740 = DIRECTION ( 'NONE',  ( 1.000000000000000000, -0.000000000000000000, -0.000000000000000000 ) ) ;
#4741 = AXIS2_PLACEMENT_3D ( 'NONE', #1849, #4022, #2354 ) ;
#4742 = DIRECTION ( 'NONE',  ( 1.000000000000000000, 0.000000000000000000, 0.000000000000000000 ) ) ;
#4743 = VECTOR ( 'NONE', #5798, 1000.000000000000000 ) ;
#4744 = CARTESIAN_POINT ( 'NONE',  ( -35.13440642122230884, 25.65055762081824042, 7.599999999999998757 ) ) ;
#4745 = CIRCLE ( 'NONE', #4274, 3.900000000000000799 ) ;
#4746 = VERTEX_POINT ( 'NONE', #603 ) ;
#4747 = DIRECTION ( 'NONE',  ( 0.000000000000000000, 0.000000000000000000, -1.000000000000000000 ) ) ;
#4748 = CYLINDRICAL_SURFACE ( 'NONE', #4086, 1.550000000000002709 ) ;
#4749 = ADVANCED_FACE ( 'NONE', ( #3292 ), #4606, .T. ) ;
#4750 = CIRCLE ( 'NONE', #3722, 1.100000000000000311 ) ;
#4751 = DIRECTION ( 'NONE',  ( -0.000000000000000000, -0.000000000000000000, -1.000000000000000000 ) ) ;
#4752 = CARTESIAN_POINT ( 'NONE',  ( 0.5008008103118978260, 50.19758939122404229, -55.08037208283695207 ) ) ;
#4753 = ORIENTED_EDGE ( 'NONE', *, *, #3629, .F. ) ;
#4754 = CARTESIAN_POINT ( 'NONE',  ( 24.33885156109948866, 24.76794995666649513, 5.977897346538543211 ) ) ;
#4755 = CARTESIAN_POINT ( 'NONE',  ( 2.740345419935565463, -53.73021804180922345, -52.25631717677579502 ) ) ;
#4756 = DIRECTION ( 'NONE',  ( -0.000000000000000000, -0.000000000000000000, 1.000000000000000000 ) ) ;
#4757 = LINE ( 'NONE', #3497, #799 ) ;
#4758 = CARTESIAN_POINT ( 'NONE',  ( 24.30893942692394205, 22.60075690628892175, 3.785243653077841053 ) ) ;
#4759 = ORIENTED_EDGE ( 'NONE', *, *, #3973, .F. ) ;
#4760 = LINE ( 'NONE', #2559, #2345 ) ;
#4761 = PLANE ( 'NONE',  #3525 ) ;
#4762 = CARTESIAN_POINT ( 'NONE',  ( 53.71894698606810437, -2.952330679265664060, -52.81878284113338395 ) ) ;
#4763 = DIRECTION ( 'NONE',  ( 1.000000000000000000, 0.000000000000000000, 0.000000000000000000 ) ) ;
#4764 = ADVANCED_FACE ( 'NONE', ( #5569 ), #4167, .F. ) ;
#4765 = ORIENTED_EDGE ( 'NONE', *, *, #850, .T. ) ;
#4766 = ORIENTED_EDGE ( 'NONE', *, *, #1996, .T. ) ;
#4767 = CARTESIAN_POINT ( 'NONE',  ( 25.19088756443951382, 25.85239644698270922, 6.000000000000000000 ) ) ;
#4768 = CARTESIAN_POINT ( 'NONE',  ( 41.39999999999999858, 22.18000000000000327, 1.435000000000000053 ) ) ;
#4769 = DIRECTION ( 'NONE',  ( -1.000000000000000000, 0.000000000000000000, 0.000000000000000000 ) ) ;
#4770 = CIRCLE ( 'NONE', #4579, 3.050000000000000266 ) ;
#4771 = PLANE ( 'NONE',  #1939 ) ;
#4772 = EDGE_LOOP ( 'NONE', ( #5530, #5502, #2456, #1979 ) ) ;
#4773 = ORIENTED_EDGE ( 'NONE', *, *, #5786, .T. ) ;
#4774 = VECTOR ( 'NONE', #1402, 1000.000000000000000 ) ;
#4775 = AXIS2_PLACEMENT_3D ( 'NONE', #4768, #4740, #2514 ) ;
#4776 = LINE ( 'NONE', #2981, #2808 ) ;
#4777 = CARTESIAN_POINT ( 'NONE',  ( 3.050000000000184563, 53.71347596274140557, -53.61000000000003496 ) ) ;
#4778 = CARTESIAN_POINT ( 'NONE',  ( 50.20000000000000284, 0.000000000000000000, -61.11000000000002785 ) ) ;
#4779 = CARTESIAN_POINT ( 'NONE',  ( -52.70000000000000284, -8.933547375302734704E-16, -53.61000000000003496 ) ) ;
#4780 = VERTEX_POINT ( 'NONE', #1056 ) ;
#4781 = DIRECTION ( 'NONE',  ( -0.000000000000000000, 0.000000000000000000, 1.000000000000000000 ) ) ;
#4782 = CARTESIAN_POINT ( 'NONE',  ( 24.92539656901921674, 22.74903034551388004, 3.437730372481706986 ) ) ;
#4783 = DIRECTION ( 'NONE',  ( -1.000000000000000000, 0.000000000000000000, 0.000000000000000000 ) ) ;
#4784 = FACE_OUTER_BOUND ( 'NONE', #5565, .T. ) ;
#4785 = CYLINDRICAL_SURFACE ( 'NONE', #2756, 1.199999999999999734 ) ;
#4786 = ORIENTED_EDGE ( 'NONE', *, *, #1162, .T. ) ;
#4787 = ORIENTED_EDGE ( 'NONE', *, *, #2864, .F. ) ;
#4788 = CARTESIAN_POINT ( 'NONE',  ( 43.86868442654976974, 27.77393049254538937, -13.69968516411918991 ) ) ;
#4789 = CARTESIAN_POINT ( 'NONE',  ( -3.049999999999810196, 53.71347596274143399, -53.81156407201673630 ) ) ;
#4790 = CARTESIAN_POINT ( 'NONE',  ( 35.86999999999999744, -18.00000000000000355, 6.000000000000000000 ) ) ;
#4791 = EDGE_CURVE ( 'NONE', #1625, #1754, #5117, .T. ) ;
#4792 = VERTEX_POINT ( 'NONE', #5111 ) ;
#4793 = EDGE_LOOP ( 'NONE', ( #1908, #1516, #5325, #4799 ) ) ;
#4794 = CARTESIAN_POINT ( 'NONE',  ( 50.19117619712774570, 0.9449507259689670091, -54.84281397232418698 ) ) ;
#4795 = DIRECTION ( 'NONE',  ( -0.000000000000000000, -0.000000000000000000, 1.000000000000000000 ) ) ;
#4796 = B_SPLINE_CURVE_WITH_KNOTS ( 'NONE', 3,
 ( #3171, #4964, #5454, #944, #4170, #4578, #134, #1945, #1438, #3231, #2724, #910, #4081, #1408, #1379, #5025, #1853, #1004, #3732, #3641, #544, #101, #5517, #3264, #2697, #455, #4142, #1910, #3699 ),
 .UNSPECIFIED., .F., .F.,
 ( 4, 1, 2, 2, 1, 1, 2, 2, 2, 2, 1, 2, 2, 1, 2, 2, 4 ),
 ( 0.000000000000000000, 0.06250000000003984313, 0.09375000000004977962, 0.1250000000000597300, 0.1875000000000799638, 0.2187500000000843769, 0.2343750000000811573, 0.2500000000000779377, 0.3750000000000891509, 0.4375000000000900946, 0.4687500000000908718, 0.4843750000000915934, 0.5000000000000922595, 0.6250000000000843769, 0.6875000000000728306, 0.7500000000000611733, 1.000000000000000000 ),
 .UNSPECIFIED. ) ;
#4797 = ADVANCED_FACE ( 'NONE', ( #1942 ), #4200, .F. ) ;
#4798 = DIRECTION ( 'NONE',  ( 1.000000000000000000, 2.891205793294679017E-15, 0.000000000000000000 ) ) ;
#4799 = ORIENTED_EDGE ( 'NONE', *, *, #1415, .F. ) ;
#4800 = LINE ( 'NONE', #3953, #5491 ) ;
#4801 = VERTEX_POINT ( 'NONE', #2445 ) ;
#4802 = ORIENTED_EDGE ( 'NONE', *, *, #2615, .F. ) ;
#4803 = CARTESIAN_POINT ( 'NONE',  ( 0.000000000000000000, 0.000000000000000000, 6.000000000000000000 ) ) ;
#4804 = CARTESIAN_POINT ( 'NONE',  ( -2.740345419935941162, 53.73021804180920213, -52.25631717677578791 ) ) ;
#4805 = TOROIDAL_SURFACE ( 'NONE', #773, 6.899999999999999467, 3.000000000000000000 ) ;
#4806 = CARTESIAN_POINT ( 'NONE',  ( 50.20000000000000284, 8.933547375302734704E-16, -55.16000000000003212 ) ) ;
#4807 = FACE_BOUND ( 'NONE', #3090, .T. ) ;
#4808 = ORIENTED_EDGE ( 'NONE', *, *, #3253, .T. ) ;
#4809 = DIRECTION ( 'NONE',  ( 1.000000000000000000, 0.000000000000000000, 0.000000000000000000 ) ) ;
#4810 = VECTOR ( 'NONE', #3649, 1000.000000000000000 ) ;
#4811 = CARTESIAN_POINT ( 'NONE',  ( 24.44005727365478720, 22.57607091434356761, 3.000000000000000000 ) ) ;
#4812 = LINE ( 'NONE', #1290, #573 ) ;
#4813 = CARTESIAN_POINT ( 'NONE',  ( 53.79995308849061075, 0.07104700000741416555, -18.60000000000000497 ) ) ;
#4814 = CARTESIAN_POINT ( 'NONE',  ( 53.80100000000000193, -8.933547375302734704E-16, -53.61000000000003496 ) ) ;
#4815 = ORIENTED_EDGE ( 'NONE', *, *, #553, .T. ) ;
#4816 = CARTESIAN_POINT ( 'NONE',  ( 42.52506892004296191, 31.40401014389161105, -11.59737854441418747 ) ) ;
#4817 = FACE_OUTER_BOUND ( 'NONE', #3724, .T. ) ;
#4818 = CARTESIAN_POINT ( 'NONE',  ( 53.79134890227037857, -0.9823191167165875592, -50.71559861775354960 ) ) ;
#4819 = DIRECTION ( 'NONE',  ( -0.000000000000000000, -0.000000000000000000, -1.000000000000000000 ) ) ;
#4820 = ORIENTED_EDGE ( 'NONE', *, *, #2773, .F. ) ;
#4821 = ORIENTED_EDGE ( 'NONE', *, *, #3371, .T. ) ;
#4822 = DIRECTION ( 'NONE',  ( 0.000000000000000000, 0.000000000000000000, -1.000000000000000000 ) ) ;
#4823 = DIRECTION ( 'NONE',  ( 3.491481338843133355E-15, 1.000000000000000000, -0.000000000000000000 ) ) ;
#4824 = AXIS2_PLACEMENT_3D ( 'NONE', #438, #4064, #4531 ) ;
#4825 = DIRECTION ( 'NONE',  ( -1.000000000000000000, 0.000000000000000000, 0.000000000000000000 ) ) ;
#4826 = ORIENTED_EDGE ( 'NONE', *, *, #4501, .T. ) ;
#4827 = CARTESIAN_POINT ( 'NONE',  ( 0.000000000000000000, 0.000000000000000000, 6.000000000000000000 ) ) ;
#4828 = EDGE_LOOP ( 'NONE', ( #2281, #5557, #4127, #1866 ) ) ;
#4829 = VECTOR ( 'NONE', #616, 1000.000000000000000 ) ;
#4830 = ORIENTED_EDGE ( 'NONE', *, *, #4791, .F. ) ;
#4831 = CIRCLE ( 'NONE', #3897, 6.899999999999999467 ) ;
#4832 = CARTESIAN_POINT ( 'NONE',  ( -53.74544851141202173, 2.424680603660448686, -55.47096492744052654 ) ) ;
#4833 = CARTESIAN_POINT ( 'NONE',  ( 2.952696142444581895, 53.71892693970371369, -52.81989564692590733 ) ) ;
#4834 = ADVANCED_FACE ( 'NONE', ( #1114 ), #2071, .F. ) ;
#4835 = CIRCLE ( 'NONE', #3426, 0.8000000000000020428 ) ;
#4836 = VECTOR ( 'NONE', #4509, 1000.000000000000000 ) ;
#4837 = DIRECTION ( 'NONE',  ( -0.000000000000000000, -0.000000000000000000, 1.000000000000000000 ) ) ;
#4838 = CARTESIAN_POINT ( 'NONE',  ( -52.70000000000000284, -5.198374637903308544E-16, -56.66000000000003212 ) ) ;
#4839 = ORIENTED_EDGE ( 'NONE', *, *, #1996, .F. ) ;
#4840 = CARTESIAN_POINT ( 'NONE',  ( 24.52243109672206955, 24.13028515162039156, 5.681070808006363215 ) ) ;
#4841 = CARTESIAN_POINT ( 'NONE',  ( 24.34213163913139866, 22.53008108944127130, 3.392769884273849179 ) ) ;
#4842 = PLANE ( 'NONE',  #3217 ) ;
#4843 = CARTESIAN_POINT ( 'NONE',  ( 52.70000000000000284, 8.933547375302734704E-16, -53.61000000000003496 ) ) ;
#4844 = CARTESIAN_POINT ( 'NONE',  ( 53.42567924446890970, -6.348205041648401270, -15.98149510035174892 ) ) ;
#4845 = ADVANCED_FACE ( 'NONE', ( #4324 ), #1542, .F. ) ;
#4846 = EDGE_LOOP ( 'NONE', ( #4564, #3057, #964, #3797 ) ) ;
#4847 = EDGE_LOOP ( 'NONE', ( #2303, #397, #106, #724 ) ) ;
#4848 = CARTESIAN_POINT ( 'NONE',  ( 30.07000000000000028, -18.00000000000000355, 6.000000000000000000 ) ) ;
#4849 = ADVANCED_FACE ( 'NONE', ( #2939 ), #2491, .F. ) ;
#4850 = CARTESIAN_POINT ( 'NONE',  ( 41.39999999999999858, 15.74000000000000021, -0.6149999999999996581 ) ) ;
#4851 = CYLINDRICAL_SURFACE ( 'NONE', #1751, 53.79999999999999716 ) ;
#4852 = AXIS2_PLACEMENT_3D ( 'NONE', #3850, #175, #1953 ) ;
#4853 = VERTEX_POINT ( 'NONE', #1188 ) ;
#4854 = DIRECTION ( 'NONE',  ( 1.000000000000000000, 0.000000000000000000, 0.000000000000000000 ) ) ;
#4855 = DIRECTION ( 'NONE',  ( -0.000000000000000000, -1.000000000000000000, -0.000000000000000000 ) ) ;
#4856 = CARTESIAN_POINT ( 'NONE',  ( -1.550000000000552269, -52.69999999999998153, -53.61000000000003496 ) ) ;
#4857 = VERTEX_POINT ( 'NONE', #2096 ) ;
#4858 = EDGE_CURVE ( 'NONE', #3096, #2224, #681, .T. ) ;
#4859 = DIRECTION ( 'NONE',  ( -0.000000000000000000, -0.000000000000000000, 1.000000000000000000 ) ) ;
#4860 = ORIENTED_EDGE ( 'NONE', *, *, #4916, .T. ) ;
#4861 = ORIENTED_EDGE ( 'NONE', *, *, #2643, .T. ) ;
#4862 = FACE_BOUND ( 'NONE', #1243, .T. ) ;
#4863 = CARTESIAN_POINT ( 'NONE',  ( 29.89999999999999858, 19.00000000000000000, 3.000000000000000000 ) ) ;
#4864 = PLANE ( 'NONE',  #1746 ) ;
#4865 = ADVANCED_FACE ( 'NONE', ( #232, #4739 ), #5156, .F. ) ;
#4866 = CLOSED_SHELL ( 'NONE', ( #2368, #3399, #533, #2787, #4849, #5134, #2108, #4605, #5029, #3448, #4797, #3905, #1856, #1675, #1668, #75, #5800, #2506, #782, #1134, #2992, #4845, #4012, #719, #4153, #489, #4469, #2595, #253, #5549, #2042, #1860, #132, #3455, #5058, #1138, #5470, #3003, #3147, #5514, #3933, #885, #193, #4834, #4749, #703, #4055, #3194, #120, #1226, #4649, #3652, #4711, #3855, #2575, #2269, #2500, #5396, #2850, #1247, #5230, #665, #4320, #4260, #5652, #1606, #5368, #675, #4865, #720, #4661, #2960, #4386, #2394, #310, #3987, #4982, #3615, #4764, #336, #517, #3999, #4724, #812, #3041, #2342, #2086, #5460, #3830, #3575, #1982, #3123, #224, #1342, #3062, #3824, #1455, #4484, #1494, #4621, #4332, #4120, #4259, #3881, #4673, #5602, #1293, #3462, #5196, #4284, #3331, #4439, #2259, #471, #2540, #4693, #1190, #44, #3017, #3289, #1140, #822, #3354, #5224, #1935, #933, #1387, #5638, #3858, #4453, #2101, #3762, #246, #1050, #4619, #840, #261, #2217, #3942, #2703, #2296, #5526, #689, #3534, #951, #4111, #3871, #5050, #305, #3257, #1971, #4438, #191, #4083, #2220, #1468, #5329, #1700, #4195, #4670, #1897 ) ) ;
#4867 = EDGE_LOOP ( 'NONE', ( #3002, #3766, #4346, #5466 ) ) ;
#4868 = CARTESIAN_POINT ( 'NONE',  ( 25.16186316340898799, 25.61822323403498913, 5.999999999999999112 ) ) ;
#4869 = UNCERTAINTY_MEASURE_WITH_UNIT (LENGTH_MEASURE( 1.000000000000000082E-05 ), #2772, 'distance_accuracy_value', 'NONE');
#4870 = DIRECTION ( 'NONE',  ( 0.000000000000000000, 0.000000000000000000, 1.000000000000000000 ) ) ;
#4871 = VECTOR ( 'NONE', #377, 1000.000000000000000 ) ;
#4872 = EDGE_CURVE ( 'NONE', #2423, #3307, #4356, .T. ) ;
#4873 = EDGE_CURVE ( 'NONE', #264, #2641, #2022, .T. ) ;
#4874 = FACE_BOUND ( 'NONE', #1844, .T. ) ;
#4875 = CARTESIAN_POINT ( 'NONE',  ( 51.82064881415298885, 4.054602515372264009E-14, -42.16000000000002501 ) ) ;
#4876 = ORIENTED_EDGE ( 'NONE', *, *, #1350, .T. ) ;
#4877 = CARTESIAN_POINT ( 'NONE',  ( 42.39999999999999147, 33.14736833009348516, -10.60000000000000142 ) ) ;
#4878 = DIRECTION ( 'NONE',  ( -1.000000000000000000, 0.000000000000000000, 0.000000000000000000 ) ) ;
#4879 = CARTESIAN_POINT ( 'NONE',  ( 53.73013865281455992, -2.741906941019454980, -52.25930227444762011 ) ) ;
#4880 = DIRECTION ( 'NONE',  ( 0.000000000000000000, 0.000000000000000000, 1.000000000000000000 ) ) ;
#4881 = ORIENTED_EDGE ( 'NONE', *, *, #3829, .F. ) ;
#4882 = LINE ( 'NONE', #5791, #3239 ) ;
#4883 = FACE_OUTER_BOUND ( 'NONE', #4117, .T. ) ;
#4884 = CARTESIAN_POINT ( 'NONE',  ( -9.099999999999999645, 0.000000000000000000, 6.000000000000000000 ) ) ;
#4885 = ORIENTED_EDGE ( 'NONE', *, *, #1444, .T. ) ;
#4886 = EDGE_CURVE ( 'NONE', #3038, #5458, #4993, .T. ) ;
#4887 = DIRECTION ( 'NONE',  ( 1.000000000000000000, -0.000000000000000000, -0.000000000000000000 ) ) ;
#4888 = VERTEX_POINT ( 'NONE', #888 ) ;
#4889 = DIRECTION ( 'NONE',  ( -1.000000000000000000, 0.000000000000000000, 0.000000000000000000 ) ) ;
#4890 = CARTESIAN_POINT ( 'NONE',  ( 26.00000000000000000, 19.00000000000000000, 0.000000000000000000 ) ) ;
#4891 = FACE_BOUND ( 'NONE', #4624, .T. ) ;
#4892 = EDGE_LOOP ( 'NONE', ( #3326, #5128, #1619, #2776 ) ) ;
#4893 = DIRECTION ( 'NONE',  ( 0.000000000000000000, 0.000000000000000000, 1.000000000000000000 ) ) ;
#4894 = CARTESIAN_POINT ( 'NONE',  ( 23.52555059172012264, 24.55180668528477028, 5.889239745387145675 ) ) ;
#4895 = EDGE_CURVE ( 'NONE', #4206, #5707, #4909, .T. ) ;
#4896 = VECTOR ( 'NONE', #5294, 1000.000000000000000 ) ;
#4897 = AXIS2_PLACEMENT_3D ( 'NONE', #2554, #4338, #788 ) ;
#4898 = CARTESIAN_POINT ( 'NONE',  ( -1.500242854833006900, -50.17758129057037308, -53.20747517555506789 ) ) ;
#4899 = CARTESIAN_POINT ( 'NONE',  ( -1.549999999999826628, 50.17606501111860950, -53.50758134667153598 ) ) ;
#4900 = FACE_OUTER_BOUND ( 'NONE', #4828, .T. ) ;
#4901 = ORIENTED_EDGE ( 'NONE', *, *, #3043, .T. ) ;
#4902 = CARTESIAN_POINT ( 'NONE',  ( 47.59390087408186787, 25.10005420074909566, -18.25786206308349691 ) ) ;
#4903 = EDGE_CURVE ( 'NONE', #2937, #738, #1776, .T. ) ;
#4904 = DIRECTION ( 'NONE',  ( 1.000000000000000000, 0.000000000000000000, 0.000000000000000000 ) ) ;
#4905 = EDGE_CURVE ( 'NONE', #1596, #3966, #2650, .T. ) ;
#4906 = CARTESIAN_POINT ( 'NONE',  ( 32.89999999999999858, 19.00000000000000000, 6.000000000000000000 ) ) ;
#4907 = LINE ( 'NONE', #1884, #4915 ) ;
#4908 = ORIENTED_EDGE ( 'NONE', *, *, #4138, .T. ) ;
#4909 = LINE ( 'NONE', #5349, #2951 ) ;
#4910 = CARTESIAN_POINT ( 'NONE',  ( -53.79999999999999716, 0.000000000000000000, 8.400000000000000355 ) ) ;
#4911 = DIRECTION ( 'NONE',  ( 0.000000000000000000, 0.000000000000000000, -1.000000000000000000 ) ) ;
#4912 = ORIENTED_EDGE ( 'NONE', *, *, #4695, .F. ) ;
#4913 = DIRECTION ( 'NONE',  ( -0.000000000000000000, -0.000000000000000000, 1.000000000000000000 ) ) ;
#4914 = ORIENTED_EDGE ( 'NONE', *, *, #2817, .T. ) ;
#4915 = VECTOR ( 'NONE', #1912, 1000.000000000000000 ) ;
#4916 = EDGE_CURVE ( 'NONE', #3345, #1306, #2582, .T. ) ;
#4917 = FACE_BOUND ( 'NONE', #2241, .T. ) ;
#4918 = VECTOR ( 'NONE', #4314, 1000.000000000000000 ) ;
#4919 = LINE ( 'NONE', #28, #2498 ) ;
#4920 = VECTOR ( 'NONE', #5064, 1000.000000000000000 ) ;
#4921 = CARTESIAN_POINT ( 'NONE',  ( 40.00000000000000000, 0.000000000000000000, -17.00000000000000000 ) ) ;
#4922 = ORIENTED_EDGE ( 'NONE', *, *, #3654, .T. ) ;
#4923 = AXIS2_PLACEMENT_3D ( 'NONE', #1679, #3875, #2092 ) ;
#4924 = DIRECTION ( 'NONE',  ( -1.047444401652940007E-14, -1.000000000000000000, 0.000000000000000000 ) ) ;
#4925 = CARTESIAN_POINT ( 'NONE',  ( 23.27471037843072210, 24.80292958320998764, 5.961326796722412169 ) ) ;
#4926 = AXIS2_PLACEMENT_3D ( 'NONE', #1349, #3911, #2206 ) ;
#4927 = AXIS2_PLACEMENT_3D ( 'NONE', #3304, #228, #5126 ) ;
#4928 = CIRCLE ( 'NONE', #2307, 51.79999999999999716 ) ;
#4929 = CARTESIAN_POINT ( 'NONE',  ( -0.4986801122178819434, -50.19761074715793114, -52.13890162617652635 ) ) ;
#4930 = CARTESIAN_POINT ( 'NONE',  ( 1.354237774642193415, 50.18179050632223692, -52.82904861121806306 ) ) ;
#4931 = CARTESIAN_POINT ( 'NONE',  ( -50.18490636176644415, -1.232213387322699916, -54.55574113488700760 ) ) ;
#4932 = PRODUCT_DEFINITION_FORMATION_WITH_SPECIFIED_SOURCE ( 'ANY', '', #1697, .NOT_KNOWN. ) ;
#4933 = ORIENTED_EDGE ( 'NONE', *, *, #5400, .T. ) ;
#4934 = CARTESIAN_POINT ( 'NONE',  ( 43.21696533658167283, 29.62152841919232671, -13.02734197880797495 ) ) ;
#4935 = EDGE_CURVE ( 'NONE', #894, #2188, #1743, .T. ) ;
#4936 = CARTESIAN_POINT ( 'NONE',  ( 43.35319428797277652, 31.86023305279753970, -15.57785946242077380 ) ) ;
#4937 = CARTESIAN_POINT ( 'NONE',  ( 26.00000000000000000, 19.00000000000000000, 3.000000000000000000 ) ) ;
#4938 = CARTESIAN_POINT ( 'NONE',  ( 24.64909936138043989, 22.65860367970073241, 3.049700431736035000 ) ) ;
#4939 = ORIENTED_EDGE ( 'NONE', *, *, #4510, .T. ) ;
#4940 = ORIENTED_EDGE ( 'NONE', *, *, #5764, .F. ) ;
#4941 = CARTESIAN_POINT ( 'NONE',  ( 50.19427667983217134, 0.7809514063794118499, -52.25576223433797907 ) ) ;
#4942 = CARTESIAN_POINT ( 'NONE',  ( -4.599999999999996980, -9.848053665376140131, -10.86772065218060312 ) ) ;
#4943 = DIRECTION ( 'NONE',  ( 1.000000000000000000, -0.000000000000000000, -0.000000000000000000 ) ) ;
#4944 = CARTESIAN_POINT ( 'NONE',  ( 53.67060245030151577, -3.765796451173364812, -17.78758140729172155 ) ) ;
#4945 = EDGE_CURVE ( 'NONE', #41, #3009, #5265, .T. ) ;
#4946 = DIRECTION ( 'NONE',  ( 0.000000000000000000, 1.000000000000000000, 0.000000000000000000 ) ) ;
#4947 = ORIENTED_EDGE ( 'NONE', *, *, #1759, .F. ) ;
#4948 = ORIENTED_EDGE ( 'NONE', *, *, #5420, .T. ) ;
#4949 = CARTESIAN_POINT ( 'NONE',  ( -5.511098449335691096E-13, -52.70000000000000284, -53.61000000000003496 ) ) ;
#4950 = DIRECTION ( 'NONE',  ( 0.000000000000000000, 0.000000000000000000, 1.000000000000000000 ) ) ;
#4951 =( NAMED_UNIT ( * ) PLANE_ANGLE_UNIT ( ) SI_UNIT ( $, .RADIAN. ) );
#4952 = CARTESIAN_POINT ( 'NONE',  ( 42.39999999999999858, 7.065764695174149068, -8.595000000000000639 ) ) ;
#4953 = ORIENTED_EDGE ( 'NONE', *, *, #3605, .F. ) ;
#4954 = AXIS2_PLACEMENT_3D ( 'NONE', #2129, #5704, #1155 ) ;
#4955 = CARTESIAN_POINT ( 'NONE',  ( 24.85137510808110761, 22.99667358958177843, 4.374581527355314137 ) ) ;
#4956 = CARTESIAN_POINT ( 'NONE',  ( 24.63147821564690787, 23.75276871573288417, 5.396081745037045074 ) ) ;
#4957 = CARTESIAN_POINT ( 'NONE',  ( 0.000000000000000000, 0.000000000000000000, -17.00000000000001421 ) ) ;
#4958 = CIRCLE ( 'NONE', #2438, 8.500000000000000000 ) ;
#4959 = VECTOR ( 'NONE', #3482, 1000.000000000000000 ) ;
#4960 = CARTESIAN_POINT ( 'NONE',  ( 0.000000000000000000, 0.000000000000000000, -219.2793793113450533 ) ) ;
#4961 = DIRECTION ( 'NONE',  ( 0.000000000000000000, 0.000000000000000000, -1.000000000000000000 ) ) ;
#4962 = ORIENTED_EDGE ( 'NONE', *, *, #5304, .F. ) ;
#4963 = LINE ( 'NONE', #943, #4020 ) ;
#4964 = CARTESIAN_POINT ( 'NONE',  ( 24.93858478838690118, 22.75280677417441666, 3.114275798810223428 ) ) ;
#4965 = AXIS2_PLACEMENT_3D ( 'NONE', #4691, #1937, #5566 ) ;
#4966 = CARTESIAN_POINT ( 'NONE',  ( 3.050000000000184563, 53.71347596274140557, -53.61000000000003496 ) ) ;
#4967 = DIRECTION ( 'NONE',  ( -0.000000000000000000, -0.000000000000000000, 1.000000000000000000 ) ) ;
#4968 = CIRCLE ( 'NONE', #5429, 4.000000000000000000 ) ;
#4969 = CIRCLE ( 'NONE', #4030, 1.000000000000000888 ) ;
#4970 = ORIENTED_EDGE ( 'NONE', *, *, #1852, .T. ) ;
#4971 = EDGE_LOOP ( 'NONE', ( #3276, #5726 ) ) ;
#4972 = CARTESIAN_POINT ( 'NONE',  ( 53.75104871962876274, 2.298818783715964820, -55.62433286260880294 ) ) ;
#4973 = DIRECTION ( 'NONE',  ( -1.047444401652940007E-14, -1.000000000000000000, -0.000000000000000000 ) ) ;
#4974 = EDGE_CURVE ( 'NONE', #5711, #5394, #4450, .T. ) ;
#4975 = DIRECTION ( 'NONE',  ( -0.000000000000000000, 0.000000000000000000, -1.000000000000000000 ) ) ;
#4976 = CARTESIAN_POINT ( 'NONE',  ( 49.79290358521274840, -0.4593340750105718295, -14.57396511033823927 ) ) ;
#4977 = CARTESIAN_POINT ( 'NONE',  ( 40.00000000000000000, -1.934235304825850710, -1.594999999999999973 ) ) ;
#4978 = EDGE_LOOP ( 'NONE', ( #4940, #5088, #770, #5796 ) ) ;
#4979 = EDGE_LOOP ( 'NONE', ( #3212, #1683, #3439, #4187 ) ) ;
#4980 = CARTESIAN_POINT ( 'NONE',  ( 24.48339487980621954, 24.26567658197288679, 5.761542928762761306 ) ) ;
#4981 = DIRECTION ( 'NONE',  ( -1.000000000000000000, 0.000000000000000000, 0.000000000000000000 ) ) ;
#4982 = ADVANCED_FACE ( 'NONE', ( #4471 ), #2243, .F. ) ;
#4983 = CARTESIAN_POINT ( 'NONE',  ( 29.53484186109216836, 24.92578205953192949, 6.000000000000000000 ) ) ;
#4984 = DIRECTION ( 'NONE',  ( 0.000000000000000000, 0.000000000000000000, 1.000000000000000000 ) ) ;
#4985 = EDGE_CURVE ( 'NONE', #1532, #1057, #144, .T. ) ;
#4986 = CARTESIAN_POINT ( 'NONE',  ( 30.20000000000000284, 26.00000000000000000, 8.400000000000000355 ) ) ;
#4987 = VERTEX_POINT ( 'NONE', #1327 ) ;
#4988 = CARTESIAN_POINT ( 'NONE',  ( 41.91952776562786198, -1.934235304825850488, -1.594999999999999973 ) ) ;
#4989 = DIRECTION ( 'NONE',  ( 1.000000000000000000, 0.000000000000000000, 0.000000000000000000 ) ) ;
#4990 = CARTESIAN_POINT ( 'NONE',  ( -35.00000000000000000, 24.00000000000000000, 3.000000000000000000 ) ) ;
#4991 = CARTESIAN_POINT ( 'NONE',  ( 51.79513779829798636, -0.7210767500758542559, -37.22474054685422118 ) ) ;
#4992 = VERTEX_POINT ( 'NONE', #4032 ) ;
#4993 = B_SPLINE_CURVE_WITH_KNOTS ( 'NONE', 3,
 ( #771, #4349, #5639, #284, #3882, #4297, #2913, #4794, #256, #1655, #2566, #5670, #2069, #3337, #3853, #4709, #3446, #1621, #2974, #5237, #319, #2128, #4941, #916, #1245, #2625, #5373, #5761 ),
 .UNSPECIFIED., .F., .F.,
 ( 4, 2, 2, 2, 2, 2, 2, 2, 2, 2, 2, 2, 2, 4 ),
 ( 0.000000000000000000, 0.0003028935116742833352, 0.0006057870233485666703, 0.0009086805350228499513, 0.001211574046697133341, 0.001817361070045684941, 0.002423148093394236324, 0.002726041605068512015, 0.003028935116742787707, 0.003331828628417064266, 0.003634722140091339523, 0.004240509163439905652, 0.004543402675114188716, 0.004846296186788470912 ),
 .UNSPECIFIED. ) ;
#4994 = CARTESIAN_POINT ( 'NONE',  ( 43.41294165398309701, 29.08433444067909335, -13.26480415567388249 ) ) ;
#4995 = CIRCLE ( 'NONE', #5553, 3.900000000000000799 ) ;
#4996 = PLANE ( 'NONE',  #2672 ) ;
#4997 = DIRECTION ( 'NONE',  ( 0.000000000000000000, 0.000000000000000000, 1.000000000000000000 ) ) ;
#4998 = CARTESIAN_POINT ( 'NONE',  ( 24.54560944961674451, 22.61883025643671274, 3.022859537098649518 ) ) ;
#4999 = AXIS2_PLACEMENT_3D ( 'NONE', #3067, #323, #4798 ) ;
#5000 = VERTEX_POINT ( 'NONE', #4382 ) ;
#5001 = EDGE_LOOP ( 'NONE', ( #4680, #4922 ) ) ;
#5002 = CARTESIAN_POINT ( 'NONE',  ( 0.000000000000000000, 0.000000000000000000, -42.96000000000002927 ) ) ;
#5003 = EDGE_CURVE ( 'NONE', #3077, #1153, #501, .T. ) ;
#5004 = CARTESIAN_POINT ( 'NONE',  ( 0.1987155847280733523, -53.80000928927500325, -50.55983614322544639 ) ) ;
#5005 = CARTESIAN_POINT ( 'NONE',  ( 0.000000000000000000, 0.000000000000000000, -32.11000000000002785 ) ) ;
#5006 = CARTESIAN_POINT ( 'NONE',  ( 53.79547873824532189, -2.190821437098455782, -13.92699552772568516 ) ) ;
#5007 = CARTESIAN_POINT ( 'NONE',  ( 42.73688471952691970, -1.989117866292209325, -7.988829112522634723 ) ) ;
#5008 = ORIENTED_EDGE ( 'NONE', *, *, #236, .F. ) ;
#5009 = ORIENTED_EDGE ( 'NONE', *, *, #5020, .T. ) ;
#5010 = CIRCLE ( 'NONE', #3967, 51.39999999999999858 ) ;
#5011 = CARTESIAN_POINT ( 'NONE',  ( 24.59687639731561148, 24.60258703208670283, 5.896042662469428208 ) ) ;
#5012 = FACE_OUTER_BOUND ( 'NONE', #219, .T. ) ;
#5013 = DIRECTION ( 'NONE',  ( -0.000000000000000000, -0.000000000000000000, 1.000000000000000000 ) ) ;
#5014 = CYLINDRICAL_SURFACE ( 'NONE', #508, 51.39999999999999858 ) ;
#5015 = ORIENTED_EDGE ( 'NONE', *, *, #2211, .T. ) ;
#5016 = EDGE_CURVE ( 'NONE', #2937, #2266, #3508, .T. ) ;
#5017 = CARTESIAN_POINT ( 'NONE',  ( -50.19760067399147374, 0.4996976714051596935, -52.13924300738282369 ) ) ;
#5018 = DIRECTION ( 'NONE',  ( 0.000000000000000000, 0.000000000000000000, -1.000000000000000000 ) ) ;
#5019 = CARTESIAN_POINT ( 'NONE',  ( 0.9451004450932581902, 50.19117293919766354, -52.37732487042124774 ) ) ;
#5020 = EDGE_CURVE ( 'NONE', #4857, #1129, #5815, .T. ) ;
#5021 = CARTESIAN_POINT ( 'NONE',  ( 0.000000000000000000, 0.000000000000000000, -18.60000000000000497 ) ) ;
#5022 = ORIENTED_EDGE ( 'NONE', *, *, #3029, .T. ) ;
#5023 = DIRECTION ( 'NONE',  ( 1.000000000000000000, 0.000000000000000000, 0.000000000000000000 ) ) ;
#5024 = CIRCLE ( 'NONE', #5118, 3.049999999999997158 ) ;
#5025 = CARTESIAN_POINT ( 'NONE',  ( 25.18615616145462965, 22.81416102948026747, 3.058093470989415419 ) ) ;
#5026 = DIRECTION ( 'NONE',  ( -1.224646799147353207E-16, 1.000000000000000000, 0.000000000000000000 ) ) ;
#5027 = CIRCLE ( 'NONE', #895, 1.199999999999999734 ) ;
#5028 = CARTESIAN_POINT ( 'NONE',  ( 3.050000000000184563, 53.71347596274140557, -53.61000000000003496 ) ) ;
#5029 = ADVANCED_FACE ( 'NONE', ( #376 ), #3801, .T. ) ;
#5030 = AXIS2_PLACEMENT_3D ( 'NONE', #3723, #5564, #5507 ) ;
#5031 = ORIENTED_EDGE ( 'NONE', *, *, #4858, .F. ) ;
#5032 = ORIENTED_EDGE ( 'NONE', *, *, #2471, .T. ) ;
#5033 = CARTESIAN_POINT ( 'NONE',  ( 0.000000000000000000, 0.000000000000000000, -36.26000000000002643 ) ) ;
#5034 = DIRECTION ( 'NONE',  ( 0.000000000000000000, -1.000000000000000000, 0.000000000000000000 ) ) ;
#5035 = EDGE_LOOP ( 'NONE', ( #3047, #5599 ) ) ;
#5036 = DIRECTION ( 'NONE',  ( 0.000000000000000000, 0.000000000000000000, -1.000000000000000000 ) ) ;
#5037 = CARTESIAN_POINT ( 'NONE',  ( 53.80003665025075321, -0.5389793335942834052, -14.56598109553322651 ) ) ;
#5038 = CARTESIAN_POINT ( 'NONE',  ( -38.18440642122230599, 25.65055762081824042, 8.400000000000000355 ) ) ;
#5039 = ORIENTED_EDGE ( 'NONE', *, *, #5550, .T. ) ;
#5040 = ORIENTED_EDGE ( 'NONE', *, *, #3739, .T. ) ;
#5041 = CARTESIAN_POINT ( 'NONE',  ( 25.20306995234694725, 24.53047966862058615, 5.702806646389252165 ) ) ;
#5042 = CARTESIAN_POINT ( 'NONE',  ( -53.79999999999999716, 0.000000000000000000, -36.26000000000002643 ) ) ;
#5043 = DIRECTION ( 'NONE',  ( 1.000000000000000000, 0.000000000000000000, 0.000000000000000000 ) ) ;
#5044 = AXIS2_PLACEMENT_3D ( 'NONE', #5716, #4751, #3044 ) ;
#5045 = EDGE_CURVE ( 'NONE', #1569, #3684, #4882, .T. ) ;
#5046 = DIRECTION ( 'NONE',  ( -1.000000000000000000, 0.000000000000000000, 0.000000000000000000 ) ) ;
#5047 = CARTESIAN_POINT ( 'NONE',  ( 27.87729432118134199, 25.56850695867431256, 6.000000000000000000 ) ) ;
#5048 = ORIENTED_EDGE ( 'NONE', *, *, #2773, .T. ) ;
#5049 = CARTESIAN_POINT ( 'NONE',  ( -50.19118824625895314, 0.9516094337621237020, -54.85049002846582766 ) ) ;
#5050 = ADVANCED_FACE ( 'NONE', ( #3592, #3737 ), #1477, .T. ) ;
#5051 = CARTESIAN_POINT ( 'NONE',  ( -0.5008008103122477683, -50.19758939122405650, -55.08037208283695207 ) ) ;
#5052 = CARTESIAN_POINT ( 'NONE',  ( 32.86999999999999744, -18.00000000000000355, 0.000000000000000000 ) ) ;
#5053 = DIRECTION ( 'NONE',  ( 1.000000000000000000, 0.000000000000000000, -0.000000000000000000 ) ) ;
#5054 = ORIENTED_EDGE ( 'NONE', *, *, #1725, .T. ) ;
#5055 = LINE ( 'NONE', #2385, #2150 ) ;
#5056 = FACE_OUTER_BOUND ( 'NONE', #2176, .T. ) ;
#5057 = EDGE_CURVE ( 'NONE', #813, #4071, #2862, .T. ) ;
#5058 = ADVANCED_FACE ( 'NONE', ( #4587 ), #3237, .F. ) ;
#5059 = CARTESIAN_POINT ( 'NONE',  ( -0.9813700878722161347, -53.79136575284792343, -56.50471083157996333 ) ) ;
#5060 = DIRECTION ( 'NONE',  ( -0.000000000000000000, -0.000000000000000000, -1.000000000000000000 ) ) ;
#5061 = ORIENTED_EDGE ( 'NONE', *, *, #364, .F. ) ;
#5062 = AXIS2_PLACEMENT_3D ( 'NONE', #3403, #1610, #4809 ) ;
#5063 = ORIENTED_EDGE ( 'NONE', *, *, #2817, .F. ) ;
#5064 = DIRECTION ( 'NONE',  ( 0.000000000000000000, 1.000000000000000000, 0.000000000000000000 ) ) ;
#5065 = CARTESIAN_POINT ( 'NONE',  ( 22.80000000000000071, 26.00000000000000000, 8.400000000000000355 ) ) ;
#5066 = CYLINDRICAL_SURFACE ( 'NONE', #2410, 1.000000000000000000 ) ;
#5067 = CIRCLE ( 'NONE', #354, 51.39999999999999858 ) ;
#5068 = AXIS2_PLACEMENT_3D ( 'NONE', #1702, #2553, #4337 ) ;
#5069 = CARTESIAN_POINT ( 'NONE',  ( 53.79585789367834536, -1.945642534035747495, -14.07974006236809927 ) ) ;
#5070 = DIRECTION ( 'NONE',  ( -0.000000000000000000, -0.000000000000000000, -1.000000000000000000 ) ) ;
#5071 = EDGE_LOOP ( 'NONE', ( #623, #1252 ) ) ;
#5072 = VERTEX_POINT ( 'NONE', #3301 ) ;
#5073 = CARTESIAN_POINT ( 'NONE',  ( 25.35718514679174618, 23.45004730472427923, 4.837365010494993456 ) ) ;
#5074 = LINE ( 'NONE', #1047, #4495 ) ;
#5075 = CARTESIAN_POINT ( 'NONE',  ( 23.20429807359876762, 25.07552638451443272, 6.000000000000000000 ) ) ;
#5076 = CARTESIAN_POINT ( 'NONE',  ( 50.20000000000000284, 0.000000000000000000, -47.11000000000002785 ) ) ;
#5077 = VERTEX_POINT ( 'NONE', #523 ) ;
#5078 = CARTESIAN_POINT ( 'NONE',  ( 41.39999999999999858, 25.23000000000000043, 1.434999999999999831 ) ) ;
#5079 = CYLINDRICAL_SURFACE ( 'NONE', #3686, 1.899999999999999023 ) ;
#5080 = CARTESIAN_POINT ( 'NONE',  ( 1.025388795163296951, 50.18957738367588917, -54.77674229971006525 ) ) ;
#5081 = CARTESIAN_POINT ( 'NONE',  ( -50.20000000000000284, -8.933547375302734704E-16, -52.06000000000003070 ) ) ;
#5082 = VERTEX_POINT ( 'NONE', #3269 ) ;
#5083 = CARTESIAN_POINT ( 'NONE',  ( -1.400000000000002798, 6.848053665376141019, 8.400000000000000355 ) ) ;
#5084 = EDGE_CURVE ( 'NONE', #317, #3791, #1552, .T. ) ;
#5085 = DIRECTION ( 'NONE',  ( 0.000000000000000000, 0.000000000000000000, -1.000000000000000000 ) ) ;
#5086 = CARTESIAN_POINT ( 'NONE',  ( 0.2000652956846302177, -53.79999596134324236, -56.65992876073869411 ) ) ;
#5087 = CARTESIAN_POINT ( 'NONE',  ( 49.28917213847870471, -3.525857735926166470, -12.37987485395301768 ) ) ;
#5088 = ORIENTED_EDGE ( 'NONE', *, *, #1757, .F. ) ;
#5089 = ORIENTED_EDGE ( 'NONE', *, *, #372, .F. ) ;
#5090 = DIRECTION ( 'NONE',  ( -4.550094363217858838E-15, -1.000000000000000000, 0.000000000000000000 ) ) ;
#5091 = EDGE_CURVE ( 'NONE', #3584, #2870, #1038, .T. ) ;
#5092 = DIRECTION ( 'NONE',  ( -0.000000000000000000, -0.000000000000000000, -1.000000000000000000 ) ) ;
#5093 = DIRECTION ( 'NONE',  ( 0.000000000000000000, 0.000000000000000000, -1.000000000000000000 ) ) ;
#5094 = CARTESIAN_POINT ( 'NONE',  ( 46.39999999999999858, 0.06576469517414959554, 8.399999999999998579 ) ) ;
#5095 = CARTESIAN_POINT ( 'NONE',  ( -27.43999999999999773, -18.00000000000000000, 6.000000000000000000 ) ) ;
#5096 = ORIENTED_EDGE ( 'NONE', *, *, #516, .T. ) ;
#5097 = EDGE_LOOP ( 'NONE', ( #2430, #1972, #1565, #2014 ) ) ;
#5098 = AXIS2_PLACEMENT_3D ( 'NONE', #5498, #4975, #1359 ) ;
#5099 = CARTESIAN_POINT ( 'NONE',  ( 25.23454891337736328, 24.36019611079014169, 5.612997030856480052 ) ) ;
#5100 = PLANE ( 'NONE',  #3365 ) ;
#5101 = CARTESIAN_POINT ( 'NONE',  ( -41.90000000000000568, 24.00000000000000000, 6.000000000000000000 ) ) ;
#5102 = DIRECTION ( 'NONE',  ( 0.000000000000000000, 0.000000000000000000, -1.000000000000000000 ) ) ;
#5103 = CIRCLE ( 'NONE', #683, 4.699999999999995737 ) ;
#5104 = CARTESIAN_POINT ( 'NONE',  ( 28.12752292057764336, 25.16821067753940611, 5.999999990072623746 ) ) ;
#5105 = EDGE_CURVE ( 'NONE', #4415, #1819, #2403, .T. ) ;
#5106 = ORIENTED_EDGE ( 'NONE', *, *, #2589, .F. ) ;
#5107 = CARTESIAN_POINT ( 'NONE',  ( -50.19848440486278207, 0.4025248287191077745, -55.11024285386656629 ) ) ;
#5108 = EDGE_CURVE ( 'NONE', #5401, #2190, #4636, .T. ) ;
#5109 = LINE ( 'NONE', #2872, #2687 ) ;
#5110 = CARTESIAN_POINT ( 'NONE',  ( 51.39999999999999858, 0.000000000000000000, -61.11000000000002785 ) ) ;
#5111 = CARTESIAN_POINT ( 'NONE',  ( 41.39999999999999858, 6.065764695174149068, -1.594999999999999973 ) ) ;
#5112 = ORIENTED_EDGE ( 'NONE', *, *, #142, .T. ) ;
#5113 = CARTESIAN_POINT ( 'NONE',  ( -53.76807368092888595, -1.860526503155343736, -56.03495722041774485 ) ) ;
#5114 = AXIS2_PLACEMENT_3D ( 'NONE', #1808, #4887, #1279 ) ;
#5115 = DIRECTION ( 'NONE',  ( -0.000000000000000000, -0.000000000000000000, -1.000000000000000000 ) ) ;
#5116 = DIRECTION ( 'NONE',  ( 1.000000000000000000, -1.292080795552537642E-16, 0.000000000000000000 ) ) ;
#5117 = CIRCLE ( 'NONE', #2306, 51.39999999999999858 ) ;
#5118 = AXIS2_PLACEMENT_3D ( 'NONE', #728, #5312, #3054 ) ;
#5119 = ORIENTED_EDGE ( 'NONE', *, *, #2637, .T. ) ;
#5120 = ORIENTED_EDGE ( 'NONE', *, *, #4886, .F. ) ;
#5121 = CYLINDRICAL_SURFACE ( 'NONE', #3994, 1.000000000000000000 ) ;
#5122 = CIRCLE ( 'NONE', #34, 3.999999999999999112 ) ;
#5123 = AXIS2_PLACEMENT_3D ( 'NONE', #3127, #958, #3074 ) ;
#5124 = AXIS2_PLACEMENT_3D ( 'NONE', #4921, #1760, #2258 ) ;
#5125 = CARTESIAN_POINT ( 'NONE',  ( 46.39999999999999858, -3.934235304825850488, 47.16456800719578979 ) ) ;
#5126 = DIRECTION ( 'NONE',  ( -1.000000000000000000, 0.000000000000000000, 0.000000000000000000 ) ) ;
#5127 = DIRECTION ( 'NONE',  ( -1.000000000000000000, 0.000000000000000000, 0.000000000000000000 ) ) ;
#5128 = ORIENTED_EDGE ( 'NONE', *, *, #2892, .T. ) ;
#5129 = ORIENTED_EDGE ( 'NONE', *, *, #695, .F. ) ;
#5130 = CIRCLE ( 'NONE', #4000, 4.699999999999995737 ) ;
#5131 = CARTESIAN_POINT ( 'NONE',  ( 24.75936796374788074, 24.89133111276252208, 5.957814217527594991 ) ) ;
#5132 = DIRECTION ( 'NONE',  ( -0.000000000000000000, -0.000000000000000000, -1.000000000000000000 ) ) ;
#5133 =( NAMED_UNIT ( * ) PLANE_ANGLE_UNIT ( ) SI_UNIT ( $, .RADIAN. ) );
#5134 = ADVANCED_FACE ( 'NONE', ( #4148 ), #5384, .T. ) ;
#5135 = EDGE_CURVE ( 'NONE', #299, #5333, #3889, .T. ) ;
#5136 = DIRECTION ( 'NONE',  ( 0.000000000000000000, -1.000000000000000000, 0.000000000000000000 ) ) ;
#5137 = CIRCLE ( 'NONE', #816, 4.699999999999995737 ) ;
#5138 = DIRECTION ( 'NONE',  ( 1.000000000000000000, 0.000000000000000000, 0.000000000000000000 ) ) ;
#5139 = ORIENTED_EDGE ( 'NONE', *, *, #2143, .T. ) ;
#5140 = FACE_OUTER_BOUND ( 'NONE', #4557, .T. ) ;
#5141 = CARTESIAN_POINT ( 'NONE',  ( -1.025388795163647337, -50.18957738367588917, -54.77674229971006525 ) ) ;
#5142 = CARTESIAN_POINT ( 'NONE',  ( 1.509401725496709368, 50.17736213050628180, -54.01615487249964787 ) ) ;
#5143 = DIRECTION ( 'NONE',  ( -1.047444401652940007E-14, -1.000000000000000000, -0.000000000000000000 ) ) ;
#5144 = ORIENTED_EDGE ( 'NONE', *, *, #1503, .F. ) ;
#5145 = CARTESIAN_POINT ( 'NONE',  ( -53.76811165733750641, -1.859482550940760204, -51.18418958263188046 ) ) ;
#5146 = CARTESIAN_POINT ( 'NONE',  ( -3.050000000000560263, -53.71347596274139136, -53.80907905192685092 ) ) ;
#5147 = EDGE_CURVE ( 'NONE', #202, #4104, #1083, .T. ) ;
#5148 = VERTEX_POINT ( 'NONE', #2424 ) ;
#5149 = ORIENTED_EDGE ( 'NONE', *, *, #695, .T. ) ;
#5150 = CARTESIAN_POINT ( 'NONE',  ( -3.000000000000000000, -1.500000000000000000, 6.000000000000000000 ) ) ;
#5151 = CARTESIAN_POINT ( 'NONE',  ( -35.00000000000000000, 24.00000000000000000, 0.000000000000000000 ) ) ;
#5152 = CARTESIAN_POINT ( 'NONE',  ( 49.16388827315376631, -3.934235304825851376, -10.86142001651196765 ) ) ;
#5153 = AXIS2_PLACEMENT_3D ( 'NONE', #3866, #5687, #5194 ) ;
#5154 = ORIENTED_EDGE ( 'NONE', *, *, #3078, .F. ) ;
#5155 = ORIENTED_EDGE ( 'NONE', *, *, #4434, .F. ) ;
#5156 = CYLINDRICAL_SURFACE ( 'NONE', #1175, 50.20000000000000284 ) ;
#5157 = DIRECTION ( 'NONE',  ( -0.000000000000000000, -0.000000000000000000, 1.000000000000000000 ) ) ;
#5158 = EDGE_CURVE ( 'NONE', #4716, #5215, #4642, .T. ) ;
#5159 = VECTOR ( 'NONE', #3423, 1000.000000000000000 ) ;
#5160 = AXIS2_PLACEMENT_3D ( 'NONE', #1260, #4870, #2987 ) ;
#5161 = DIRECTION ( 'NONE',  ( -1.047444401652940007E-14, -1.000000000000000000, -0.000000000000000000 ) ) ;
#5162 = LINE ( 'NONE', #5677, #1275 ) ;
#5163 = AXIS2_PLACEMENT_3D ( 'NONE', #1456, #3252, #5046 ) ;
#5164 = EDGE_CURVE ( 'NONE', #5394, #5605, #1980, .T. ) ;
#5165 = ORIENTED_EDGE ( 'NONE', *, *, #81, .T. ) ;
#5166 = CARTESIAN_POINT ( 'NONE',  ( -53.76245619000732034, 2.014479728025722949, -55.90867369514032958 ) ) ;
#5167 = EDGE_CURVE ( 'NONE', #5631, #4238, #1269, .T. ) ;
#5168 = DIRECTION ( 'NONE',  ( -0.000000000000000000, -0.000000000000000000, 1.000000000000000000 ) ) ;
#5169 = DIRECTION ( 'NONE',  ( 0.000000000000000000, 0.000000000000000000, -1.000000000000000000 ) ) ;
#5170 = ORIENTED_EDGE ( 'NONE', *, *, #2949, .T. ) ;
#5171 = CARTESIAN_POINT ( 'NONE',  ( 2.647190356432086666, -53.73494824363692857, -55.13794461059170260 ) ) ;
#5172 = DIRECTION ( 'NONE',  ( 0.000000000000000000, 0.000000000000000000, 1.000000000000000000 ) ) ;
#5173 = EDGE_LOOP ( 'NONE', ( #3357, #139 ) ) ;
#5174 = VERTEX_POINT ( 'NONE', #3383 ) ;
#5175 = CARTESIAN_POINT ( 'NONE',  ( -51.39999999999999858, 6.294684547617395450E-15, -61.11000000000002785 ) ) ;
#5176 = CARTESIAN_POINT ( 'NONE',  ( 53.73496323696084431, -2.646919203216168359, -55.13857572411521346 ) ) ;
#5177 = CARTESIAN_POINT ( 'NONE',  ( 49.19652738402318448, -3.831842585068556239, -11.50884659900085794 ) ) ;
#5178 = ORIENTED_EDGE ( 'NONE', *, *, #3105, .T. ) ;
#5179 = EDGE_LOOP ( 'NONE', ( #4497, #4525 ) ) ;
#5180 = EDGE_CURVE ( 'NONE', #3923, #1558, #1566, .T. ) ;
#5181 = DIRECTION ( 'NONE',  ( -0.000000000000000000, -0.000000000000000000, 1.000000000000000000 ) ) ;
#5182 = B_SPLINE_CURVE_WITH_KNOTS ( 'NONE', 3,
 ( #1666, #4754, #3460, #2522, #4310, #5250, #4840, #1230, #1259, #3164, #2717, #3130, #4955, #1791, #3635, #3079 ),
 .UNSPECIFIED., .F., .F.,
 ( 4, 2, 2, 2, 2, 2, 2, 4 ),
 ( 0.000000000000000000, 0.06250000000000000000, 0.1250000000000000000, 0.2500000000000000000, 0.3750000000000000000, 0.4999999999999998890, 0.7499999999999998890, 1.000000000000000000 ),
 .UNSPECIFIED. ) ;
#5183 = CARTESIAN_POINT ( 'NONE',  ( -28.70055762081783968, -38.18440642122257600, 7.599999999999998757 ) ) ;
#5184 = VECTOR ( 'NONE', #2045, 1000.000000000000000 ) ;
#5185 = CARTESIAN_POINT ( 'NONE',  ( 41.39999999999999858, 22.18000000000000327, 4.144999999999997797 ) ) ;
#5186 = CARTESIAN_POINT ( 'NONE',  ( 27.62122046488523708, 22.54827023392185126, 5.588500470392380848 ) ) ;
#5187 = ORIENTED_EDGE ( 'NONE', *, *, #3690, .F. ) ;
#5188 = DIRECTION ( 'NONE',  ( 0.000000000000000000, 1.000000000000000000, -0.000000000000000000 ) ) ;
#5189 = CARTESIAN_POINT ( 'NONE',  ( -2.968973747733563595, 53.71823238202244966, -52.80657252281436342 ) ) ;
#5190 = CARTESIAN_POINT ( 'NONE',  ( 42.39999999999999858, 31.70930462813714001, 8.399999999999998579 ) ) ;
#5191 = DIRECTION ( 'NONE',  ( -1.000000000000000000, 0.000000000000000000, 0.000000000000000000 ) ) ;
#5192 = EDGE_CURVE ( 'NONE', #4374, #4746, #4175, .T. ) ;
#5193 = ORIENTED_EDGE ( 'NONE', *, *, #1024, .F. ) ;
#5194 = DIRECTION ( 'NONE',  ( -1.000000000000000000, 0.000000000000000000, 0.000000000000000000 ) ) ;
#5195 = CARTESIAN_POINT ( 'NONE',  ( 24.34213163913139866, 22.53008108944127130, 3.000000000000000000 ) ) ;
#5196 = ADVANCED_FACE ( 'NONE', ( #674 ), #4761, .T. ) ;
#5197 = DIRECTION ( 'NONE',  ( -0.000000000000000000, -0.000000000000000000, -1.000000000000000000 ) ) ;
#5198 = DIRECTION ( 'NONE',  ( 1.000000000000000000, 0.000000000000000000, 0.000000000000000000 ) ) ;
#5199 = ORIENTED_EDGE ( 'NONE', *, *, #4935, .F. ) ;
#5200 = CARTESIAN_POINT ( 'NONE',  ( 42.55087047912709863, 31.34044447751022133, -11.69244591099912611 ) ) ;
#5201 = TOROIDAL_SURFACE ( 'NONE', #1735, 3.049999999999998046, 1.000000000000000000 ) ;
#5202 = CARTESIAN_POINT ( 'NONE',  ( -35.00000000000000000, 24.00000000000000000, 0.000000000000000000 ) ) ;
#5203 = DIRECTION ( 'NONE',  ( -0.000000000000000000, -0.000000000000000000, 1.000000000000000000 ) ) ;
#5204 = DIRECTION ( 'NONE',  ( 0.000000000000000000, 0.000000000000000000, 1.000000000000000000 ) ) ;
#5205 = VERTEX_POINT ( 'NONE', #4704 ) ;
#5206 = VERTEX_POINT ( 'NONE', #4731 ) ;
#5207 = CARTESIAN_POINT ( 'NONE',  ( -38.90000000000000568, 24.00000000000000000, 0.000000000000000000 ) ) ;
#5208 = VECTOR ( 'NONE', #2283, 1000.000000000000000 ) ;
#5209 = CIRCLE ( 'NONE', #32, 3.900000000000000799 ) ;
#5210 = CARTESIAN_POINT ( 'NONE',  ( -3.050000000000549161, -52.69999999999996732, -53.61000000000003496 ) ) ;
#5211 = VECTOR ( 'NONE', #2935, 1000.000000000000000 ) ;
#5212 = CIRCLE ( 'NONE', #4648, 1.550000000000001155 ) ;
#5213 = CARTESIAN_POINT ( 'NONE',  ( 41.23440642122248079, -25.65055762081797397, 7.599999999999998757 ) ) ;
#5214 = CIRCLE ( 'NONE', #138, 3.049999999999997158 ) ;
#5215 = VERTEX_POINT ( 'NONE', #3327 ) ;
#5216 = ORIENTED_EDGE ( 'NONE', *, *, #3427, .T. ) ;
#5217 = CARTESIAN_POINT ( 'NONE',  ( 0.000000000000000000, 0.000000000000000000, 6.000000000000000000 ) ) ;
#5218 = FACE_OUTER_BOUND ( 'NONE', #1813, .T. ) ;
#5219 = CARTESIAN_POINT ( 'NONE',  ( 50.17757949475503665, -1.500302230647190038, -53.20776027901510474 ) ) ;
#5220 = CARTESIAN_POINT ( 'NONE',  ( 3.100000000000000533, -7.419459434779497542, -10.86772065218060312 ) ) ;
#5221 = ORIENTED_EDGE ( 'NONE', *, *, #443, .F. ) ;
#5222 = CARTESIAN_POINT ( 'NONE',  ( -4.599999999999996980, -9.848053665376140131, 6.000000000000000000 ) ) ;
#5223 = CARTESIAN_POINT ( 'NONE',  ( 24.19257116415572995, 23.11710608611802087, 4.837563102323912290 ) ) ;
#5224 = ADVANCED_FACE ( 'NONE', ( #2036 ), #5121, .T. ) ;
#5225 = CYLINDRICAL_SURFACE ( 'NONE', #5462, 4.000000000000003553 ) ;
#5226 = CARTESIAN_POINT ( 'NONE',  ( 42.39999999999999858, 0.06576469517414959554, 8.399999999999998579 ) ) ;
#5227 = CARTESIAN_POINT ( 'NONE',  ( 53.16252547056562605, -8.257947116295255796, -12.75221604521421881 ) ) ;
#5228 = VERTEX_POINT ( 'NONE', #5175 ) ;
#5229 = FACE_OUTER_BOUND ( 'NONE', #3150, .T. ) ;
#5230 = ADVANCED_FACE ( 'NONE', ( #1592, #3821 ), #2532, .F. ) ;
#5231 = EDGE_CURVE ( 'NONE', #813, #1722, #4835, .T. ) ;
#5232 = DIRECTION ( 'NONE',  ( -0.000000000000000000, -0.000000000000000000, -1.000000000000000000 ) ) ;
#5233 = CARTESIAN_POINT ( 'NONE',  ( -0.2000652956850040576, 53.79999596134324236, -56.65992876073869411 ) ) ;
#5234 = CARTESIAN_POINT ( 'NONE',  ( -36.10000000000000142, 24.00000000000000000, 6.000000000000000000 ) ) ;
#5235 = ORIENTED_EDGE ( 'NONE', *, *, #3667, .F. ) ;
#5236 = ORIENTED_EDGE ( 'NONE', *, *, #3261, .T. ) ;
#5237 = CARTESIAN_POINT ( 'NONE',  ( 50.18489477023827305, 1.232675145972596198, -52.66489957664555988 ) ) ;
#5238 = DIRECTION ( 'NONE',  ( 0.000000000000000000, 0.000000000000000000, 1.000000000000000000 ) ) ;
#5239 = CARTESIAN_POINT ( 'NONE',  ( -52.70000000000000284, -8.933547375302734704E-16, -53.61000000000003496 ) ) ;
#5240 = CIRCLE ( 'NONE', #2804, 1.199999999999999734 ) ;
#5241 = DIRECTION ( 'NONE',  ( -0.000000000000000000, 0.000000000000000000, 1.000000000000000000 ) ) ;
#5242 = ORIENTED_EDGE ( 'NONE', *, *, #2629, .F. ) ;
#5243 = VERTEX_POINT ( 'NONE', #5662 ) ;
#5244 = CARTESIAN_POINT ( 'NONE',  ( -53.79999999999999716, 0.1990335549638652390, -56.66000000000003212 ) ) ;
#5245 = CARTESIAN_POINT ( 'NONE',  ( -1.525832880035586925, 53.77861397721586911, -50.96160566489201216 ) ) ;
#5246 = CARTESIAN_POINT ( 'NONE',  ( 50.18649048175612393, -1.166742317498762782, -52.58461122509690000 ) ) ;
#5247 = CIRCLE ( 'NONE', #1687, 1.550000000000001155 ) ;
#5248 = CARTESIAN_POINT ( 'NONE',  ( -1.238410994199851567, 50.18492648640916087, -54.56382236504127548 ) ) ;
#5249 = ORIENTED_EDGE ( 'NONE', *, *, #592, .F. ) ;
#5250 = CARTESIAN_POINT ( 'NONE',  ( 24.48339487980622664, 24.26567658197288679, 5.761542928762763971 ) ) ;
#5251 = CARTESIAN_POINT ( 'NONE',  ( 2.645231781443338370, -53.73504634130181046, -52.07854387245235728 ) ) ;
#5252 = AXIS2_PLACEMENT_3D ( 'NONE', #2017, #3779, #2404 ) ;
#5253 = FACE_OUTER_BOUND ( 'NONE', #1146, .T. ) ;
#5254 = DIRECTION ( 'NONE',  ( 1.000000000000000000, -1.779203565104417128E-15, 0.000000000000000000 ) ) ;
#5255 = CYLINDRICAL_SURFACE ( 'NONE', #3606, 1.000000000000000888 ) ;
#5256 = VERTEX_POINT ( 'NONE', #1180 ) ;
#5257 = CARTESIAN_POINT ( 'NONE',  ( 42.46154633547173063, 31.55968353209349075, -11.30611612176225300 ) ) ;
#5258 = CARTESIAN_POINT ( 'NONE',  ( 26.00000000000000000, 19.00000000000000000, 6.000000000000000000 ) ) ;
#5259 = CARTESIAN_POINT ( 'NONE',  ( 53.76244860161651928, -2.014798926525609879, -51.31138600420346307 ) ) ;
#5260 = CARTESIAN_POINT ( 'NONE',  ( 48.37166307849466307, -1.664820734714250072, -41.06081089493766001 ) ) ;
#5261 = ORIENTED_EDGE ( 'NONE', *, *, #286, .T. ) ;
#5262 = VERTEX_POINT ( 'NONE', #3441 ) ;
#5263 = VERTEX_POINT ( 'NONE', #1147 ) ;
#5264 = EDGE_CURVE ( 'NONE', #1603, #4702, #2933, .T. ) ;
#5265 = LINE ( 'NONE', #3151, #5298 ) ;
#5266 = DIRECTION ( 'NONE',  ( -0.000000000000000000, -0.000000000000000000, 1.000000000000000000 ) ) ;
#5267 = CARTESIAN_POINT ( 'NONE',  ( -35.00000000000000000, 24.00000000000000000, 6.000000000000000000 ) ) ;
#5268 = EDGE_LOOP ( 'NONE', ( #4174, #5686, #4585, #5760 ) ) ;
#5269 = CYLINDRICAL_SURFACE ( 'NONE', #5381, 8.500000000000000000 ) ;
#5270 = ORIENTED_EDGE ( 'NONE', *, *, #1504, .F. ) ;
#5271 = EDGE_LOOP ( 'NONE', ( #255, #5445 ) ) ;
#5272 = CIRCLE ( 'NONE', #195, 1.199999999999999734 ) ;
#5273 = LINE ( 'NONE', #5596, #5159 ) ;
#5274 = CARTESIAN_POINT ( 'NONE',  ( 2.742216867997208762, 53.73012220354820556, -52.26011153033156376 ) ) ;
#5275 = EDGE_CURVE ( 'NONE', #3306, #189, #646, .T. ) ;
#5276 = DIRECTION ( 'NONE',  ( 0.000000000000000000, 0.000000000000000000, -1.000000000000000000 ) ) ;
#5277 = EDGE_LOOP ( 'NONE', ( #1924, #3203, #453, #2558 ) ) ;
#5278 = CARTESIAN_POINT ( 'NONE',  ( 52.70000000000000284, 1.266872011270216185E-15, -50.56000000000003780 ) ) ;
#5279 = CARTESIAN_POINT ( 'NONE',  ( -53.79999999999999716, 0.000000000000000000, 8.400000000000000355 ) ) ;
#5280 = LINE ( 'NONE', #4400, #2377 ) ;
#5281 = PLANE ( 'NONE',  #415 ) ;
#5282 = CARTESIAN_POINT ( 'NONE',  ( 53.11279496167818337, -8.571523281117084281, -11.14825472655460104 ) ) ;
#5283 = VERTEX_POINT ( 'NONE', #2063 ) ;
#5284 = CARTESIAN_POINT ( 'NONE',  ( 42.39999999999999147, 31.70930462813715422, -10.60000000000000142 ) ) ;
#5285 = CARTESIAN_POINT ( 'NONE',  ( 42.85066207762021406, 30.58548639019123883, -12.44732152687070048 ) ) ;
#5286 = CARTESIAN_POINT ( 'NONE',  ( 2.298614370134794527, 53.75106216508854118, -55.62479849597476544 ) ) ;
#5287 = CARTESIAN_POINT ( 'NONE',  ( 48.39480317575336699, -0.7208238084899148967, -37.22448428993222080 ) ) ;
#5288 = EDGE_CURVE ( 'NONE', #4607, #41, #584, .T. ) ;
#5289 = ORIENTED_EDGE ( 'NONE', *, *, #5275, .T. ) ;
#5290 = DIRECTION ( 'NONE',  ( 1.000000000000000000, -0.000000000000000000, -0.000000000000000000 ) ) ;
#5291 = LINE ( 'NONE', #1328, #4399 ) ;
#5292 = AXIS2_PLACEMENT_3D ( 'NONE', #540, #1469, #5053 ) ;
#5293 = EDGE_CURVE ( 'NONE', #1451, #3880, #2957, .T. ) ;
#5294 = DIRECTION ( 'NONE',  ( -0.000000000000000000, -0.000000000000000000, -1.000000000000000000 ) ) ;
#5295 = ORIENTED_EDGE ( 'NONE', *, *, #4296, .T. ) ;
#5296 = DIRECTION ( 'NONE',  ( -0.000000000000000000, -0.000000000000000000, -1.000000000000000000 ) ) ;
#5297 = ORIENTED_EDGE ( 'NONE', *, *, #7, .T. ) ;
#5298 = VECTOR ( 'NONE', #2701, 1000.000000000000000 ) ;
#5299 = CIRCLE ( 'NONE', #1931, 4.000000000000003553 ) ;
#5300 = AXIS2_PLACEMENT_3D ( 'NONE', #95, #691, #5568 ) ;
#5301 = LINE ( 'NONE', #843, #2252 ) ;
#5302 = EDGE_CURVE ( 'NONE', #716, #749, #5728, .T. ) ;
#5303 = FACE_OUTER_BOUND ( 'NONE', #1036, .T. ) ;
#5304 = EDGE_CURVE ( 'NONE', #230, #1022, #131, .T. ) ;
#5305 = CIRCLE ( 'NONE', #993, 2.000000000000001776 ) ;
#5306 = CIRCLE ( 'NONE', #225, 8.500000000000000000 ) ;
#5307 = CARTESIAN_POINT ( 'NONE',  ( 19.09999999999999787, 19.00000000000000000, 6.000000000000000000 ) ) ;
#5308 = ORIENTED_EDGE ( 'NONE', *, *, #5811, .F. ) ;
#5309 = CARTESIAN_POINT ( 'NONE',  ( 0.000000000000000000, 0.000000000000000000, -45.12002512578678193 ) ) ;
#5310 = CARTESIAN_POINT ( 'NONE',  ( 1.350596093296442923, -53.78336263509069681, -50.86802465440393206 ) ) ;
#5311 = CARTESIAN_POINT ( 'NONE',  ( -35.00000000000000000, 24.00000000000000000, 6.000000000000000000 ) ) ;
#5312 = DIRECTION ( 'NONE',  ( 0.000000000000000000, 0.000000000000000000, 1.000000000000000000 ) ) ;
#5313 = CARTESIAN_POINT ( 'NONE',  ( 41.39999999999999858, 12.68999999999999950, 2.094999999999999751 ) ) ;
#5314 = ORIENTED_EDGE ( 'NONE', *, *, #2442, .F. ) ;
#5315 = ORIENTED_EDGE ( 'NONE', *, *, #4905, .T. ) ;
#5316 = CARTESIAN_POINT ( 'NONE',  ( 43.76802672494967794, 28.07121535537866563, -13.61532800185730174 ) ) ;
#5317 = CARTESIAN_POINT ( 'NONE',  ( -1.862026824503631328, 53.76802656862368934, -56.03395980913742136 ) ) ;
#5318 = CARTESIAN_POINT ( 'NONE',  ( 52.20000000000000284, 6.392656291549184673E-15, -59.27696972201768943 ) ) ;
#5319 = ORIENTED_EDGE ( 'NONE', *, *, #4287, .F. ) ;
#5320 = DIRECTION ( 'NONE',  ( -1.000000000000000000, 0.000000000000000000, 0.000000000000000000 ) ) ;
#5321 = DIRECTION ( 'NONE',  ( -0.000000000000000000, -0.000000000000000000, -1.000000000000000000 ) ) ;
#5322 = DIRECTION ( 'NONE',  ( 1.000000000000000000, 0.000000000000000000, 0.000000000000000000 ) ) ;
#5323 = EDGE_LOOP ( 'NONE', ( #2799, #1326, #3386, #5129 ) ) ;
#5324 = CARTESIAN_POINT ( 'NONE',  ( 0.000000000000000000, 0.000000000000000000, -47.11000000000002785 ) ) ;
#5325 = ORIENTED_EDGE ( 'NONE', *, *, #3377, .T. ) ;
#5326 = EDGE_CURVE ( 'NONE', #1674, #1508, #4406, .T. ) ;
#5327 = CARTESIAN_POINT ( 'NONE',  ( 0.000000000000000000, 0.000000000000000000, -37.06000000000003070 ) ) ;
#5328 = CARTESIAN_POINT ( 'NONE',  ( -1.400000000000002798, -9.848053665376140131, 8.400000000000000355 ) ) ;
#5329 = ADVANCED_FACE ( 'NONE', ( #2560 ), #4461, .F. ) ;
#5330 = FACE_BOUND ( 'NONE', #1802, .T. ) ;
#5331 = VECTOR ( 'NONE', #2877, 1000.000000000000000 ) ;
#5332 = CIRCLE ( 'NONE', #3465, 4.999999999999997335 ) ;
#5333 = VERTEX_POINT ( 'NONE', #4848 ) ;
#5334 = EDGE_CURVE ( 'NONE', #3136, #2917, #4025, .T. ) ;
#5335 = CARTESIAN_POINT ( 'NONE',  ( 24.31736568433986534, 24.84272776651148718, 6.000000000000000000 ) ) ;
#5336 = CARTESIAN_POINT ( 'NONE',  ( 23.60626743736014532, 24.41435027450479112, 5.840566405915154746 ) ) ;
#5337 = VECTOR ( 'NONE', #5188, 1000.000000000000000 ) ;
#5338 = VECTOR ( 'NONE', #1830, 1000.000000000000000 ) ;
#5339 = CARTESIAN_POINT ( 'NONE',  ( 1.392938295023938844, -50.18068590679504126, -52.92257960494832503 ) ) ;
#5340 = CARTESIAN_POINT ( 'NONE',  ( -1.539948607125350977, 50.17637837055532657, -53.40687558633256060 ) ) ;
#5341 = DIRECTION ( 'NONE',  ( 0.000000000000000000, 0.000000000000000000, -1.000000000000000000 ) ) ;
#5342 = ORIENTED_EDGE ( 'NONE', *, *, #4536, .F. ) ;
#5343 = CARTESIAN_POINT ( 'NONE',  ( 44.50148708177922430, 30.25359432885409916, -14.40368222605598270 ) ) ;
#5344 = DIRECTION ( 'NONE',  ( -1.000000000000000000, 0.000000000000000000, 0.000000000000000000 ) ) ;
#5345 = CARTESIAN_POINT ( 'NONE',  ( 3.050000000000185452, 53.71347596274141978, -53.80907905192685092 ) ) ;
#5346 = CARTESIAN_POINT ( 'NONE',  ( 48.38769516680977745, -1.096567243376779022, -41.74940560189374139 ) ) ;
#5347 = ORIENTED_EDGE ( 'NONE', *, *, #429, .T. ) ;
#5348 = EDGE_LOOP ( 'NONE', ( #3657, #1782, #4168, #4876, #2605, #243 ) ) ;
#5349 = CARTESIAN_POINT ( 'NONE',  ( -1.400000000000002798, -9.848053665376140131, -10.86772065218060312 ) ) ;
#5350 = DIRECTION ( 'NONE',  ( 0.000000000000000000, 0.000000000000000000, 1.000000000000000000 ) ) ;
#5351 = CARTESIAN_POINT ( 'NONE',  ( 28.17000000000000171, -18.00000000000000355, 6.000000000000000000 ) ) ;
#5352 = ORIENTED_EDGE ( 'NONE', *, *, #5650, .F. ) ;
#5353 = DIRECTION ( 'NONE',  ( 0.000000000000000000, 0.000000000000000000, 1.000000000000000000 ) ) ;
#5354 = ORIENTED_EDGE ( 'NONE', *, *, #760, .F. ) ;
#5355 = FACE_BOUND ( 'NONE', #4347, .T. ) ;
#5356 = DIRECTION ( 'NONE',  ( -1.000000000000000000, 0.000000000000000000, 0.000000000000000000 ) ) ;
#5357 = FACE_OUTER_BOUND ( 'NONE', #5680, .T. ) ;
#5358 = EDGE_LOOP ( 'NONE', ( #85, #1943, #631, #4146, #2727, #1595 ) ) ;
#5359 = CARTESIAN_POINT ( 'NONE',  ( 42.01943552413325733, -1.934235304825851154, -1.582114085767591050 ) ) ;
#5360 = CARTESIAN_POINT ( 'NONE',  ( 23.39749817208510052, 24.54147886816862467, 5.903868664385939269 ) ) ;
#5361 = CARTESIAN_POINT ( 'NONE',  ( 0.9527869365519978651, -50.19116122282937198, -52.37080730091700786 ) ) ;
#5362 = DIRECTION ( 'NONE',  ( 0.000000000000000000, 0.000000000000000000, 1.000000000000000000 ) ) ;
#5363 = CARTESIAN_POINT ( 'NONE',  ( 40.00000000000000000, 15.74000000000000021, 2.095000000000000195 ) ) ;
#5364 = TOROIDAL_SURFACE ( 'NONE', #2840, 53.00000000000000000, 0.8000000000000000444 ) ;
#5365 = ORIENTED_EDGE ( 'NONE', *, *, #1286, .T. ) ;
#5366 = CARTESIAN_POINT ( 'NONE',  ( 47.18475834067341168, 25.86071724137801553, -18.13428496009314017 ) ) ;
#5367 = DIRECTION ( 'NONE',  ( -1.224646799147353207E-16, 1.000000000000000000, 0.000000000000000000 ) ) ;
#5368 = ADVANCED_FACE ( 'NONE', ( #4817 ), #795, .F. ) ;
#5369 = CARTESIAN_POINT ( 'NONE',  ( -6.999999999999997335, -9.000000000000001776, 8.400000000000000355 ) ) ;
#5370 = CARTESIAN_POINT ( 'NONE',  ( -6.999999999999997335, 0.000000000000000000, -10.86772065218060312 ) ) ;
#5371 = ORIENTED_EDGE ( 'NONE', *, *, #2889, .T. ) ;
#5372 = ORIENTED_EDGE ( 'NONE', *, *, #2629, .T. ) ;
#5373 = CARTESIAN_POINT ( 'NONE',  ( 50.19999999999999574, 0.1011646262139384300, -52.06000000000002359 ) ) ;
#5374 = DIRECTION ( 'NONE',  ( 1.000000000000000000, -1.270305253563490991E-16, 0.000000000000000000 ) ) ;
#5375 = CARTESIAN_POINT ( 'NONE',  ( 28.43500108084743516, 22.18000000000000327, 2.095000000000000195 ) ) ;
#5376 = VERTEX_POINT ( 'NONE', #5755 ) ;
#5377 = CARTESIAN_POINT ( 'NONE',  ( 53.80070860100775576, -0.5010607311588056723, -18.59999999856780661 ) ) ;
#5378 = DIRECTION ( 'NONE',  ( 1.000000000000000000, 0.000000000000000000, 0.000000000000000000 ) ) ;
#5379 = ORIENTED_EDGE ( 'NONE', *, *, #1747, .T. ) ;
#5380 = CARTESIAN_POINT ( 'NONE',  ( 0.9999999999999974465, 6.000000000000001776, -10.86772065218060312 ) ) ;
#5381 = AXIS2_PLACEMENT_3D ( 'NONE', #3857, #3392, #1251 ) ;
#5382 = DIRECTION ( 'NONE',  ( 1.000000000000000000, -0.000000000000000000, -0.000000000000000000 ) ) ;
#5383 = CARTESIAN_POINT ( 'NONE',  ( 23.85901666463397675, 24.78469598545180830, 6.000000000000000000 ) ) ;
#5384 = TOROIDAL_SURFACE ( 'NONE', #698, 53.00000000000000000, 0.8000000000000000444 ) ;
#5385 = FACE_BOUND ( 'NONE', #2792, .T. ) ;
#5386 = ORIENTED_EDGE ( 'NONE', *, *, #3366, .F. ) ;
#5387 = DIRECTION ( 'NONE',  ( 1.000000000000000000, -0.000000000000000000, -0.000000000000000000 ) ) ;
#5388 = CARTESIAN_POINT ( 'NONE',  ( 24.52243109672206955, 24.13028515162039156, 5.681070808006363215 ) ) ;
#5389 = CIRCLE ( 'NONE', #5678, 6.899999999999999467 ) ;
#5390 = CARTESIAN_POINT ( 'NONE',  ( 0.7798382368212837257, -50.19428905513362338, -52.25533312174822953 ) ) ;
#5391 = CIRCLE ( 'NONE', #3621, 3.900000000000000799 ) ;
#5392 = DIRECTION ( 'NONE',  ( 1.000000000000000000, 0.000000000000000000, 0.000000000000000000 ) ) ;
#5393 = CARTESIAN_POINT ( 'NONE',  ( -50.18645475141427426, -1.168277376901861064, -52.58634835317533884 ) ) ;
#5394 = VERTEX_POINT ( 'NONE', #830 ) ;
#5395 = CARTESIAN_POINT ( 'NONE',  ( 50.12690763052208354, 19.53799200023139804, -18.59999999999999787 ) ) ;
#5396 = ADVANCED_FACE ( 'NONE', ( #4343 ), #1736, .T. ) ;
#5397 = DIRECTION ( 'NONE',  ( 1.000000000000000000, 0.000000000000000000, 0.000000000000000000 ) ) ;
#5398 = DIRECTION ( 'NONE',  ( 1.047444401652940007E-14, 1.000000000000000000, 0.000000000000000000 ) ) ;
#5399 = CARTESIAN_POINT ( 'NONE',  ( 24.62613560655507072, 22.65000111508189562, 3.043232534973896453 ) ) ;
#5400 = EDGE_CURVE ( 'NONE', #2362, #3930, #428, .T. ) ;
#5401 = VERTEX_POINT ( 'NONE', #2121 ) ;
#5402 = ORIENTED_EDGE ( 'NONE', *, *, #2292, .T. ) ;
#5403 = CIRCLE ( 'NONE', #4377, 51.79999999999999716 ) ;
#5404 = CARTESIAN_POINT ( 'NONE',  ( 53.73013525897613363, 2.741975502539317322, -54.96059576233437127 ) ) ;
#5405 = EDGE_CURVE ( 'NONE', #1699, #2423, #3715, .T. ) ;
#5406 = CARTESIAN_POINT ( 'NONE',  ( 42.49321128057695773, -1.934235304825850710, -1.392513386495050298 ) ) ;
#5407 = CARTESIAN_POINT ( 'NONE',  ( -22.74000000000000199, -18.00000000000000000, 6.000000000000000000 ) ) ;
#5408 = CARTESIAN_POINT ( 'NONE',  ( 49.72409057220004769, -1.346762427597629763, -14.34459021949686885 ) ) ;
#5409 = DIRECTION ( 'NONE',  ( -0.000000000000000000, 0.000000000000000000, 1.000000000000000000 ) ) ;
#5410 = ORIENTED_EDGE ( 'NONE', *, *, #2712, .F. ) ;
#5411 = VERTEX_POINT ( 'NONE', #4376 ) ;
#5412 = CARTESIAN_POINT ( 'NONE',  ( 42.39999999999999858, 25.23000000000000043, 2.095000000000000195 ) ) ;
#5413 = FACE_OUTER_BOUND ( 'NONE', #207, .T. ) ;
#5414 = CARTESIAN_POINT ( 'NONE',  ( 25.65055762081784252, 38.18440642122257600, 8.400000000000000355 ) ) ;
#5415 = CARTESIAN_POINT ( 'NONE',  ( 52.70000000000000284, 8.933547375302734704E-16, -53.61000000000003496 ) ) ;
#5416 = EDGE_LOOP ( 'NONE', ( #4821, #2487, #3387, #5242 ) ) ;
#5417 = CYLINDRICAL_SURFACE ( 'NONE', #2705, 3.049999999999998046 ) ;
#5418 = CARTESIAN_POINT ( 'NONE',  ( -0.1005527988022805325, -50.20000110567857377, -52.05996419027881217 ) ) ;
#5419 = CARTESIAN_POINT ( 'NONE',  ( -48.39999999999999858, 0.000000000000000000, -32.11000000000002785 ) ) ;
#5420 = EDGE_CURVE ( 'NONE', #5501, #54, #3805, .T. ) ;
#5421 = CARTESIAN_POINT ( 'NONE',  ( 51.76301526428848376, -1.958888157421513565, -40.20879901190665606 ) ) ;
#5422 = EDGE_LOOP ( 'NONE', ( #3487, #504, #4681, #1115 ) ) ;
#5423 = CARTESIAN_POINT ( 'NONE',  ( 45.08733264043132039, 29.37608272571872803, -14.74710496476600063 ) ) ;
#5424 = CARTESIAN_POINT ( 'NONE',  ( 44.66382386040485386, 30.00301249797185577, -16.82408101612344353 ) ) ;
#5425 = CIRCLE ( 'NONE', #4686, 8.500000000000000000 ) ;
#5426 = AXIS2_PLACEMENT_3D ( 'NONE', #3152, #5321, #461 ) ;
#5427 = CARTESIAN_POINT ( 'NONE',  ( 3.100000000000000533, 0.000000000000000000, 8.400000000000000355 ) ) ;
#5428 = CARTESIAN_POINT ( 'NONE',  ( 24.43804048522489936, 22.57357873439494611, 3.005398027703219732 ) ) ;
#5429 = AXIS2_PLACEMENT_3D ( 'NONE', #1926, #625, #3718 ) ;
#5430 = ORIENTED_EDGE ( 'NONE', *, *, #3393, .F. ) ;
#5431 = ORIENTED_EDGE ( 'NONE', *, *, #502, .T. ) ;
#5432 = CARTESIAN_POINT ( 'NONE',  ( 53.75117576117008866, 2.295850267086660956, -51.59230307467288412 ) ) ;
#5433 = CARTESIAN_POINT ( 'NONE',  ( 48.39999999999999858, 5.927290507873189217E-15, -32.11000000000002785 ) ) ;
#5434 = CARTESIAN_POINT ( 'NONE',  ( -28.70055762081783968, -38.18440642122257600, 7.599999999999998757 ) ) ;
#5435 = CARTESIAN_POINT ( 'NONE',  ( 53.71799342956305168, -2.980919233041434691, -18.08918043877482162 ) ) ;
#5436 = EDGE_CURVE ( 'NONE', #1795, #5243, #1798, .T. ) ;
#5437 = DIRECTION ( 'NONE',  ( 1.137523590804464788E-14, 1.000000000000000000, 0.000000000000000000 ) ) ;
#5438 = VERTEX_POINT ( 'NONE', #4609 ) ;
#5439 = ORIENTED_EDGE ( 'NONE', *, *, #2889, .F. ) ;
#5440 = CARTESIAN_POINT ( 'NONE',  ( 25.28209762164997088, 25.07993585375858103, 5.903868664385937493 ) ) ;
#5441 = DIRECTION ( 'NONE',  ( -0.000000000000000000, 0.000000000000000000, 1.000000000000000000 ) ) ;
#5442 = EDGE_CURVE ( 'NONE', #5693, #3361, #2299, .T. ) ;
#5443 = FACE_OUTER_BOUND ( 'NONE', #2537, .T. ) ;
#5444 = DIRECTION ( 'NONE',  ( 0.000000000000000000, -1.000000000000000000, 0.000000000000000000 ) ) ;
#5445 = ORIENTED_EDGE ( 'NONE', *, *, #3862, .T. ) ;
#5446 = CARTESIAN_POINT ( 'NONE',  ( 29.00000000000000000, 26.00000000000000000, 6.000000000000000000 ) ) ;
#5447 = EDGE_CURVE ( 'NONE', #4674, #5587, #321, .T. ) ;
#5448 = LINE ( 'NONE', #4428, #3209 ) ;
#5449 = CARTESIAN_POINT ( 'NONE',  ( 0.4020517839807133953, 50.19848838283468240, -52.10962430840069004 ) ) ;
#5450 = CARTESIAN_POINT ( 'NONE',  ( -50.17606766650910544, -1.549914040585201214, -53.71350756080560984 ) ) ;
#5451 = EDGE_CURVE ( 'NONE', #2321, #1532, #4796, .T. ) ;
#5452 = ORIENTED_EDGE ( 'NONE', *, *, #818, .F. ) ;
#5453 = CARTESIAN_POINT ( 'NONE',  ( 43.89319134298304448, 31.11231900008860762, -16.14843940700183822 ) ) ;
#5454 = CARTESIAN_POINT ( 'NONE',  ( 24.95740811659435465, 22.75810030182259069, 3.113496715773012902 ) ) ;
#5455 = DIRECTION ( 'NONE',  ( -1.000000000000000000, -1.224646799147353454E-16, 0.000000000000000000 ) ) ;
#5456 = CARTESIAN_POINT ( 'NONE',  ( 41.98578643762690632, 6.065764695174149068, -1.594999999999999751 ) ) ;
#5457 = VERTEX_POINT ( 'NONE', #1030 ) ;
#5458 = VERTEX_POINT ( 'NONE', #3200 ) ;
#5459 = CARTESIAN_POINT ( 'NONE',  ( 53.79999999999999716, 0.000000000000000000, -56.66000000000003212 ) ) ;
#5460 = ADVANCED_FACE ( 'NONE', ( #5056 ), #4996, .F. ) ;
#5461 = CARTESIAN_POINT ( 'NONE',  ( -3.050000000000559819, -53.71347596274139846, -53.41096644373893554 ) ) ;
#5462 = AXIS2_PLACEMENT_3D ( 'NONE', #1611, #3496, #5656 ) ;
#5463 = DIRECTION ( 'NONE',  ( 0.000000000000000000, -1.000000000000000000, 0.000000000000000000 ) ) ;
#5464 = CARTESIAN_POINT ( 'NONE',  ( 53.48205525468218724, -5.843787622188262532, -16.43879238000152299 ) ) ;
#5465 = DIRECTION ( 'NONE',  ( -0.000000000000000000, -0.000000000000000000, -1.000000000000000000 ) ) ;
#5466 = ORIENTED_EDGE ( 'NONE', *, *, #5105, .T. ) ;
#5467 = ORIENTED_EDGE ( 'NONE', *, *, #1240, .F. ) ;
#5468 = CARTESIAN_POINT ( 'NONE',  ( 24.88970940287425648, 23.93968518423052316, 5.450490227477556182 ) ) ;
#5469 = CARTESIAN_POINT ( 'NONE',  ( -3.000000000000000000, -1.500000000000000000, 8.400000000000000355 ) ) ;
#5470 = ADVANCED_FACE ( 'NONE', ( #2948 ), #4748, .F. ) ;
#5471 = CARTESIAN_POINT ( 'NONE',  ( 25.54267557990058535, 22.87309364394675271, 3.000000000000000000 ) ) ;
#5472 = AXIS2_PLACEMENT_3D ( 'NONE', #1710, #3000, #4379 ) ;
#5473 = FACE_OUTER_BOUND ( 'NONE', #3486, .T. ) ;
#5474 = CIRCLE ( 'NONE', #2942, 1.199999999999999734 ) ;
#5475 = EDGE_CURVE ( 'NONE', #4213, #3735, #1500, .T. ) ;
#5476 = EDGE_CURVE ( 'NONE', #4992, #4050, #5027, .T. ) ;
#5477 = EDGE_LOOP ( 'NONE', ( #2757, #1110, #92, #3030 ) ) ;
#5478 = DIRECTION ( 'NONE',  ( 1.000000000000000000, 0.000000000000000000, 0.000000000000000000 ) ) ;
#5479 = CIRCLE ( 'NONE', #985, 1.550000000000001155 ) ;
#5480 = LINE ( 'NONE', #1466, #1150 ) ;
#5481 = FACE_OUTER_BOUND ( 'NONE', #2048, .T. ) ;
#5482 = AXIS2_PLACEMENT_3D ( 'NONE', #1409, #4997, #972 ) ;
#5483 = CARTESIAN_POINT ( 'NONE',  ( 51.77349380941868873, -1.665775710631572037, -41.05914921865829115 ) ) ;
#5484 = ORIENTED_EDGE ( 'NONE', *, *, #2490, .T. ) ;
#5485 = CARTESIAN_POINT ( 'NONE',  ( -53.79452273702649734, -0.7921667246011261376, -56.56206574871684012 ) ) ;
#5486 = AXIS2_PLACEMENT_3D ( 'NONE', #160, #1557, #1970 ) ;
#5487 = AXIS2_PLACEMENT_3D ( 'NONE', #5724, #1704, #851 ) ;
#5488 = CARTESIAN_POINT ( 'NONE',  ( 47.24864929495782206, 25.74332224122681723, -18.15479746409612360 ) ) ;
#5489 = CARTESIAN_POINT ( 'NONE',  ( 1.351079324519578240, -53.78334576085126884, -56.35163242811482576 ) ) ;
#5490 = AXIS2_PLACEMENT_3D ( 'NONE', #2077, #5715, #5085 ) ;
#5491 = VECTOR ( 'NONE', #715, 1000.000000000000000 ) ;
#5492 = ORIENTED_EDGE ( 'NONE', *, *, #543, .F. ) ;
#5493 = VERTEX_POINT ( 'NONE', #2608 ) ;
#5494 = DIRECTION ( 'NONE',  ( 0.000000000000000000, 0.000000000000000000, 1.000000000000000000 ) ) ;
#5495 = EDGE_CURVE ( 'NONE', #1508, #1596, #3143, .T. ) ;
#5496 = CARTESIAN_POINT ( 'NONE',  ( -2.424871403938897441, -53.74544126575489855, -51.74914039718744618 ) ) ;
#5497 = CIRCLE ( 'NONE', #3535, 1.000000000000000000 ) ;
#5498 = CARTESIAN_POINT ( 'NONE',  ( 46.39999999999999858, 0.06576469517414959554, -0.5949999999999983080 ) ) ;
#5499 = CARTESIAN_POINT ( 'NONE',  ( 53.24847323304795310, -7.684932252569164568, -14.13916363983697444 ) ) ;
#5500 = CARTESIAN_POINT ( 'NONE',  ( 23.23378248535823332, 24.89007690128182659, 5.999999999999999112 ) ) ;
#5501 = VERTEX_POINT ( 'NONE', #4305 ) ;
#5502 = ORIENTED_EDGE ( 'NONE', *, *, #680, .T. ) ;
#5503 = CARTESIAN_POINT ( 'NONE',  ( 24.42260975773260867, 24.47675920517329828, 5.864564385664282398 ) ) ;
#5504 = CARTESIAN_POINT ( 'NONE',  ( 40.00000000000000000, 15.74000000000000021, -0.6150000000000001021 ) ) ;
#5505 = DIRECTION ( 'NONE',  ( -1.000000000000000000, -0.000000000000000000, -0.000000000000000000 ) ) ;
#5506 = CARTESIAN_POINT ( 'NONE',  ( 24.21058552374122286, 24.49529956007394560, 5.895873892678375583 ) ) ;
#5507 = DIRECTION ( 'NONE',  ( 1.000000000000000000, 0.000000000000000000, -0.000000000000000000 ) ) ;
#5508 = EDGE_CURVE ( 'NONE', #5438, #3163, #5212, .T. ) ;
#5509 = ORIENTED_EDGE ( 'NONE', *, *, #185, .F. ) ;
#5510 = CIRCLE ( 'NONE', #1486, 1.199999999999999734 ) ;
#5511 = LINE ( 'NONE', #4249, #3589 ) ;
#5512 = DIRECTION ( 'NONE',  ( -0.000000000000000000, -0.000000000000000000, 1.000000000000000000 ) ) ;
#5513 = CARTESIAN_POINT ( 'NONE',  ( 25.53351947947797029, 22.95063692130436550, 3.785243653077840165 ) ) ;
#5514 = ADVANCED_FACE ( 'NONE', ( #5218 ), #3489, .T. ) ;
#5515 = EDGE_LOOP ( 'NONE', ( #2603, #2965, #2655, #3368 ) ) ;
#5516 = LINE ( 'NONE', #3294, #1779 ) ;
#5517 = CARTESIAN_POINT ( 'NONE',  ( 25.29698882479979716, 22.83626874486585123, 3.028432854017490516 ) ) ;
#5518 = CARTESIAN_POINT ( 'NONE',  ( 14.00000000000000000, 26.00000000000000000, 8.400000000000000355 ) ) ;
#5519 = DIRECTION ( 'NONE',  ( 1.000000000000000000, 0.000000000000000000, 0.000000000000000000 ) ) ;
#5520 = ORIENTED_EDGE ( 'NONE', *, *, #4248, .F. ) ;
#5521 = CIRCLE ( 'NONE', #445, 53.00000000000000000 ) ;
#5522 = AXIS2_PLACEMENT_3D ( 'NONE', #5640, #1622, #3416 ) ;
#5523 = ORIENTED_EDGE ( 'NONE', *, *, #3756, .F. ) ;
#5524 = DIRECTION ( 'NONE',  ( 0.000000000000000000, 0.000000000000000000, 1.000000000000000000 ) ) ;
#5525 = DIRECTION ( 'NONE',  ( -4.550094363217858838E-15, -1.000000000000000000, 0.000000000000000000 ) ) ;
#5526 = ADVANCED_FACE ( 'NONE', ( #329 ), #357, .F. ) ;
#5527 = CARTESIAN_POINT ( 'NONE',  ( 53.71458975707776773, -3.030575020960812438, -54.00800856151006002 ) ) ;
#5528 = VECTOR ( 'NONE', #3250, 1000.000000000000000 ) ;
#5529 = CARTESIAN_POINT ( 'NONE',  ( -22.74000000000000199, -18.00000000000000000, 3.000000000000000000 ) ) ;
#5530 = ORIENTED_EDGE ( 'NONE', *, *, #4014, .F. ) ;
#5531 = ORIENTED_EDGE ( 'NONE', *, *, #3436, .F. ) ;
#5532 = CARTESIAN_POINT ( 'NONE',  ( 25.23682633060697711, 25.46333971737429991, 5.975783275236516090 ) ) ;
#5533 = DIRECTION ( 'NONE',  ( 0.000000000000000000, 0.000000000000000000, 1.000000000000000000 ) ) ;
#5534 = DIRECTION ( 'NONE',  ( -0.000000000000000000, -1.000000000000000000, -0.000000000000000000 ) ) ;
#5535 = CARTESIAN_POINT ( 'NONE',  ( 27.02712065631568095, 22.76237567897341663, 5.932590460961413292 ) ) ;
#5536 = ORIENTED_EDGE ( 'NONE', *, *, #3549, .F. ) ;
#5537 = DIRECTION ( 'NONE',  ( 1.000000000000000000, 0.000000000000000000, 0.000000000000000000 ) ) ;
#5538 = EDGE_CURVE ( 'NONE', #3361, #1015, #91, .T. ) ;
#5539 = CARTESIAN_POINT ( 'NONE',  ( 25.65055762081784252, 38.18440642122257600, 8.400000000000000355 ) ) ;
#5540 = DIRECTION ( 'NONE',  ( -0.000000000000000000, -0.000000000000000000, -1.000000000000000000 ) ) ;
#5541 = CARTESIAN_POINT ( 'NONE',  ( 0.000000000000000000, 0.000000000000000000, 8.400000000000000355 ) ) ;
#5542 = EDGE_LOOP ( 'NONE', ( #4860, #4446, #1915, #1436, #2504, #2750, #3996, #811 ) ) ;
#5543 = CARTESIAN_POINT ( 'NONE',  ( -53.76244860161651928, -2.014798926525611655, -55.90861399579659974 ) ) ;
#5544 = DIRECTION ( 'NONE',  ( 1.000000000000000000, 0.000000000000000000, 0.000000000000000000 ) ) ;
#5545 = CARTESIAN_POINT ( 'NONE',  ( 46.39999999999999858, 0.06576469517414959554, -10.60000000000000142 ) ) ;
#5546 = AXIS2_PLACEMENT_3D ( 'NONE', #4384, #3092, #288 ) ;
#5547 = ORIENTED_EDGE ( 'NONE', *, *, #3401, .T. ) ;
#5548 = ORIENTED_EDGE ( 'NONE', *, *, #2967, .T. ) ;
#5549 = ADVANCED_FACE ( 'NONE', ( #5822 ), #1395, .F. ) ;
#5550 = EDGE_CURVE ( 'NONE', #1693, #2767, #2768, .T. ) ;
#5551 = DIRECTION ( 'NONE',  ( 0.000000000000000000, 1.000000000000000000, 0.000000000000000000 ) ) ;
#5552 = FACE_OUTER_BOUND ( 'NONE', #437, .T. ) ;
#5553 = AXIS2_PLACEMENT_3D ( 'NONE', #1157, #2943, #4742 ) ;
#5554 = DIRECTION ( 'NONE',  ( -1.000000000000000000, 0.000000000000000000, 0.000000000000000000 ) ) ;
#5555 = FACE_OUTER_BOUND ( 'NONE', #3108, .T. ) ;
#5556 = DIRECTION ( 'NONE',  ( -0.000000000000000000, -0.000000000000000000, -1.000000000000000000 ) ) ;
#5557 = ORIENTED_EDGE ( 'NONE', *, *, #3223, .T. ) ;
#5558 = ORIENTED_EDGE ( 'NONE', *, *, #3281, .F. ) ;
#5559 = CARTESIAN_POINT ( 'NONE',  ( 28.17000000000000171, -18.00000000000000355, 0.000000000000000000 ) ) ;
#5560 = CARTESIAN_POINT ( 'NONE',  ( 0.000000000000000000, 0.000000000000000000, -32.11000000000002785 ) ) ;
#5561 = DIRECTION ( 'NONE',  ( 1.000000000000000000, 0.000000000000000000, 0.000000000000000000 ) ) ;
#5562 = CARTESIAN_POINT ( 'NONE',  ( 41.39999999999999858, 6.065764695174149068, -7.594999999999999751 ) ) ;
#5563 = VECTOR ( 'NONE', #4312, 1000.000000000000000 ) ;
#5564 = DIRECTION ( 'NONE',  ( 0.000000000000000000, 0.000000000000000000, 1.000000000000000000 ) ) ;
#5565 = EDGE_LOOP ( 'NONE', ( #1364, #645 ) ) ;
#5566 = DIRECTION ( 'NONE',  ( 0.000000000000000000, 0.000000000000000000, 1.000000000000000000 ) ) ;
#5567 = LINE ( 'NONE', #2414, #2737 ) ;
#5568 = DIRECTION ( 'NONE',  ( -1.000000000000000000, -1.224646799147353207E-16, 0.000000000000000000 ) ) ;
#5569 = FACE_OUTER_BOUND ( 'NONE', #4793, .T. ) ;
#5570 = ORIENTED_EDGE ( 'NONE', *, *, #1678, .T. ) ;
#5571 = VECTOR ( 'NONE', #4967, 1000.000000000000000 ) ;
#5572 = CARTESIAN_POINT ( 'NONE',  ( 49.16388827307757481, -3.934235304825850488, 8.399999999999998579 ) ) ;
#5573 = AXIS2_PLACEMENT_3D ( 'NONE', #1363, #3543, #921 ) ;
#5574 = LINE ( 'NONE', #192, #3895 ) ;
#5575 = FACE_OUTER_BOUND ( 'NONE', #4266, .T. ) ;
#5576 = VECTOR ( 'NONE', #3004, 1000.000000000000000 ) ;
#5577 = EDGE_CURVE ( 'NONE', #3955, #3077, #417, .T. ) ;
#5578 = CIRCLE ( 'NONE', #3428, 1.000000000000000000 ) ;
#5579 = ORIENTED_EDGE ( 'NONE', *, *, #3549, .T. ) ;
#5580 = ORIENTED_EDGE ( 'NONE', *, *, #1770, .T. ) ;
#5581 = DIRECTION ( 'NONE',  ( 0.000000000000000000, 0.000000000000000000, 1.000000000000000000 ) ) ;
#5582 = AXIS2_PLACEMENT_3D ( 'NONE', #1380, #4085, #1799 ) ;
#5583 = CIRCLE ( 'NONE', #4554, 4.699999999999995737 ) ;
#5584 = DIRECTION ( 'NONE',  ( 1.000000000000000000, 0.000000000000000000, 0.000000000000000000 ) ) ;
#5585 = EDGE_CURVE ( 'NONE', #2190, #2659, #4919, .T. ) ;
#5586 = CARTESIAN_POINT ( 'NONE',  ( 53.85872400770266921, -3.918895373779172076, -11.02208410041756537 ) ) ;
#5587 = VERTEX_POINT ( 'NONE', #4479 ) ;
#5588 = EDGE_LOOP ( 'NONE', ( #3620, #4353, #2469 ) ) ;
#5589 = EDGE_CURVE ( 'NONE', #2054, #3096, #467, .T. ) ;
#5590 = AXIS2_PLACEMENT_3D ( 'NONE', #562, #2803, #2433 ) ;
#5591 = CARTESIAN_POINT ( 'NONE',  ( 24.74847915632902229, 25.03105490698434110, 5.999999999999999112 ) ) ;
#5592 = CARTESIAN_POINT ( 'NONE',  ( 22.60055762081784536, 38.18440642122257600, 7.599999999999998757 ) ) ;
#5593 = DIRECTION ( 'NONE',  ( 0.000000000000000000, 0.000000000000000000, -1.000000000000000000 ) ) ;
#5594 = DIRECTION ( 'NONE',  ( 1.000000000000000000, 0.000000000000000000, 0.000000000000000000 ) ) ;
#5595 = ORIENTED_EDGE ( 'NONE', *, *, #5623, .F. ) ;
#5596 = CARTESIAN_POINT ( 'NONE',  ( 40.00000000000000000, 6.065764695174149068, -7.594999999999999751 ) ) ;
#5597 = VECTOR ( 'NONE', #5168, 1000.000000000000000 ) ;
#5598 = DIRECTION ( 'NONE',  ( 1.000000000000000000, 0.000000000000000000, 0.000000000000000000 ) ) ;
#5599 = ORIENTED_EDGE ( 'NONE', *, *, #2745, .F. ) ;
#5600 = LINE ( 'NONE', #4637, #5331 ) ;
#5601 = PLANE ( 'NONE',  #4738 ) ;
#5602 = ADVANCED_FACE ( 'NONE', ( #3573 ), #1841, .F. ) ;
#5603 = CARTESIAN_POINT ( 'NONE',  ( 24.87757116953461178, 22.73509316543195524, 3.111649470577089627 ) ) ;
#5604 = ORIENTED_EDGE ( 'NONE', *, *, #5732, .T. ) ;
#5605 = VERTEX_POINT ( 'NONE', #925 ) ;
#5606 = DIRECTION ( 'NONE',  ( 1.000000000000000000, 0.000000000000000000, -0.000000000000000000 ) ) ;
#5607 = VECTOR ( 'NONE', #1572, 1000.000000000000000 ) ;
#5608 = CARTESIAN_POINT ( 'NONE',  ( 41.39999999999999858, 18.96000000000000085, 5.145000000000000462 ) ) ;
#5609 = DIRECTION ( 'NONE',  ( 1.000000000000000000, 0.000000000000000000, 0.000000000000000000 ) ) ;
#5610 = AXIS2_PLACEMENT_3D ( 'NONE', #2055, #1701, #244 ) ;
#5611 = ORIENTED_EDGE ( 'NONE', *, *, #4138, .F. ) ;
#5612 = ORIENTED_EDGE ( 'NONE', *, *, #4873, .T. ) ;
#5613 = DIRECTION ( 'NONE',  ( 0.000000000000000000, 0.000000000000000000, 1.000000000000000000 ) ) ;
#5614 = DIRECTION ( 'NONE',  ( -1.000000000000000000, 0.000000000000000000, 0.000000000000000000 ) ) ;
#5615 = VECTOR ( 'NONE', #2956, 1000.000000000000000 ) ;
#5616 = AXIS2_PLACEMENT_3D ( 'NONE', #3975, #347, #2244 ) ;
#5617 = FACE_OUTER_BOUND ( 'NONE', #379, .T. ) ;
#5618 = EDGE_CURVE ( 'NONE', #5243, #3097, #2867, .T. ) ;
#5619 = LINE ( 'NONE', #5213, #4462 ) ;
#5620 = ORIENTED_EDGE ( 'NONE', *, *, #4417, .F. ) ;
#5621 = DIRECTION ( 'NONE',  ( 0.000000000000000000, 0.000000000000000000, 1.000000000000000000 ) ) ;
#5622 = CARTESIAN_POINT ( 'NONE',  ( -2.422262268631081739, 53.74555890472603892, -51.74579653735720086 ) ) ;
#5623 = EDGE_CURVE ( 'NONE', #5000, #2362, #5672, .T. ) ;
#5624 = CARTESIAN_POINT ( 'NONE',  ( 50.18198525190901904, -1.345922649913999347, -54.38539190134059709 ) ) ;
#5625 = FACE_OUTER_BOUND ( 'NONE', #24, .T. ) ;
#5626 = EDGE_LOOP ( 'NONE', ( #2564, #3819 ) ) ;
#5627 = CARTESIAN_POINT ( 'NONE',  ( 28.43500108084743516, 6.065764695174149068, -7.594999999999999751 ) ) ;
#5628 = DIRECTION ( 'NONE',  ( -1.000000000000000000, 0.000000000000000000, -0.000000000000000000 ) ) ;
#5629 = CARTESIAN_POINT ( 'NONE',  ( 49.56865680139679853, -2.374241244657574246, -13.78027065517347083 ) ) ;
#5630 = PRODUCT_RELATED_PRODUCT_CATEGORY ( 'part', '', ( #1697 ) ) ;
#5631 = VERTEX_POINT ( 'NONE', #4983 ) ;
#5632 = CARTESIAN_POINT ( 'NONE',  ( 41.39999999999999858, 18.96000000000000085, 4.145000000000000462 ) ) ;
#5633 = CARTESIAN_POINT ( 'NONE',  ( 45.25451572784982091, 23.16044248326417687, -14.44546445568887272 ) ) ;
#5634 = CARTESIAN_POINT ( 'NONE',  ( 0.9813700878718422116, 53.79136575284793054, -56.50471083157996333 ) ) ;
#5635 = CARTESIAN_POINT ( 'NONE',  ( 42.39999999999999858, -1.934235304825850044, -7.745671117884097789 ) ) ;
#5636 = ORIENTED_EDGE ( 'NONE', *, *, #2292, .F. ) ;
#5637 = VERTEX_POINT ( 'NONE', #3631 ) ;
#5638 = ADVANCED_FACE ( 'NONE', ( #5413 ), #1724, .T. ) ;
#5639 = CARTESIAN_POINT ( 'NONE',  ( 50.19968679510502341, 0.2031244138938245736, -55.14994860720278069 ) ) ;
#5640 = CARTESIAN_POINT ( 'NONE',  ( 0.000000000000000000, 0.000000000000000000, -61.11000000000002785 ) ) ;
#5641 = AXIS2_PLACEMENT_3D ( 'NONE', #1220, #5793, #3567 ) ;
#5642 = CARTESIAN_POINT ( 'NONE',  ( 40.00000000000000000, 24.22999999999999687, 2.095000000000000195 ) ) ;
#5643 = CARTESIAN_POINT ( 'NONE',  ( -19.74000000000000199, -18.00000000000000000, 3.000000000000000000 ) ) ;
#5644 = ORIENTED_EDGE ( 'NONE', *, *, #2637, .F. ) ;
#5645 = EDGE_CURVE ( 'NONE', #833, #2190, #898, .T. ) ;
#5646 = ORIENTED_EDGE ( 'NONE', *, *, #1172, .T. ) ;
#5647 = CARTESIAN_POINT ( 'NONE',  ( 0.000000000000000000, 0.000000000000000000, -32.11000000000002785 ) ) ;
#5648 = CARTESIAN_POINT ( 'NONE',  ( 3.050000000000184119, 53.71347596274141267, -53.41096644373892133 ) ) ;
#5649 = CYLINDRICAL_SURFACE ( 'NONE', #522, 1.550000000000001155 ) ;
#5650 = EDGE_CURVE ( 'NONE', #3031, #2972, #5583, .T. ) ;
#5651 = CARTESIAN_POINT ( 'NONE',  ( -1.353931576711916884, 50.18179822950705216, -54.39110687500023289 ) ) ;
#5652 = ADVANCED_FACE ( 'NONE', ( #5303, #868 ), #4535, .F. ) ;
#5653 = ORIENTED_EDGE ( 'NONE', *, *, #4695, .T. ) ;
#5654 = DIRECTION ( 'NONE',  ( -1.000000000000000000, 0.000000000000000000, 0.000000000000000000 ) ) ;
#5655 = CARTESIAN_POINT ( 'NONE',  ( 24.56575563937926532, 23.11620358300237399, 4.707973910285250696 ) ) ;
#5656 = DIRECTION ( 'NONE',  ( -1.000000000000000000, 0.000000000000000000, 0.000000000000000000 ) ) ;
#5657 = CARTESIAN_POINT ( 'NONE',  ( 38.18440642122248363, -25.65055762081797397, 7.599999999999998757 ) ) ;
#5658 = DIRECTION ( 'NONE',  ( -1.000000000000000000, -0.000000000000000000, -0.000000000000000000 ) ) ;
#5659 = VERTEX_POINT ( 'NONE', #4863 ) ;
#5660 = CARTESIAN_POINT ( 'NONE',  ( 42.39091093901298279, 33.12806629501609734, -14.17143391972770594 ) ) ;
#5661 = AXIS2_PLACEMENT_3D ( 'NONE', #4445, #412, #5378 ) ;
#5662 = CARTESIAN_POINT ( 'NONE',  ( 50.12690763052209064, 19.53799200023140514, -18.60000000000000497 ) ) ;
#5663 = CARTESIAN_POINT ( 'NONE',  ( -2.296983094349418497, 53.75112740728486926, -55.62641966345726985 ) ) ;
#5664 = AXIS2_PLACEMENT_3D ( 'NONE', #78, #4615, #5090 ) ;
#5665 = CARTESIAN_POINT ( 'NONE',  ( -6.999999999999997335, 6.000000000000001776, 6.000000000000000000 ) ) ;
#5666 = ORIENTED_EDGE ( 'NONE', *, *, #2779, .T. ) ;
#5667 = ORIENTED_EDGE ( 'NONE', *, *, #913, .F. ) ;
#5668 = VERTEX_POINT ( 'NONE', #4421 ) ;
#5669 = AXIS2_PLACEMENT_3D ( 'NONE', #5518, #2819, #5544 ) ;
#5670 = CARTESIAN_POINT ( 'NONE',  ( 50.17736704142944859, 1.509243226020485995, -54.01676148791390375 ) ) ;
#5671 = CARTESIAN_POINT ( 'NONE',  ( 40.00000000000000000, -6.334235304825849511, -17.00000000000000000 ) ) ;
#5672 = CIRCLE ( 'NONE', #3896, 4.000000000000003553 ) ;
#5673 = AXIS2_PLACEMENT_3D ( 'NONE', #3437, #3405, #5254 ) ;
#5674 = DIRECTION ( 'NONE',  ( -0.000000000000000000, -0.000000000000000000, -1.000000000000000000 ) ) ;
#5675 = VECTOR ( 'NONE', #583, 1000.000000000000000 ) ;
#5676 = VECTOR ( 'NONE', #5013, 1000.000000000000000 ) ;
#5677 = CARTESIAN_POINT ( 'NONE',  ( 42.39999999999999858, 0.000000000000000000, -0.5949999999999983080 ) ) ;
#5678 = AXIS2_PLACEMENT_3D ( 'NONE', #4365, #2954, #4281 ) ;
#5679 = ORIENTED_EDGE ( 'NONE', *, *, #3388, .T. ) ;
#5680 = EDGE_LOOP ( 'NONE', ( #1222, #4409, #1475, #520 ) ) ;
#5681 = CARTESIAN_POINT ( 'NONE',  ( -35.00000000000000000, 24.00000000000000000, 6.000000000000000000 ) ) ;
#5682 = CARTESIAN_POINT ( 'NONE',  ( 0.4017280307625698543, 53.79885330140072597, -50.58004556783102146 ) ) ;
#5683 = EDGE_CURVE ( 'NONE', #5707, #3704, #5306, .T. ) ;
#5684 = CARTESIAN_POINT ( 'NONE',  ( 50.19114138003141790, -0.9538223892520278913, -54.84841097519032616 ) ) ;
#5685 = CARTESIAN_POINT ( 'NONE',  ( 0.000000000000000000, 0.000000000000000000, -32.11000000000002785 ) ) ;
#5686 = ORIENTED_EDGE ( 'NONE', *, *, #2473, .T. ) ;
#5687 = DIRECTION ( 'NONE',  ( 0.000000000000000000, 0.000000000000000000, -1.000000000000000000 ) ) ;
#5688 = CARTESIAN_POINT ( 'NONE',  ( 1.525832880035211003, -53.77861397721590464, -50.96160566489200505 ) ) ;
#5689 = DIRECTION ( 'NONE',  ( 0.000000000000000000, 0.000000000000000000, -1.000000000000000000 ) ) ;
#5690 = EDGE_CURVE ( 'NONE', #4035, #4405, #995, .T. ) ;
#5691 = CARTESIAN_POINT ( 'NONE',  ( 32.89999999999999858, 19.00000000000000000, 3.000000000000000000 ) ) ;
#5692 = CARTESIAN_POINT ( 'NONE',  ( 53.72073549217813593, -2.930409153924727228, -18.10636047083843891 ) ) ;
#5693 = VERTEX_POINT ( 'NONE', #3982 ) ;
#5694 = B_SPLINE_CURVE_WITH_KNOTS ( 'NONE', 3,
 ( #2747, #4019, #2323, #3553, #4047, #5339, #2263, #3581, #1318, #5361, #5390, #4544, #1374, #5418, #3133, #3664, #4929, #1876, #1433, #4458, #8, #2638, #394, #2200, #4898, #474, #905, #1816 ),
 .UNSPECIFIED., .F., .F.,
 ( 4, 2, 2, 2, 2, 2, 2, 2, 2, 2, 2, 2, 2, 4 ),
 ( 0.000000000000000000, 0.0003028935111262757323, 0.0006057870222525514646, 0.0009086805333788271427, 0.001211574044505102929, 0.001817361066757655153, 0.002423148089010207160, 0.002726041600136483271, 0.003028935111262759383, 0.003331828622389036362, 0.003634722133515312474, 0.004240509155767864698, 0.004543402666894141677, 0.004846296178020417789 ),
 .UNSPECIFIED. ) ;
#5695 = CARTESIAN_POINT ( 'NONE',  ( 0.000000000000000000, 0.000000000000000000, 8.400000000000000355 ) ) ;
#5696 = CARTESIAN_POINT ( 'NONE',  ( 42.94939000021813769, 30.33005830124622193, -12.62575594292316872 ) ) ;
#5697 = CARTESIAN_POINT ( 'NONE',  ( 53.72212302410492413, -2.894710884842062182, -52.62863008391335029 ) ) ;
#5698 = DIRECTION ( 'NONE',  ( 1.000000000000000000, 0.000000000000000000, 0.000000000000000000 ) ) ;
#5699 = ORIENTED_EDGE ( 'NONE', *, *, #2526, .T. ) ;
#5700 = ORIENTED_EDGE ( 'NONE', *, *, #3427, .F. ) ;
#5701 = EDGE_LOOP ( 'NONE', ( #324, #2728, #4322, #2272 ) ) ;
#5702 = AXIS2_PLACEMENT_3D ( 'NONE', #4268, #2888, #5238 ) ;
#5703 = DIRECTION ( 'NONE',  ( 0.000000000000000000, 0.000000000000000000, 1.000000000000000000 ) ) ;
#5704 = DIRECTION ( 'NONE',  ( 0.000000000000000000, 0.000000000000000000, 1.000000000000000000 ) ) ;
#5705 = EDGE_CURVE ( 'NONE', #5333, #2641, #3160, .T. ) ;
#5706 = CARTESIAN_POINT ( 'NONE',  ( 41.39999999999999858, 0.06576469517414959554, -0.5950000000000000844 ) ) ;
#5707 = VERTEX_POINT ( 'NONE', #5328 ) ;
#5708 = DIRECTION ( 'NONE',  ( 0.000000000000000000, 0.000000000000000000, 1.000000000000000000 ) ) ;
#5709 = EDGE_CURVE ( 'NONE', #1420, #4258, #2594, .T. ) ;
#5710 = ORIENTED_EDGE ( 'NONE', *, *, #3580, .F. ) ;
#5711 = VERTEX_POINT ( 'NONE', #1544 ) ;
#5712 = TOROIDAL_SURFACE ( 'NONE', #1031, 50.39999999999999858, 2.000000000000000000 ) ;
#5713 = VECTOR ( 'NONE', #2346, 1000.000000000000000 ) ;
#5714 = CARTESIAN_POINT ( 'NONE',  ( -53.72219933819791748, 2.893299461297988984, -54.59549302386525937 ) ) ;
#5715 = DIRECTION ( 'NONE',  ( -1.000000000000000000, 0.000000000000000000, -0.000000000000000000 ) ) ;
#5716 = CARTESIAN_POINT ( 'NONE',  ( 26.00000000000000000, 19.00000000000000000, 3.000000000000000000 ) ) ;
#5717 = AXIS2_PLACEMENT_3D ( 'NONE', #5414, #4984, #60 ) ;
#5718 = PLANE ( 'NONE',  #613 ) ;
#5719 = EDGE_LOOP ( 'NONE', ( #1564, #4275 ) ) ;
#5720 = DIRECTION ( 'NONE',  ( 1.000000000000000000, 0.000000000000000000, 0.000000000000000000 ) ) ;
#5721 = CARTESIAN_POINT ( 'NONE',  ( 0.7873736855367433618, -53.79459110123241317, -50.65669393844402180 ) ) ;
#5722 = EDGE_CURVE ( 'NONE', #2972, #3031, #5130, .T. ) ;
#5723 = CARTESIAN_POINT ( 'NONE',  ( 28.17000000000000171, -18.00000000000000355, 0.000000000000000000 ) ) ;
#5724 = CARTESIAN_POINT ( 'NONE',  ( 28.43500108084743516, 18.96000000000000085, 4.145000000000000462 ) ) ;
#5725 = CARTESIAN_POINT ( 'NONE',  ( 53.23809720688078073, -7.756166932800240943, -14.00245727712530908 ) ) ;
#5726 = ORIENTED_EDGE ( 'NONE', *, *, #4547, .F. ) ;
#5727 = CARTESIAN_POINT ( 'NONE',  ( 42.48036416231040135, 31.51373096380982020, -11.40393391219313024 ) ) ;
#5728 = LINE ( 'NONE', #309, #3055 ) ;
#5729 = CARTESIAN_POINT ( 'NONE',  ( 2.013803755777458626, 53.76248605050754747, -55.90948590671673912 ) ) ;
#5730 = LINE ( 'NONE', #4437, #2197 ) ;
#5731 = EDGE_CURVE ( 'NONE', #3684, #1355, #899, .T. ) ;
#5732 = EDGE_CURVE ( 'NONE', #3402, #828, #4750, .T. ) ;
#5733 = ORIENTED_EDGE ( 'NONE', *, *, #886, .T. ) ;
#5734 = DIRECTION ( 'NONE',  ( -1.000000000000000000, 0.000000000000000000, 0.000000000000000000 ) ) ;
#5735 = PLANE ( 'NONE',  #4591 ) ;
#5736 = DIRECTION ( 'NONE',  ( 0.000000000000000000, 0.000000000000000000, 1.000000000000000000 ) ) ;
#5737 = FACE_OUTER_BOUND ( 'NONE', #2062, .T. ) ;
#5738 = ORIENTED_EDGE ( 'NONE', *, *, #404, .T. ) ;
#5739 = ORIENTED_EDGE ( 'NONE', *, *, #56, .T. ) ;
#5740 = AXIS2_PLACEMENT_3D ( 'NONE', #181, #684, #234 ) ;
#5741 = CARTESIAN_POINT ( 'NONE',  ( -53.76233992004000584, 2.017575917367653737, -51.31402698199458712 ) ) ;
#5742 = DIRECTION ( 'NONE',  ( -1.000000000000000000, 0.000000000000000000, 0.000000000000000000 ) ) ;
#5743 = CIRCLE ( 'NONE', #3214, 1.199999999999999734 ) ;
#5744 = CARTESIAN_POINT ( 'NONE',  ( 53.36972876658325049, -6.798058614345968032, -15.48340517876159517 ) ) ;
#5745 = CIRCLE ( 'NONE', #2926, 1.000000000000000888 ) ;
#5746 = CARTESIAN_POINT ( 'NONE',  ( 22.09999999999999787, 19.00000000000000000, 3.000000000000000000 ) ) ;
#5747 = ORIENTED_EDGE ( 'NONE', *, *, #5732, .F. ) ;
#5748 = LINE ( 'NONE', #2986, #2524 ) ;
#5749 = CARTESIAN_POINT ( 'NONE',  ( -3.049999999999815525, 52.70000000000001705, -53.61000000000003496 ) ) ;
#5750 = DIRECTION ( 'NONE',  ( 1.000000000000000000, 0.000000000000000000, -0.000000000000000000 ) ) ;
#5751 = DIRECTION ( 'NONE',  ( -0.000000000000000000, -0.000000000000000000, -1.000000000000000000 ) ) ;
#5752 = DIRECTION ( 'NONE',  ( -0.000000000000000000, 0.000000000000000000, 1.000000000000000000 ) ) ;
#5753 = EDGE_LOOP ( 'NONE', ( #413, #4766 ) ) ;
#5754 = DIRECTION ( 'NONE',  ( 1.000000000000000000, 0.000000000000000000, 0.000000000000000000 ) ) ;
#5755 = CARTESIAN_POINT ( 'NONE',  ( -1.549999999999826850, 50.17606501111860240, -53.61000000000003496 ) ) ;
#5756 = CARTESIAN_POINT ( 'NONE',  ( 2.741317040080503808, 53.73016895292791162, -54.96192124750039198 ) ) ;
#5757 = CARTESIAN_POINT ( 'NONE',  ( 48.35865438857081955, -2.000136431721177832, -39.31214825331497309 ) ) ;
#5758 = EDGE_CURVE ( 'NONE', #230, #2100, #4216, .T. ) ;
#5759 = EDGE_LOOP ( 'NONE', ( #3235, #3375, #1441, #3532 ) ) ;
#5760 = ORIENTED_EDGE ( 'NONE', *, *, #1823, .F. ) ;
#5761 = CARTESIAN_POINT ( 'NONE',  ( 50.20000000000000284, 1.083174986709103929E-15, -52.06000000000003070 ) ) ;
#5762 = DIRECTION ( 'NONE',  ( -0.000000000000000000, -0.000000000000000000, 1.000000000000000000 ) ) ;
#5763 = CIRCLE ( 'NONE', #4351, 1.199999999999999734 ) ;
#5764 = EDGE_CURVE ( 'NONE', #5077, #2972, #1278, .T. ) ;
#5765 = CARTESIAN_POINT ( 'NONE',  ( 41.48433734939759887, 34.25623672678269571, -10.59999999999999787 ) ) ;
#5766 = ORIENTED_EDGE ( 'NONE', *, *, #4945, .F. ) ;
#5767 = EDGE_CURVE ( 'NONE', #1956, #1828, #2221, .T. ) ;
#5768 = DIRECTION ( 'NONE',  ( -1.000000000000000000, 0.000000000000000000, 0.000000000000000000 ) ) ;
#5769 = ORIENTED_EDGE ( 'NONE', *, *, #1713, .F. ) ;
#5770 = VECTOR ( 'NONE', #4854, 1000.000000000000000 ) ;
#5771 = VECTOR ( 'NONE', #5116, 1000.000000000000000 ) ;
#5772 = CARTESIAN_POINT ( 'NONE',  ( 42.39999999999999858, 25.23000000000000043, 1.434999999999999831 ) ) ;
#5773 = CARTESIAN_POINT ( 'NONE',  ( 30.07000000000000028, -18.00000000000000355, 6.000000000000000000 ) ) ;
#5774 = AXIS2_PLACEMENT_3D ( 'NONE', #3546, #2740, #5356 ) ;
#5775 = AXIS2_PLACEMENT_3D ( 'NONE', #4193, #1458, #1051 ) ;
#5776 = FACE_BOUND ( 'NONE', #637, .T. ) ;
#5777 = ORIENTED_EDGE ( 'NONE', *, *, #4945, .T. ) ;
#5778 = CARTESIAN_POINT ( 'NONE',  ( 25.06189145959618614, 25.39331553707538447, 6.000000000000000888 ) ) ;
#5779 = CARTESIAN_POINT ( 'NONE',  ( 24.37179638494267309, 24.08727469694206391, 5.680652337961739740 ) ) ;
#5780 = CARTESIAN_POINT ( 'NONE',  ( -27.43999999999999773, -18.00000000000000000, 6.000000000000000000 ) ) ;
#5781 = CARTESIAN_POINT ( 'NONE',  ( -3.000000000000000000, -1.500000000000000000, -10.86772065218060312 ) ) ;
#5782 = PLANE ( 'NONE',  #1826 ) ;
#5783 = ORIENTED_EDGE ( 'NONE', *, *, #2824, .T. ) ;
#5784 = CARTESIAN_POINT ( 'NONE',  ( 46.66875603461460287, 26.78585826626255084, -15.19345850194671499 ) ) ;
#5785 = CARTESIAN_POINT ( 'NONE',  ( 41.48433734939759887, 34.25623672678269571, -10.59999999999999787 ) ) ;
#5786 = EDGE_CURVE ( 'NONE', #1659, #2880, #5497, .T. ) ;
#5787 = DIRECTION ( 'NONE',  ( 0.000000000000000000, 0.000000000000000000, -1.000000000000000000 ) ) ;
#5788 = CARTESIAN_POINT ( 'NONE',  ( 0.000000000000000000, 0.000000000000000000, 8.400000000000000355 ) ) ;
#5789 = VERTEX_POINT ( 'NONE', #5101 ) ;
#5790 = EDGE_LOOP ( 'NONE', ( #62, #2544 ) ) ;
#5791 = CARTESIAN_POINT ( 'NONE',  ( 25.19999999999999929, 26.00000000000000000, -10.86772065218060312 ) ) ;
#5792 = DIRECTION ( 'NONE',  ( 0.000000000000000000, 0.000000000000000000, -1.000000000000000000 ) ) ;
#5793 = DIRECTION ( 'NONE',  ( -0.000000000000000000, -0.000000000000000000, 1.000000000000000000 ) ) ;
#5794 = ORIENTED_EDGE ( 'NONE', *, *, #5683, .F. ) ;
#5795 = FACE_OUTER_BOUND ( 'NONE', #1470, .T. ) ;
#5796 = ORIENTED_EDGE ( 'NONE', *, *, #5722, .F. ) ;
#5797 = DIRECTION ( 'NONE',  ( 1.000000000000000000, 0.000000000000000000, 0.000000000000000000 ) ) ;
#5798 = DIRECTION ( 'NONE',  ( 0.000000000000000000, 0.000000000000000000, 1.000000000000000000 ) ) ;
#5799 = DIRECTION ( 'NONE',  ( -1.000000000000000000, 0.000000000000000000, -0.000000000000000000 ) ) ;
#5800 = ADVANCED_FACE ( 'NONE', ( #4130 ), #3719, .F. ) ;
#5801 = EDGE_LOOP ( 'NONE', ( #2851, #4820, #1249, #750 ) ) ;
#5802 = DIRECTION ( 'NONE',  ( 0.000000000000000000, 0.000000000000000000, 1.000000000000000000 ) ) ;
#5803 = CARTESIAN_POINT ( 'NONE',  ( 24.02047031024665102, 24.47313557933990324, 5.881654358808143357 ) ) ;
#5804 = AXIS2_PLACEMENT_3D ( 'NONE', #4370, #2636, #4426 ) ;
#5805 = CARTESIAN_POINT ( 'NONE',  ( 42.39999999999999858, 7.065764695174149068, -8.595000000000000639 ) ) ;
#5806 = CARTESIAN_POINT ( 'NONE',  ( -0.4067614898863721740, 50.19869865361312833, -52.10075677341689016 ) ) ;
#5807 = CARTESIAN_POINT ( 'NONE',  ( -50.20000000000000995, -0.2022834221262901355, -55.16000000000004633 ) ) ;
#5808 = ORIENTED_EDGE ( 'NONE', *, *, #4070, .T. ) ;
#5809 = CARTESIAN_POINT ( 'NONE',  ( 43.50452746945995131, 31.67554346513355767, -13.53417117699451566 ) ) ;
#5810 = DIRECTION ( 'NONE',  ( -0.000000000000000000, -0.000000000000000000, -1.000000000000000000 ) ) ;
#5811 = EDGE_CURVE ( 'NONE', #1893, #4716, #3778, .T. ) ;
#5812 = PLANE ( 'NONE',  #3425 ) ;
#5813 = DIRECTION ( 'NONE',  ( -0.000000000000000000, 0.000000000000000000, 1.000000000000000000 ) ) ;
#5814 = ORIENTED_EDGE ( 'NONE', *, *, #920, .F. ) ;
#5815 = LINE ( 'NONE', #835, #890 ) ;
#5816 = DIRECTION ( 'NONE',  ( 0.000000000000000000, -1.000000000000000000, 0.000000000000000000 ) ) ;
#5817 = CARTESIAN_POINT ( 'NONE',  ( -53.80100000000000193, 2.155683039480516911E-13, -1.173180855012359533E-27 ) ) ;
#5818 = ORIENTED_EDGE ( 'NONE', *, *, #790, .T. ) ;
#5819 = FACE_OUTER_BOUND ( 'NONE', #161, .T. ) ;
#5820 = ORIENTED_EDGE ( 'NONE', *, *, #1117, .T. ) ;
#5821 = FACE_OUTER_BOUND ( 'NONE', #801, .T. ) ;
#5822 = FACE_OUTER_BOUND ( 'NONE', #3267, .T. ) ;
#5823 = CARTESIAN_POINT ( 'NONE',  ( 24.40197625092476841, 24.54845265918539710, 5.895957083925942754 ) ) ;
ENDSEC;
END-ISO-10303-21;
