ISO-10303-21;
HEADER;
FILE_DESCRIPTION (( 'STEP AP214' ),
    '1' );
FILE_NAME ('Cap_BRw_players.STEP',
    '2026-05-27T06:26:49',
    ( '' ),
    ( '' ),
    'SwSTEP 2.0',
    'SolidWorks 2024',
    '' );
FILE_SCHEMA (( 'AUTOMOTIVE_DESIGN' ));
ENDSEC;

DATA;
#1 = UNCERTAINTY_MEASURE_WITH_UNIT (LENGTH_MEASURE( 1.000000000000000082E-05 ), #4324, 'distance_accuracy_value', 'NONE');
#2 = CARTESIAN_POINT ( 'NONE',  ( 1.856514268870790296, 49.17928809044479266, 15.49582829208394408 ) ) ;
#3 = CARTESIAN_POINT ( 'NONE',  ( 0.000000000000000000, 0.000000000000000000, 0.000000000000000000 ) ) ;
#4 = ADVANCED_FACE ( 'NONE', ( #4061 ), #2499, .F. ) ;
#5 = EDGE_LOOP ( 'NONE', ( #2366, #4574, #2517, #5032, #4127 ) ) ;
#6 = VECTOR ( 'NONE', #1834, 1000.000000000000000 ) ;
#7 = B_SPLINE_CURVE_WITH_KNOTS ( 'NONE', 3,
 ( #1117, #764, #3403, #3076 ),
 .UNSPECIFIED., .F., .F.,
 ( 4, 4 ),
 ( 0.000000000000000000, 0.0005689933005318161810 ),
 .UNSPECIFIED. ) ;
#8 = ORIENTED_EDGE ( 'NONE', *, *, #374, .T. ) ;
#9 = EDGE_CURVE ( 'NONE', #3293, #1018, #4816, .T. ) ;
#10 = DIRECTION ( 'NONE',  ( -1.000000000000000000, -2.842170943040400743E-14, 0.000000000000000000 ) ) ;
#11 = DIRECTION ( 'NONE',  ( -0.000000000000000000, 0.000000000000000000, 1.000000000000000000 ) ) ;
#12 = CARTESIAN_POINT ( 'NONE',  ( -49.98009790768153948, 2.644567807842402196, 15.15901132581799615 ) ) ;
#13 = DIRECTION ( 'NONE',  ( -1.000000000000000000, 0.000000000000000000, 0.000000000000000000 ) ) ;
#14 = DIRECTION ( 'NONE',  ( 1.000000000000000000, 0.000000000000000000, 0.000000000000000000 ) ) ;
#15 = ORIENTED_EDGE ( 'NONE', *, *, #2058, .T. ) ;
#16 = ADVANCED_FACE ( 'NONE', ( #4400 ), #878, .F. ) ;
#17 = CARTESIAN_POINT ( 'NONE',  ( 9.000000000000152767, 44.65201563199580193, 12.75000000000001066 ) ) ;
#18 = LINE ( 'NONE', #4840, #4902 ) ;
#19 = CARTESIAN_POINT ( 'NONE',  ( 0.000000000000000000, 0.000000000000000000, 0.000000000000000000 ) ) ;
#20 = CARTESIAN_POINT ( 'NONE',  ( -49.97490012126343828, -2.740778266508678840, 16.11892534963628165 ) ) ;
#21 = CARTESIAN_POINT ( 'NONE',  ( 44.76051296219343101, -8.443872296601433902, 12.80199695089834755 ) ) ;
#22 = ORIENTED_EDGE ( 'NONE', *, *, #3737, .T. ) ;
#23 = CARTESIAN_POINT ( 'NONE',  ( -45.04001278136632180, -6.962258785694364072, 13.08149677007124012 ) ) ;
#24 = VERTEX_POINT ( 'NONE', #3573 ) ;
#25 = CARTESIAN_POINT ( 'NONE',  ( -9.000000000000465405, -45.15310066872475403, 7.400000000000000355 ) ) ;
#26 = DIRECTION ( 'NONE',  ( -1.000000000000000000, -2.478176394252582127E-16, 0.000000000000000000 ) ) ;
#27 = VECTOR ( 'NONE', #2230, 1000.000000000000000 ) ;
#28 = VECTOR ( 'NONE', #4910, 1000.000000000000000 ) ;
#29 = CARTESIAN_POINT ( 'NONE',  ( -49.18312311945847171, 1.805755119930531061, 16.50237916675605732 ) ) ;
#30 = ORIENTED_EDGE ( 'NONE', *, *, #2421, .F. ) ;
#31 = ORIENTED_EDGE ( 'NONE', *, *, #2161, .T. ) ;
#32 = ADVANCED_FACE ( 'NONE', ( #3680 ), #3192, .T. ) ;
#33 = CARTESIAN_POINT ( 'NONE',  ( -1.813817838286877482, -49.18254782505594846, 16.47921006637294994 ) ) ;
#34 = CARTESIAN_POINT ( 'NONE',  ( 49.21924299451953289, 1.227506793296682996, 14.44515305451639797 ) ) ;
#35 = CARTESIAN_POINT ( 'NONE',  ( -50.01851084683771376, 1.779854690400527906, 13.83745466261583879 ) ) ;
#36 = CARTESIAN_POINT ( 'NONE',  ( 2.681058570385760120, 49.97813947059415085, 15.32565073085612894 ) ) ;
#37 = CARTESIAN_POINT ( 'NONE',  ( 3.146085578794155957, 43.50489298858212805, 1.694065894508600678E-18 ) ) ;
#38 = VECTOR ( 'NONE', #4784, 1000.000000000000000 ) ;
#39 = VERTEX_POINT ( 'NONE', #3599 ) ;
#40 = CARTESIAN_POINT ( 'NONE',  ( 49.24673106620860352, -0.3993041351153227558, 17.75756728214076219 ) ) ;
#41 = CYLINDRICAL_SURFACE ( 'NONE', #631, 53.79999999999999716 ) ;
#42 = CARTESIAN_POINT ( 'NONE',  ( -49.20703813721097220, -1.449871599888442608, 14.66578644328243186 ) ) ;
#43 = DIRECTION ( 'NONE',  ( 0.000000000000000000, 0.000000000000000000, 1.000000000000000000 ) ) ;
#44 = ORIENTED_EDGE ( 'NONE', *, *, #4083, .F. ) ;
#45 = AXIS2_PLACEMENT_3D ( 'NONE', #5093, #3137, #1180 ) ;
#46 = DIRECTION ( 'NONE',  ( -1.000000000000000000, 0.000000000000000000, 0.000000000000000000 ) ) ;
#47 = ORIENTED_EDGE ( 'NONE', *, *, #627, .T. ) ;
#48 = CARTESIAN_POINT ( 'NONE',  ( 0.4593757411115687028, 49.24597762843202275, 14.05222010555931611 ) ) ;
#49 = DIRECTION ( 'NONE',  ( -0.000000000000000000, -0.000000000000000000, 1.000000000000000000 ) ) ;
#50 = ADVANCED_FACE ( 'NONE', ( #2116, #2451 ), #154, .T. ) ;
#51 = AXIS2_PLACEMENT_3D ( 'NONE', #3100, #369, #1538 ) ;
#52 = ORIENTED_EDGE ( 'NONE', *, *, #953, .F. ) ;
#53 = AXIS2_PLACEMENT_3D ( 'NONE', #2788, #829, #391 ) ;
#54 = ADVANCED_FACE ( 'NONE', ( #929 ), #1286, .T. ) ;
#55 = CARTESIAN_POINT ( 'NONE',  ( -49.23415988924762843, 8.999999999999992895, 7.400000000000000355 ) ) ;
#56 = CARTESIAN_POINT ( 'NONE',  ( -49.17632370484702165, 1.895957210385765368, 16.16418764387156415 ) ) ;
#57 = B_SPLINE_CURVE_WITH_KNOTS ( 'NONE', 3,
 ( #2663, #756, #3524, #2319 ),
 .UNSPECIFIED., .F., .F.,
 ( 4, 4 ),
 ( 1.734723475976807094E-18, 0.0005689933005318141210 ),
 .UNSPECIFIED. ) ;
#58 = EDGE_LOOP ( 'NONE', ( #1398, #2762, #1070, #5012 ) ) ;
#59 = B_SPLINE_CURVE_WITH_KNOTS ( 'NONE', 3,
 ( #3085, #4992, #4678, #4605 ),
 .UNSPECIFIED., .F., .F.,
 ( 4, 4 ),
 ( 1.734723475976807094E-18, 0.0005689933005318162894 ),
 .UNSPECIFIED. ) ;
#60 = ORIENTED_EDGE ( 'NONE', *, *, #2684, .F. ) ;
#61 = CARTESIAN_POINT ( 'NONE',  ( 1.170130643887197675, -50.03659657173450626, 18.34850371893191223 ) ) ;
#62 = CARTESIAN_POINT ( 'NONE',  ( 49.17484550155746348, 1.914061520347750900, 15.86806290200222591 ) ) ;
#63 = CARTESIAN_POINT ( 'NONE',  ( -50.04441698890121160, 0.8307076370032310253, 14.18646126314670752 ) ) ;
#64 = CARTESIAN_POINT ( 'NONE',  ( 44.43874998241961549, 10.00000000000000711, 12.75000000000000000 ) ) ;
#65 = CARTESIAN_POINT ( 'NONE',  ( 8.443872296601588445, 44.76051296219340259, 7.451996950898348793 ) ) ;
#66 = VERTEX_POINT ( 'NONE', #1235 ) ;
#67 = DIRECTION ( 'NONE',  ( 0.000000000000000000, 0.000000000000000000, 1.000000000000000000 ) ) ;
#68 = CARTESIAN_POINT ( 'NONE',  ( 9.000000000000005329, -9.267922705394331488E-14, 7.400000000000000355 ) ) ;
#69 = CARTESIAN_POINT ( 'NONE',  ( -50.03233234889931680, -1.338416540070409555, 18.26372694912168626 ) ) ;
#70 = DIRECTION ( 'NONE',  ( -1.000000000000000000, 1.224646799147353454E-16, 0.000000000000000000 ) ) ;
#71 = ORIENTED_EDGE ( 'NONE', *, *, #2716, .T. ) ;
#72 = B_SPLINE_CURVE_WITH_KNOTS ( 'NONE', 3,
 ( #1987, #5080, #857, #418, #809, #4380, #4715, #833, #1558, #395, #2792, #1190, #2817, #4744, #2455, #4404, #3576, #1216, #1265, #1651, #2425, #3939, #883, #4352, #2766, #4013, #3120, #2400, #4328, #77, #3220, #3989, #2352, #494 ),
 .UNSPECIFIED., .F., .F.,
 ( 4, 2, 2, 2, 2, 2, 2, 2, 2, 2, 2, 2, 2, 2, 2, 2, 4 ),
 ( 0.01665088779149903261, 0.01718915409513997392, 0.01772742039878091869, 0.01826568670242185999, 0.01880395300606280476, 0.01934221930970374606, 0.01988048561334469083, 0.02041875191698563213, 0.02095701822062657343, 0.02149528452426751821, 0.02203355082790845951, 0.02257181713154940428, 0.02311008343519034558, 0.02364834973883129035, 0.02418661604247223165, 0.02472488234611317642, 0.02526314864975411772 ),
 .UNSPECIFIED. ) ;
#73 = CYLINDRICAL_SURFACE ( 'NONE', #4496, 45.54999999999999005 ) ;
#74 = DIRECTION ( 'NONE',  ( 1.000000000000000000, 0.000000000000000000, 0.000000000000000000 ) ) ;
#75 = CARTESIAN_POINT ( 'NONE',  ( -1.711342603999264522, 50.02095198002743359, 13.78211025103705900 ) ) ;
#76 = DIRECTION ( 'NONE',  ( 1.000000000000000000, 2.342176784895722760E-16, -0.000000000000000000 ) ) ;
#77 = CARTESIAN_POINT ( 'NONE',  ( 2.353570683015800746, -49.99473840270020020, 17.29923146670950729 ) ) ;
#78 = ORIENTED_EDGE ( 'NONE', *, *, #3671, .T. ) ;
#79 = EDGE_CURVE ( 'NONE', #4155, #1350, #3625, .T. ) ;
#80 = CARTESIAN_POINT ( 'NONE',  ( 2.199812263331050399, 50.00172950428330410, 17.52340167868862508 ) ) ;
#81 = DIRECTION ( 'NONE',  ( 1.000000000000000000, 0.000000000000000000, 0.000000000000000000 ) ) ;
#82 = EDGE_LOOP ( 'NONE', ( #506, #1333, #4794, #686 ) ) ;
#83 = EDGE_LOOP ( 'NONE', ( #2150, #2798, #767, #4430 ) ) ;
#84 = AXIS2_PLACEMENT_3D ( 'NONE', #4160, #1438, #4969 ) ;
#85 = B_SPLINE_CURVE_WITH_KNOTS ( 'NONE', 3,
 ( #896, #1763, #610, #3329, #4913, #996, #4026, #505, #3640, #117, #4835, #4439, #1305, #2233, #4183, #4601, #3355, #1024, #2596, #1487, #3822, #3056, #1432, #2649, #693, #3380 ),
 .UNSPECIFIED., .F., .F.,
 ( 4, 2, 2, 2, 2, 2, 2, 2, 2, 2, 2, 2, 4 ),
 ( 0.0004015657029593684441, 0.001100489243792147995, 0.001449951014208540265, 0.001799412784624932534, 0.002148874555041324803, 0.002498336325457717506, 0.002847798095874109342, 0.003197259866290502045, 0.003896183407123302196, 0.004595106947956103215, 0.005294030488788903366, 0.005643492259205303008, 0.005992954029621701782 ),
 .UNSPECIFIED. ) ;
#86 = CARTESIAN_POINT ( 'NONE',  ( 1.407446144807887878, -49.20953506288477541, 17.18234581496584923 ) ) ;
#87 = PLANE ( 'NONE',  #706 ) ;
#88 = CARTESIAN_POINT ( 'NONE',  ( 1.716479056973826633, 49.18989511827073358, 15.05268946614808279 ) ) ;
#89 = CARTESIAN_POINT ( 'NONE',  ( -0.3996972968093409073, 50.04870560056063056, 13.22308529984848313 ) ) ;
#90 = EDGE_CURVE ( 'NONE', #4155, #5035, #1672, .T. ) ;
#91 = CYLINDRICAL_SURFACE ( 'NONE', #4745, 1.900000000000000133 ) ;
#92 = AXIS2_PLACEMENT_3D ( 'NONE', #4572, #1716, #3279 ) ;
#93 = ORIENTED_EDGE ( 'NONE', *, *, #1841, .F. ) ;
#94 =( BOUNDED_SURFACE ( )  B_SPLINE_SURFACE ( 3, 2, ( 
 ( #2359, #2381, #357 ),
 ( #1921, #1545, #3104 ),
 ( #4677, #3517, #769 ),
 ( #2335, #3945, #2747 ),
 ( #793, #404, #426 ),
 ( #3535, #3558, #1586 ),
 ( #33, #1610, #4751 ),
 ( #530, #166, #4775 ),
 ( #4488, #3997, #2488 ),
 ( #2900, #3612, #2874 ),
 ( #476, #1326, #4831 ),
 ( #2102, #1684, #4885 ),
 ( #916, #3690, #1713 ),
 ( #892, #2921, #3249 ),
 ( #3664, #1353, #968 ),
 ( #2537, #2046, #501 ),
 ( #864, #4461, #581 ),
 ( #4411, #2461, #1737 ),
 ( #4098, #1300, #1247 ),
 ( #2511, #556, #3585 ),
 ( #3635, #1272, #139 ),
 ( #4022, #1659, #4857 ),
 ( #3275, #3203, #2128 ),
 ( #4435, #943, #61 ),
 ( #3299, #3227, #4072 ),
 ( #1637, #2075, #2823 ),
 ( #4386, #2434, #4049 ),
 ( #86, #112, #4802 ),
 ( #2846, #2948, #2202 ),
 ( #269, #4622, #662 ),
 ( #1400, #218, #2673 ),
 ( #4149, #3767, #2229 ) ),
 .UNSPECIFIED., .F., .F., .T. ) 
 B_SPLINE_SURFACE_WITH_KNOTS ( ( 4, 2, 2, 2, 2, 2, 2, 2, 2, 2, 2, 2, 2, 2, 2, 4 ),
 ( 3, 3 ),
 ( 0.000000000000000000, 0.0005276192879455809037, 0.001055238575891161807, 0.001582857863836742603, 0.002110477151782323615, 0.002638096439727904627, 0.003165715727673485205, 0.003693335015619066217, 0.004220954303564647229, 0.004748573591510228675, 0.005276192879455809254, 0.005803812167401389832, 0.006331431455346970411, 0.006859050743292550989, 0.007386670031238132435, 0.008441908607129294459 ),
 ( 0.000000000000000000, 1.000000000000000000 ),
 .UNSPECIFIED. ) 
 GEOMETRIC_REPRESENTATION_ITEM ( )  RATIONAL_B_SPLINE_SURFACE ( (
 ( 1.000000000000000000, 0.6883525296312156261, 1.000000000000000000),
 ( 1.000000000000000000, 0.6878055720893629932, 1.000000000000000000),
 ( 1.000000000000000000, 0.6875046699950271289, 1.000000000000000000),
 ( 1.000000000000000000, 0.6874103930735651069, 1.000000000000000000),
 ( 1.000000000000000000, 0.6876234324915198037, 1.000000000000000000),
 ( 1.000000000000000000, 0.6885366642435601925, 1.000000000000000000),
 ( 1.000000000000000000, 0.6892282353714843657, 1.000000000000000000),
 ( 1.000000000000000000, 0.6909952703590375167, 1.000000000000000000),
 ( 1.000000000000000000, 0.6920808930063646613, 1.000000000000000000),
 ( 1.000000000000000000, 0.6944269093445707419, 1.000000000000000000),
 ( 1.000000000000000000, 0.6956951521837331232, 1.000000000000000000),
 ( 1.000000000000000000, 0.6982791983016436443, 1.000000000000000000),
 ( 1.000000000000000000, 0.6995735414287906906, 1.000000000000000000),
 ( 1.000000000000000000, 0.7019607362095721115, 1.000000000000000000),
 ( 1.000000000000000000, 0.7030712114526269652, 1.000000000000000000),
 ( 1.000000000000000000, 0.7049470221232934097, 1.000000000000000000),
 ( 1.000000000000000000, 0.7056974440252509195, 1.000000000000000000),
 ( 1.000000000000000000, 0.7067522991254836517, 1.000000000000000000),
 ( 1.000000000000000000, 0.7070548287306183122, 1.000000000000000000),
 ( 1.000000000000000000, 0.7071461509998068218, 1.000000000000000000),
 ( 1.000000000000000000, 0.7069430799602527404, 1.000000000000000000),
 ( 1.000000000000000000, 0.7060584028769267828, 1.000000000000000000),
 ( 1.000000000000000000, 0.7053714980688572389, 1.000000000000000000),
 ( 1.000000000000000000, 0.7036451338406723988, 1.000000000000000000),
 ( 1.000000000000000000, 0.7026014036770792393, 1.000000000000000000),
 ( 1.000000000000000000, 0.7002561197710149843, 1.000000000000000000),
 ( 1.000000000000000000, 0.6989914551838654067, 1.000000000000000000),
 ( 1.000000000000000000, 0.6964342686198554677, 1.000000000000000000),
 ( 1.000000000000000000, 0.6951263911164397014, 1.000000000000000000),
 ( 1.000000000000000000, 0.6914852800482319539, 1.000000000000000000),
 ( 1.000000000000000000, 0.6894464840228561320, 1.000000000000000000),
 ( 1.000000000000000000, 0.6883524773543276964, 1.000000000000000000) ) ) 
 REPRESENTATION_ITEM ( '' )  SURFACE ( )  );
#95 = CARTESIAN_POINT ( 'NONE',  ( 50.00861824454844395, 2.038973105555866194, 17.71547379842845515 ) ) ;
#96 = CARTESIAN_POINT ( 'NONE',  ( 8.443872296601590222, 44.76051296219340259, 12.80199695089834755 ) ) ;
#97 = CARTESIAN_POINT ( 'NONE',  ( -50.01617178923755347, -1.844091567303744572, 13.89293979865480289 ) ) ;
#98 = CARTESIAN_POINT ( 'NONE',  ( -49.98205057475016133, -2.607491670346796298, 15.04323628088169507 ) ) ;
#99 = ORIENTED_EDGE ( 'NONE', *, *, #79, .T. ) ;
#100 = CARTESIAN_POINT ( 'NONE',  ( 49.18936034201671248, -1.719922863501958776, 16.71699094501368066 ) ) ;
#101 = CARTESIAN_POINT ( 'NONE',  ( 10.00000000000000000, 44.43874998241961549, -38.35374729631401891 ) ) ;
#102 = DIRECTION ( 'NONE',  ( -0.000000000000000000, -0.000000000000000000, -1.000000000000000000 ) ) ;
#103 = CARTESIAN_POINT ( 'NONE',  ( -2.209677452936681163, 50.00129442885985043, 14.28943392688022840 ) ) ;
#104 = CARTESIAN_POINT ( 'NONE',  ( 7.030567181065637377E-15, 1.590769094821261254E-15, 22.39999999999999858 ) ) ;
#105 = CARTESIAN_POINT ( 'NONE',  ( 1.281251221204156243, 49.21648769621219799, 17.30854577150624252 ) ) ;
#106 = ORIENTED_EDGE ( 'NONE', *, *, #3170, .F. ) ;
#107 = CARTESIAN_POINT ( 'NONE',  ( 45.04001278136632180, -6.962258785694351637, 7.731496770071230706 ) ) ;
#108 = ORIENTED_EDGE ( 'NONE', *, *, #2960, .T. ) ;
#109 = EDGE_CURVE ( 'NONE', #3347, #1187, #2842, .T. ) ;
#110 = ORIENTED_EDGE ( 'NONE', *, *, #1217, .T. ) ;
#111 = VECTOR ( 'NONE', #1327, 1000.000000000000000 ) ;
#112 = CARTESIAN_POINT ( 'NONE',  ( 1.422936980985513022, -50.03355307968773502, 17.16538020396997766 ) ) ;
#113 = CARTESIAN_POINT ( 'NONE',  ( 7.030567181065637377E-15, 1.590769094821261254E-15, 21.60000000000000142 ) ) ;
#114 = CARTESIAN_POINT ( 'NONE',  ( -50.04691898379549286, 0.6598955802579610230, 17.70032455299881491 ) ) ;
#115 = FACE_OUTER_BOUND ( 'NONE', #3455, .T. ) ;
#116 = EDGE_CURVE ( 'NONE', #2006, #3124, #371, .T. ) ;
#117 = CARTESIAN_POINT ( 'NONE',  ( 49.18609779510523339, -1.765620901376913965, 16.61132045560609072 ) ) ;
#118 = ORIENTED_EDGE ( 'NONE', *, *, #1938, .T. ) ;
#119 = CARTESIAN_POINT ( 'NONE',  ( 49.23665826631827258, 0.8148731311297172653, 17.62087221943130189 ) ) ;
#120 = CARTESIAN_POINT ( 'NONE',  ( 44.72579593317483670, 8.627905400467916763, 7.417279921879750937 ) ) ;
#121 = ADVANCED_FACE ( 'NONE', ( #3986 ), #2863, .T. ) ;
#122 = CARTESIAN_POINT ( 'NONE',  ( -49.18398237927716110, -1.796957458877852742, 16.55898469012440444 ) ) ;
#123 = CARTESIAN_POINT ( 'NONE',  ( -50.04667796677646407, -0.5766493646680183049, 13.26029912537892308 ) ) ;
#124 = VERTEX_POINT ( 'NONE', #4923 ) ;
#125 = VECTOR ( 'NONE', #1135, 1000.000000000000000 ) ;
#126 = CARTESIAN_POINT ( 'NONE',  ( 50.02293843416234864, -1.834989466252854751, 15.39243734014960019 ) ) ;
#127 = DIRECTION ( 'NONE',  ( -0.000000000000000000, -0.000000000000000000, 1.000000000000000000 ) ) ;
#128 = CARTESIAN_POINT ( 'NONE',  ( 50.04667796677646407, -0.5766493646680118657, 18.53970087462107941 ) ) ;
#129 = CARTESIAN_POINT ( 'NONE',  ( 45.15310066872483930, -8.999999999999994671, 7.400000000000000355 ) ) ;
#130 = CYLINDRICAL_SURFACE ( 'NONE', #940, 3.000000000000000000 ) ;
#131 = CARTESIAN_POINT ( 'NONE',  ( 2.619399130795714292, 49.98145215497175542, 16.72308798942120589 ) ) ;
#132 = EDGE_LOOP ( 'NONE', ( #3688, #2456, #4545, #4619 ) ) ;
#133 = CARTESIAN_POINT ( 'NONE',  ( -32.68905815166956330, 0.000000000000000000, 15.75000000000000000 ) ) ;
#134 = CIRCLE ( 'NONE', #3022, 50.05000000000000426 ) ;
#135 = LINE ( 'NONE', #3713, #4359 ) ;
#136 = VERTEX_POINT ( 'NONE', #2526 ) ;
#137 = VECTOR ( 'NONE', #4631, 1000.000000000000000 ) ;
#138 = ORIENTED_EDGE ( 'NONE', *, *, #4045, .F. ) ;
#139 = CARTESIAN_POINT ( 'NONE',  ( 0.3081295175400795561, -50.04936433564343190, 18.58874757999760519 ) ) ;
#140 = LINE ( 'NONE', #3691, #28 ) ;
#141 = AXIS2_PLACEMENT_3D ( 'NONE', #576, #2870, #1807 ) ;
#142 = CARTESIAN_POINT ( 'NONE',  ( -50.04861970200273902, 0.4081236469926340371, 17.75567149108975684 ) ) ;
#143 = CARTESIAN_POINT ( 'NONE',  ( -49.68905815166957751, -6.000000000000005329, 21.81210565520126110 ) ) ;
#144 = DIRECTION ( 'NONE',  ( 1.000000000000000000, 2.478176394252582127E-16, -0.000000000000000000 ) ) ;
#145 = ORIENTED_EDGE ( 'NONE', *, *, #1604, .T. ) ;
#146 = MECHANICAL_DESIGN_GEOMETRIC_PRESENTATION_REPRESENTATION (  '', ( #2623 ), #889 ) ;
#147 = ADVANCED_FACE ( 'NONE', ( #1749, #570 ), #2215, .T. ) ;
#148 = CARTESIAN_POINT ( 'NONE',  ( 50.04667796677645697, -0.5766493646680118657, 18.53970087462107941 ) ) ;
#149 = CARTESIAN_POINT ( 'NONE',  ( -49.55456057220449395, -7.026219009586623265, 8.132271764413717463 ) ) ;
#150 = CARTESIAN_POINT ( 'NONE',  ( -49.19309914673564066, -1.666232404882488138, 14.97963945604876201 ) ) ;
#151 = CARTESIAN_POINT ( 'NONE',  ( -50.05000000000010374, -0.1656792358409788779, 18.60000000000187370 ) ) ;
#152 = ADVANCED_FACE ( 'NONE', ( #1726 ), #2910, .T. ) ;
#153 = CARTESIAN_POINT ( 'NONE',  ( 50.02347804021292177, -1.816212278893832410, 16.47154809639923556 ) ) ;
#154 = CYLINDRICAL_SURFACE ( 'NONE', #4315, 50.05000000000000426 ) ;
#155 =( NAMED_UNIT ( * ) PLANE_ANGLE_UNIT ( ) SI_UNIT ( $, .RADIAN. ) );
#156 = CARTESIAN_POINT ( 'NONE',  ( -10.00000000000000000, 44.43874998241961549, 10.34999999999999787 ) ) ;
#157 = CARTESIAN_POINT ( 'NONE',  ( 2.681062256846688641, -49.97813927283519320, 16.47433260623380491 ) ) ;
#158 = VERTEX_POINT ( 'NONE', #4586 ) ;
#159 = EDGE_CURVE ( 'NONE', #4096, #1591, #4546, .T. ) ;
#160 =( BOUNDED_CURVE ( )  B_SPLINE_CURVE ( 3, ( #221, #1790, #1403, #1023 ),
 .UNSPECIFIED., .F., .T. ) 
 B_SPLINE_CURVE_WITH_KNOTS ( ( 4, 4 ),
 ( 1.570796326794896558, 3.141592653589793116 ),
 .UNSPECIFIED. ) 
 CURVE ( )  GEOMETRIC_REPRESENTATION_ITEM ( )  RATIONAL_B_SPLINE_CURVE ( ( 1.000000000000000000, 0.8047378541243649375, 0.8047378541243649375, 1.000000000000000000 ) ) 
 REPRESENTATION_ITEM ( '' )  );
#161 = FACE_OUTER_BOUND ( 'NONE', #4117, .T. ) ;
#162 = CARTESIAN_POINT ( 'NONE',  ( 35.68905815166957041, -8.999999999999996447, 12.75000000000000000 ) ) ;
#163 = CARTESIAN_POINT ( 'NONE',  ( -49.23376618269912086, 0.8952329545526340748, 14.22013461056939931 ) ) ;
#164 = VERTEX_POINT ( 'NONE', #1771 ) ;
#165 = ORIENTED_EDGE ( 'NONE', *, *, #4045, .T. ) ;
#166 = CARTESIAN_POINT ( 'NONE',  ( -1.730533223947738231, -50.02584187274143090, 16.69398848823931658 ) ) ;
#167 = CARTESIAN_POINT ( 'NONE',  ( 48.88315149414979999, 6.000000000000004441, 22.39999999999999858 ) ) ;
#168 = CARTESIAN_POINT ( 'NONE',  ( -49.20697819622994018, 1.450857325798225350, 17.13301599596862346 ) ) ;
#169 = CARTESIAN_POINT ( 'NONE',  ( -49.37726961975243256, -6.000000000000004441, 22.24056743991561191 ) ) ;
#170 = DIRECTION ( 'NONE',  ( -0.000000000000000000, -0.000000000000000000, 1.000000000000000000 ) ) ;
#171 = B_SPLINE_CURVE_WITH_KNOTS ( 'NONE', 3,
 ( #2737, #3791, #3938, #1838, #2253, #2374, #2646, #3408, #3031, #1073, #4693, #417, #4598, #3819, #1962, #3551, #298, #3529 ),
 .UNSPECIFIED., .F., .F.,
 ( 4, 2, 2, 2, 2, 2, 2, 2, 4 ),
 ( 0.000000000000000000, 0.0005894135379819894719, 0.001178827075963978944, 0.001768240613945968416, 0.002357654151927957888, 0.002947067689909947576, 0.003536481227891938566, 0.004125894765873929990, 0.004715308303855920112 ),
 .UNSPECIFIED. ) ;
#172 = ORIENTED_EDGE ( 'NONE', *, *, #1043, .F. ) ;
#173 = CARTESIAN_POINT ( 'NONE',  ( 50.01851084683771376, 1.779854690400535011, 17.96254533738401094 ) ) ;
#174 = CARTESIAN_POINT ( 'NONE',  ( 8.813289815227873802, -44.68964868481919694, 7.399999999999999467 ) ) ;
#175 = CARTESIAN_POINT ( 'NONE',  ( -49.23061639573887049, -0.9776476794290649419, 14.26607501238396658 ) ) ;
#176 = CARTESIAN_POINT ( 'NONE',  ( 1.914050177811398301, -49.17487425523007261, 15.80762522747962429 ) ) ;
#177 = ADVANCED_FACE ( 'NONE', ( #1363 ), #4088, .T. ) ;
#178 = ADVANCED_FACE ( 'NONE', ( #181 ), #4322, .F. ) ;
#179 = AXIS2_PLACEMENT_3D ( 'NONE', #1560, #3941, #1656 ) ;
#180 = CARTESIAN_POINT ( 'NONE',  ( 49.17720963015157309, -1.883761040428500122, 15.62286781291999915 ) ) ;
#181 = FACE_OUTER_BOUND ( 'NONE', #3745, .T. ) ;
#182 = LINE ( 'NONE', #1673, #2943 ) ;
#183 = DIRECTION ( 'NONE',  ( -1.047444401652940007E-14, -1.000000000000000000, 0.000000000000000000 ) ) ;
#184 = CARTESIAN_POINT ( 'NONE',  ( -50.05000000000000426, -0.09715991807005036618, 13.19999999999999929 ) ) ;
#185 = CARTESIAN_POINT ( 'NONE',  ( 9.000000000000152767, 44.65201563199580193, 12.75000000000001066 ) ) ;
#186 = ORIENTED_EDGE ( 'NONE', *, *, #1479, .F. ) ;
#187 = ADVANCED_FACE ( 'NONE', ( #679 ), #1801, .F. ) ;
#188 = CARTESIAN_POINT ( 'NONE',  ( 0.000000000000000000, 0.000000000000000000, 12.75000000000000000 ) ) ;
#189 = CARTESIAN_POINT ( 'NONE',  ( -10.00000000000000000, 0.000000000000000000, 10.34999999999999787 ) ) ;
#190 = ORIENTED_EDGE ( 'NONE', *, *, #3123, .F. ) ;
#191 = ORIENTED_EDGE ( 'NONE', *, *, #2487, .T. ) ;
#192 = CARTESIAN_POINT ( 'NONE',  ( -1.807487345848061810, 50.02372681131520693, 16.53536374141577525 ) ) ;
#193 = PLANE ( 'NONE',  #2767 ) ;
#194 = CARTESIAN_POINT ( 'NONE',  ( 1.855275722633641551E-13, 53.80000000000018900, 15.90000000000000036 ) ) ;
#195 = CARTESIAN_POINT ( 'NONE',  ( -50.00627936455671119, 2.095234889017487223, 17.65218062604689564 ) ) ;
#196 = DIRECTION ( 'NONE',  ( -3.491481338843133355E-15, -1.000000000000000000, 0.000000000000000000 ) ) ;
#197 = CYLINDRICAL_SURFACE ( 'NONE', #1209, 2.999999999999999112 ) ;
#198 = EDGE_LOOP ( 'NONE', ( #1596, #2722 ) ) ;
#199 = AXIS2_PLACEMENT_3D ( 'NONE', #3964, #2739, #442 ) ;
#200 = CARTESIAN_POINT ( 'NONE',  ( 50.02295356410446203, 1.834457745029004494, 16.40948280395073766 ) ) ;
#201 = LINE ( 'NONE', #615, #1678 ) ;
#202 = CARTESIAN_POINT ( 'NONE',  ( 9.000000000000150990, 45.15310066872481087, 7.400000000000000355 ) ) ;
#203 = CARTESIAN_POINT ( 'NONE',  ( 2.681062256841240110, -49.97813927283549162, 16.47433260625842877 ) ) ;
#204 = CARTESIAN_POINT ( 'NONE',  ( 49.23261474853347153, -0.9267941528132778162, 14.23663659016473382 ) ) ;
#205 = CARTESIAN_POINT ( 'NONE',  ( -2.106843152333857994, -46.26521133956566700, -4.336808689942017736E-16 ) ) ;
#206 = CARTESIAN_POINT ( 'NONE',  ( 49.98842783496841236, 2.482742929428604750, 14.73693173055280425 ) ) ;
#207 = CARTESIAN_POINT ( 'NONE',  ( -50.04999999999999716, -2.314123766397086009E-15, 13.19999999999999929 ) ) ;
#208 = CARTESIAN_POINT ( 'NONE',  ( 49.68905815166957041, -5.999999999999992006, 21.60000000000000142 ) ) ;
#209 = ORIENTED_EDGE ( 'NONE', *, *, #4944, .F. ) ;
#210 = B_SPLINE_CURVE_WITH_KNOTS ( 'NONE', 3,
 ( #3553, #3531, #5061, #2719, #2 ),
 .UNSPECIFIED., .F., .F.,
 ( 4, 1, 4 ),
 ( 0.000000000000000000, 0.0002032590878508017335, 0.0004065181757016034670 ),
 .UNSPECIFIED. ) ;
#211 = VECTOR ( 'NONE', #3160, 1000.000000000000000 ) ;
#212 = DIRECTION ( 'NONE',  ( -2.478176394252583113E-16, 1.000000000000000000, 0.000000000000000000 ) ) ;
#213 = CARTESIAN_POINT ( 'NONE',  ( -49.22136116707024911, 1.184882866206919294, 14.41020426071368377 ) ) ;
#214 = ORIENTED_EDGE ( 'NONE', *, *, #79, .F. ) ;
#215 = EDGE_CURVE ( 'NONE', #1145, #884, #651, .T. ) ;
#216 = VECTOR ( 'NONE', #823, 1000.000000000000000 ) ;
#217 = CARTESIAN_POINT ( 'NONE',  ( 50.05043327158882960, -0.1002389203642470999, 13.98568265528061971 ) ) ;
#218 = CARTESIAN_POINT ( 'NONE',  ( 1.807487345843293625, -50.02372681131519983, 16.53536374141533116 ) ) ;
#219 = CARTESIAN_POINT ( 'NONE',  ( 49.60076422399269092, 6.000000000000006217, 22.01968219540036387 ) ) ;
#220 = LINE ( 'NONE', #637, #3098 ) ;
#221 = CARTESIAN_POINT ( 'NONE',  ( -32.68905815166956330, 8.999999999999996447, 12.75000000000000000 ) ) ;
#222 = FACE_OUTER_BOUND ( 'NONE', #3556, .T. ) ;
#223 = CIRCLE ( 'NONE', #2025, 1.900000000000000577 ) ;
#224 = VERTEX_POINT ( 'NONE', #338 ) ;
#225 = ORIENTED_EDGE ( 'NONE', *, *, #2356, .F. ) ;
#226 = VECTOR ( 'NONE', #2385, 1000.000000000000000 ) ;
#227 = CARTESIAN_POINT ( 'NONE',  ( -6.000000000000511591, -49.68905815166950646, 10.20069501929510736 ) ) ;
#228 = CARTESIAN_POINT ( 'NONE',  ( -49.68905815166957751, 5.999999999999992895, 21.70603902178096689 ) ) ;
#229 = CARTESIAN_POINT ( 'NONE',  ( 1.249359322231658798, 49.21816076932141470, 17.33610948226750281 ) ) ;
#230 = CARTESIAN_POINT ( 'NONE',  ( 1.913492449026104270, -50.02067902955041490, 15.81052381779962168 ) ) ;
#231 = CARTESIAN_POINT ( 'NONE',  ( 1.712441557954170746, 50.02091157030952218, 18.01694388500479604 ) ) ;
#232 = ORIENTED_EDGE ( 'NONE', *, *, #3606, .F. ) ;
#233 = CARTESIAN_POINT ( 'NONE',  ( -44.76051296219343101, -8.443872296601446337, 12.80199695089834755 ) ) ;
#234 = CARTESIAN_POINT ( 'NONE',  ( -3.149807816272654826, -43.03488368564030253, -4.336808689942017736E-16 ) ) ;
#235 = CARTESIAN_POINT ( 'NONE',  ( 6.000000000000120792, 35.68905815166954909, 15.75000000000000000 ) ) ;
#236 = LINE ( 'NONE', #4873, #4406 ) ;
#237 = CARTESIAN_POINT ( 'NONE',  ( 49.66793714652352065, -5.999999999999992895, 21.81011177045875016 ) ) ;
#238 = ORIENTED_EDGE ( 'NONE', *, *, #4494, .T. ) ;
#239 = DIRECTION ( 'NONE',  ( 0.000000000000000000, 0.000000000000000000, -1.000000000000000000 ) ) ;
#240 = CARTESIAN_POINT ( 'NONE',  ( 48.88315149414979999, -5.999999999999992006, 22.39999999999999858 ) ) ;
#241 = ORIENTED_EDGE ( 'NONE', *, *, #109, .T. ) ;
#242 = EDGE_CURVE ( 'NONE', #535, #2473, #2348, .T. ) ;
#243 = ADVANCED_FACE ( 'NONE', ( #3480 ), #314, .F. ) ;
#244 = DIRECTION ( 'NONE',  ( -0.000000000000000000, -0.000000000000000000, 1.000000000000000000 ) ) ;
#245 = CARTESIAN_POINT ( 'NONE',  ( 6.000000000000166089, 49.68905815166954909, 21.60000000000000142 ) ) ;
#246 = CARTESIAN_POINT ( 'NONE',  ( 5.999999999999630518, -35.68905815166963436, 22.39999999999999858 ) ) ;
#247 = LINE ( 'NONE', #2203, #4409 ) ;
#248 = LINE ( 'NONE', #584, #3142 ) ;
#249 = CARTESIAN_POINT ( 'NONE',  ( 0.2613156901243613439, -49.24964114099678625, 17.79632552118394173 ) ) ;
#250 = VERTEX_POINT ( 'NONE', #1474 ) ;
#251 = ORIENTED_EDGE ( 'NONE', *, *, #3542, .F. ) ;
#252 = CARTESIAN_POINT ( 'NONE',  ( -6.746618956819639301, -49.59339968800541243, 8.409873481746064527 ) ) ;
#253 = DIRECTION ( 'NONE',  ( 3.243663699417875537E-15, 1.000000000000000000, -0.000000000000000000 ) ) ;
#254 = CARTESIAN_POINT ( 'NONE',  ( -1.796258638338560587, 49.18384818677060366, 16.52996199728990590 ) ) ;
#255 = CARTESIAN_POINT ( 'NONE',  ( 1.847639736560508616, 49.17997307451943811, 16.36015328182951123 ) ) ;
#256 = AXIS2_PLACEMENT_3D ( 'NONE', #1528, #5031, #387 ) ;
#257 = CARTESIAN_POINT ( 'NONE',  ( 50.04667796677645697, -0.5766493646680118657, 18.53970087462107941 ) ) ;
#258 = CARTESIAN_POINT ( 'NONE',  ( -7.507171126455761900, 49.48405839415583074, 7.790465420013690689 ) ) ;
#259 = CARTESIAN_POINT ( 'NONE',  ( -6.000000000000504485, -48.88315149414973604, 22.39999999999999858 ) ) ;
#260 = CARTESIAN_POINT ( 'NONE',  ( 1.838526543414604530, -50.01637680162655641, 13.88804095189802723 ) ) ;
#261 = VERTEX_POINT ( 'NONE', #3862 ) ;
#262 = B_SPLINE_CURVE_WITH_KNOTS ( 'NONE', 3,
 ( #1193, #3581, #2769, #472, #4332, #812, #4747, #2377, #1219, #1990, #3554, #446, #29, #56, #1243, #2430, #1296, #1710, #578, #2506, #4119, #213, #1781, #163, #3659, #603, #1372, #3346 ),
 .UNSPECIFIED., .F., .F.,
 ( 4, 2, 2, 2, 2, 2, 2, 2, 2, 2, 2, 2, 2, 4 ),
 ( 0.006395183522874540137, 0.006744415497668796930, 0.007093647472463052855, 0.007442879447257308781, 0.007792111422051565574, 0.008141343396845822367, 0.008490575371640078292, 0.009189039321228591878, 0.009887503270817114137, 0.01023673524561137527, 0.01058596722040563640, 0.01093519919519989753, 0.01128443116999415866, 0.01198289511958268438 ),
 .UNSPECIFIED. ) ;
#263 = CARTESIAN_POINT ( 'NONE',  ( -50.02351884000886884, 1.633892465940204319, 18.07529988731017667 ) ) ;
#264 =( BOUNDED_SURFACE ( )  B_SPLINE_SURFACE ( 3, 2, ( 
 ( #1581, #3419, #1471 ),
 ( #3041, #519, #4133 ),
 ( #4429, #4970, #4219 ),
 ( #4850, #3778, #1031 ),
 ( #1061, #2093, #4525 ),
 ( #255, #4823, #2188 ),
 ( #4943, #1439, #131 ),
 ( #2575, #1706, #3390 ),
 ( #1824, #1676, #675 ),
 ( #3362, #3012, #4997 ),
 ( #4582, #3268, #3629 ),
 ( #105, #1006, #2633 ),
 ( #2064, #3243, #231 ),
 ( #3655, #618, #1319 ),
 ( #4191, #2867, #3752 ),
 ( #2240, #4609, #648 ),
 ( #2889, #1798, #2660 ),
 ( #1412, #2985, #2212 ),
 ( #3802, #4551, #2605 ),
 ( #4161, #1291, #908 ),
 ( #2478, #282, #1849 ),
 ( #1083, #4041, #1107 ),
 ( #335, #2708, #3858 ),
 ( #1496, #5025, #4267 ),
 ( #702, #2685, #2265 ),
 ( #4634, #1129, #3065 ),
 ( #4242, #1522, #310 ),
 ( #733, #3089, #1901 ),
 ( #4657, #3477, #1878 ),
 ( #5050, #2293, #3833 ),
 ( #3447, #192, #3029 ),
 ( #4148, #1786, #3766 ) ),
 .UNSPECIFIED., .F., .F., .T. ) 
 B_SPLINE_SURFACE_WITH_KNOTS ( ( 4, 2, 2, 2, 2, 2, 2, 2, 2, 2, 2, 2, 2, 2, 2, 4 ),
 ( 3, 3 ),
 ( 0.000000000000000000, 0.0005276192879455804700, 0.001055238575891160940, 0.001582857863836741302, 0.002110477151782321880, 0.002638096439727902025, 0.003165715727673482603, 0.003693335015619063182, 0.004220954303564643760, 0.004748573591510223471, 0.005276192879455804050, 0.005803812167401384628, 0.006331431455346965206, 0.006859050743292545785, 0.007386670031238126363, 0.008441908607129287520 ),
 ( 0.000000000000000000, 1.000000000000000000 ),
 .UNSPECIFIED. ) 
 GEOMETRIC_REPRESENTATION_ITEM ( )  RATIONAL_B_SPLINE_SURFACE ( (
 ( 1.000000000000000000, 0.6883525296312180686, 1.000000000000000000),
 ( 1.000000000000000000, 0.6878055720898145209, 1.000000000000000000),
 ( 1.000000000000000000, 0.6875046699944205031, 1.000000000000000000),
 ( 1.000000000000000000, 0.6874103930741695123, 1.000000000000000000),
 ( 1.000000000000000000, 0.6876234324918074625, 1.000000000000000000),
 ( 1.000000000000000000, 0.6885366642432778628, 1.000000000000000000),
 ( 1.000000000000000000, 0.6892282353717611443, 1.000000000000000000),
 ( 1.000000000000000000, 0.6909952703587656231, 1.000000000000000000),
 ( 1.000000000000000000, 0.6920808930069405340, 1.000000000000000000),
 ( 1.000000000000000000, 0.6944269093439926488, 1.000000000000000000),
 ( 1.000000000000000000, 0.6956951521834460195, 1.000000000000000000),
 ( 1.000000000000000000, 0.6982791983019283055, 1.000000000000000000),
 ( 1.000000000000000000, 0.6995735414290656928, 1.000000000000000000),
 ( 1.000000000000000000, 0.7019607362093002179, 1.000000000000000000),
 ( 1.000000000000000000, 0.7030712114526217471, 1.000000000000000000),
 ( 1.000000000000000000, 0.7049470221232881917, 1.000000000000000000),
 ( 1.000000000000000000, 0.7056974440249844660, 1.000000000000000000),
 ( 1.000000000000000000, 0.7067522991257449982, 1.000000000000000000),
 ( 1.000000000000000000, 0.7070548287306084312, 1.000000000000000000),
 ( 1.000000000000000000, 0.7071461509998167028, 1.000000000000000000),
 ( 1.000000000000000000, 0.7069430799605341820, 1.000000000000000000),
 ( 1.000000000000000000, 0.7060584028766384579, 1.000000000000000000),
 ( 1.000000000000000000, 0.7053714980685827918, 1.000000000000000000),
 ( 1.000000000000000000, 0.7036451338409448475, 1.000000000000000000),
 ( 1.000000000000000000, 0.7026014036768106763, 1.000000000000000000),
 ( 1.000000000000000000, 0.7002561197712808827, 1.000000000000000000),
 ( 1.000000000000000000, 0.6989914551841401869, 1.000000000000000000),
 ( 1.000000000000000000, 0.6964342686195833521, 1.000000000000000000),
 ( 1.000000000000000000, 0.6951263911164409226, 1.000000000000000000),
 ( 1.000000000000000000, 0.6914852800482331752, 1.000000000000000000),
 ( 1.000000000000000000, 0.6894464840228576863, 1.000000000000000000),
 ( 1.000000000000000000, 0.6883524773543283626, 1.000000000000000000) ) ) 
 REPRESENTATION_ITEM ( '' )  SURFACE ( )  );
#265 = CARTESIAN_POINT ( 'NONE',  ( -10.00000000000000000, -24.00000000000000355, 12.75000000000000000 ) ) ;
#266 = ORIENTED_EDGE ( 'NONE', *, *, #1290, .T. ) ;
#267 = VECTOR ( 'NONE', #3375, 1000.000000000000000 ) ;
#268 = CARTESIAN_POINT ( 'NONE',  ( 0.000000000000000000, 0.000000000000000000, 12.75000000000000000 ) ) ;
#269 = CARTESIAN_POINT ( 'NONE',  ( 1.702452721765974397, -49.19095965376237700, 16.77961953890006086 ) ) ;
#270 = CARTESIAN_POINT ( 'NONE',  ( 7.030567181065637377E-15, 1.590769094821261254E-15, 7.400000000000000355 ) ) ;
#271 = CYLINDRICAL_SURFACE ( 'NONE', #1779, 50.05000000000000426 ) ;
#272 = CARTESIAN_POINT ( 'NONE',  ( 49.98320779885306564, -2.585861261358626706, 14.97975784931713150 ) ) ;
#273 = VERTEX_POINT ( 'NONE', #802 ) ;
#274 = EDGE_CURVE ( 'NONE', #4002, #5063, #4566, .T. ) ;
#275 = B_SPLINE_CURVE_WITH_KNOTS ( 'NONE', 3,
 ( #549, #1732, #936, #4066, #1294, #2587 ),
 .UNSPECIFIED., .F., .F.,
 ( 4, 2, 4 ),
 ( 0.005992104062759393002, 0.006195697317314435154, 0.006399290571869477307 ),
 .UNSPECIFIED. ) ;
#276 = VERTEX_POINT ( 'NONE', #3500 ) ;
#278 = EDGE_CURVE ( 'NONE', #3468, #3732, #1367, .T. ) ;
#277 = CARTESIAN_POINT ( 'NONE',  ( -7.504278549310691382, -49.48450129220115201, 7.791994893380011611 ) ) ;
#279 = DIRECTION ( 'NONE',  ( -0.000000000000000000, -0.000000000000000000, -1.000000000000000000 ) ) ;
#280 = LINE ( 'NONE', #3855, #5077 ) ;
#281 = CARTESIAN_POINT ( 'NONE',  ( 1.858562985704447668, -50.02226199897553727, 16.29476088704983283 ) ) ;
#282 = CARTESIAN_POINT ( 'NONE',  ( -0.2183914019826249664, 50.04973352061400504, 17.79168756748232383 ) ) ;
#283 = VECTOR ( 'NONE', #1650, 1000.000000000000000 ) ;
#284 = ORIENTED_EDGE ( 'NONE', *, *, #1974, .F. ) ;
#285 = EDGE_CURVE ( 'NONE', #3834, #3936, #291, .T. ) ;
#286 = PLANE ( 'NONE',  #3915 ) ;
#287 = CYLINDRICAL_SURFACE ( 'NONE', #541, 2.999999999999999112 ) ;
#288 = CARTESIAN_POINT ( 'NONE',  ( -1.900000000000512612, -49.17593415482820518, 15.83185362230166859 ) ) ;
#289 = CARTESIAN_POINT ( 'NONE',  ( 49.63926632990233401, -6.399841982065079371, 8.890733117424263199 ) ) ;
#290 = CARTESIAN_POINT ( 'NONE',  ( 0.9199767915555814302, -50.04181289376038677, 13.35023020510044667 ) ) ;
#291 =( BOUNDED_CURVE ( )  B_SPLINE_CURVE ( 3, ( #2730, #778, #2368, #5028 ),
 .UNSPECIFIED., .F., .F. ) 
 B_SPLINE_CURVE_WITH_KNOTS ( ( 4, 4 ),
 ( 4.712388980384689674, 6.283185307179586232 ),
 .UNSPECIFIED. ) 
 CURVE ( )  GEOMETRIC_REPRESENTATION_ITEM ( )  RATIONAL_B_SPLINE_CURVE ( ( 1.000000000000000000, 0.8047378541243649375, 0.8047378541243649375, 1.000000000000000000 ) ) 
 REPRESENTATION_ITEM ( '' )  );
#292 = ORIENTED_EDGE ( 'NONE', *, *, #1495, .F. ) ;
#293 = CARTESIAN_POINT ( 'NONE',  ( -50.04480002690259255, 0.7396382014843327912, 18.50522574235938222 ) ) ;
#294 = ORIENTED_EDGE ( 'NONE', *, *, #2651, .F. ) ;
#295 =( BOUNDED_CURVE ( )  B_SPLINE_CURVE ( 3, ( #4539, #3715, #1484, #3053 ),
 .UNSPECIFIED., .F., .F. ) 
 B_SPLINE_CURVE_WITH_KNOTS ( ( 4, 4 ),
 ( 0.1864543798253336382, 1.570796326794896114 ),
 .UNSPECIFIED. ) 
 CURVE ( )  GEOMETRIC_REPRESENTATION_ITEM ( )  RATIONAL_B_SPLINE_CURVE ( ( 1.000000000000000000, 0.8465748621659208162, 0.8465748621659208162, 1.000000000000000000 ) ) 
 REPRESENTATION_ITEM ( '' )  );
#296 = DIRECTION ( 'NONE',  ( 1.000000000000000000, 0.000000000000000000, 0.000000000000000000 ) ) ;
#297 = CARTESIAN_POINT ( 'NONE',  ( -5.999999999999833911, 49.09319736703186265, 22.37940404551952156 ) ) ;
#298 = CARTESIAN_POINT ( 'NONE',  ( 8.804005596779393983, 49.26998764853008339, 7.400000000000001243 ) ) ;
#299 = DIRECTION ( 'NONE',  ( 0.000000000000000000, 1.000000000000000000, -0.000000000000000000 ) ) ;
#300 = CARTESIAN_POINT ( 'NONE',  ( 50.02366985790857257, -1.630376367391930037, 13.72106561985218320 ) ) ;
#301 = CARTESIAN_POINT ( 'NONE',  ( 1.831782702521564721, -49.18117342575720841, 16.41777664419446836 ) ) ;
#302 = ORIENTED_EDGE ( 'NONE', *, *, #159, .T. ) ;
#303 = CIRCLE ( 'NONE', #3835, 45.54999999999999005 ) ;
#304 = EDGE_LOOP ( 'NONE', ( #2733, #481, #93, #425 ) ) ;
#305 = CARTESIAN_POINT ( 'NONE',  ( 50.04691898379548576, 0.6598955802582899821, 14.09967544700037401 ) ) ;
#306 = CARTESIAN_POINT ( 'NONE',  ( 24.00000000000000000, -10.00000000000000711, 12.74999999999999822 ) ) ;
#307 = CIRCLE ( 'NONE', #3337, 49.25000000000000000 ) ;
#308 = CARTESIAN_POINT ( 'NONE',  ( -1.856516821578014786, 49.17928789584708937, 16.30415998218185436 ) ) ;
#309 = CARTESIAN_POINT ( 'NONE',  ( 0.9805061231515570519, -49.23050082720891396, 14.26779453364109429 ) ) ;
#310 = CARTESIAN_POINT ( 'NONE',  ( -1.775146347729954943, 50.01867593946003154, 17.96632865446149196 ) ) ;
#311 = ORIENTED_EDGE ( 'NONE', *, *, #1544, .F. ) ;
#312 = VECTOR ( 'NONE', #2778, 1000.000000000000000 ) ;
#313 = CARTESIAN_POINT ( 'NONE',  ( -44.72579593317483670, -8.627905400467916763, 12.76727992187975325 ) ) ;
#314 = CYLINDRICAL_SURFACE ( 'NONE', #2431, 2.999999999999999112 ) ;
#315 = CARTESIAN_POINT ( 'NONE',  ( 49.36980254340816998, -8.225756693056075264, 7.495022668175028713 ) ) ;
#316 = CARTESIAN_POINT ( 'NONE',  ( -1.806726183928398122, -49.18308352757603075, 15.26713269487720304 ) ) ;
#317 = VECTOR ( 'NONE', #2664, 1000.000000000000000 ) ;
#318 = ORIENTED_EDGE ( 'NONE', *, *, #2424, .F. ) ;
#319 = LINE ( 'NONE', #1887, #1131 ) ;
#320 = ORIENTED_EDGE ( 'NONE', *, *, #1731, .T. ) ;
#321 = ADVANCED_FACE ( 'NONE', ( #3092 ), #287, .F. ) ;
#322 = CYLINDRICAL_SURFACE ( 'NONE', #3400, 26.00000000000000355 ) ;
#323 = ORIENTED_EDGE ( 'NONE', *, *, #3606, .T. ) ;
#324 = CARTESIAN_POINT ( 'NONE',  ( -0.2296649873643034079, 50.04979871155128990, 13.20361350365656783 ) ) ;
#325 = CARTESIAN_POINT ( 'NONE',  ( -3.738230416123251367E-13, -35.68905815166957041, 22.39999999999999858 ) ) ;
#326 = CARTESIAN_POINT ( 'NONE',  ( 50.01634904205085519, -1.839298455501310992, 17.91131479173590435 ) ) ;
#327 = CARTESIAN_POINT ( 'NONE',  ( -0.6585151816909410316, -49.24198807070256834, 17.69733865756829871 ) ) ;
#328 = ORIENTED_EDGE ( 'NONE', *, *, #3352, .T. ) ;
#329 = ORIENTED_EDGE ( 'NONE', *, *, #669, .T. ) ;
#330 = CARTESIAN_POINT ( 'NONE',  ( -6.019663890003478457, -49.68669491621859180, 10.00476596493292547 ) ) ;
#331 = DIRECTION ( 'NONE',  ( -3.491481338843133355E-15, -1.000000000000000000, 0.000000000000000000 ) ) ;
#332 = CARTESIAN_POINT ( 'NONE',  ( -1.017300036582285960, 49.22896037868189012, 17.50890212812102220 ) ) ;
#333 = CARTESIAN_POINT ( 'NONE',  ( 0.9309550344982925330, -50.04161153637334536, 13.35402967524092688 ) ) ;
#334 = CARTESIAN_POINT ( 'NONE',  ( 0.000000000000000000, -10.00000000000000711, 10.34999999999999787 ) ) ;
#335 = CARTESIAN_POINT ( 'NONE',  ( -0.5798056113677079182, 49.24337981862347391, 17.71360261026529059 ) ) ;
#336 = VERTEX_POINT ( 'NONE', #1852 ) ;
#337 = DIRECTION ( 'NONE',  ( 1.000000000000000000, 0.000000000000000000, 0.000000000000000000 ) ) ;
#338 = CARTESIAN_POINT ( 'NONE',  ( -3.149807816559536011, 43.03488364941561883, 0.000000000000000000 ) ) ;
#339 = DIRECTION ( 'NONE',  ( -0.000000000000000000, -0.000000000000000000, 1.000000000000000000 ) ) ;
#340 = CARTESIAN_POINT ( 'NONE',  ( -6.000000000000506262, -49.09518595867974966, 22.39999999999999503 ) ) ;
#341 = CARTESIAN_POINT ( 'NONE',  ( -49.67015404872766027, 6.155010746064824900, 9.427885422204550281 ) ) ;
#342 = EDGE_CURVE ( 'NONE', #1312, #4289, #4637, .T. ) ;
#343 = ORIENTED_EDGE ( 'NONE', *, *, #4528, .F. ) ;
#344 = ORIENTED_EDGE ( 'NONE', *, *, #1132, .F. ) ;
#345 = ADVANCED_FACE ( 'NONE', ( #2689 ), #737, .F. ) ;
#346 = CARTESIAN_POINT ( 'NONE',  ( -50.04999999999999716, -2.314123766397086009E-15, 13.19999999999999929 ) ) ;
#347 = AXIS2_PLACEMENT_3D ( 'NONE', #1613, #919, #13 ) ;
#348 = EDGE_CURVE ( 'NONE', #1550, #4385, #4707, .T. ) ;
#349 = DIRECTION ( 'NONE',  ( -1.022662637710414146E-14, -1.000000000000000000, 0.000000000000000000 ) ) ;
#350 = AXIS2_PLACEMENT_3D ( 'NONE', #2625, #2514, #972 ) ;
#351 = EDGE_CURVE ( 'NONE', #4385, #276, #57, .T. ) ;
#352 = CARTESIAN_POINT ( 'NONE',  ( -0.4073458013841036451, 50.04864793972147652, 13.22411790166794532 ) ) ;
#353 = DIRECTION ( 'NONE',  ( 0.000000000000000000, 0.000000000000000000, 1.000000000000000000 ) ) ;
#354 = CARTESIAN_POINT ( 'NONE',  ( 49.68905815166957041, -5.999999999999992006, 21.60000000000000142 ) ) ;
#355 = EDGE_LOOP ( 'NONE', ( #2709, #655, #1799, #2583 ) ) ;
#356 = ORIENTED_EDGE ( 'NONE', *, *, #852, .F. ) ;
#357 = CARTESIAN_POINT ( 'NONE',  ( -2.681058570386108730, -49.97813947059412953, 15.32565073085612894 ) ) ;
#358 = DIRECTION ( 'NONE',  ( 0.000000000000000000, 0.000000000000000000, 1.000000000000000000 ) ) ;
#359 = CARTESIAN_POINT ( 'NONE',  ( -49.18405812902879859, 1.793535028643760354, 15.26057829455212911 ) ) ;
#360 = CARTESIAN_POINT ( 'NONE',  ( -0.2157934522395331955, -49.24934943766510997, 14.00824161273389912 ) ) ;
#361 = VERTEX_POINT ( 'NONE', #5073 ) ;
#362 = CARTESIAN_POINT ( 'NONE',  ( 8.443872296601590222, 44.76051296219340259, 12.80199695089834755 ) ) ;
#363 = DIRECTION ( 'NONE',  ( -0.000000000000000000, -0.000000000000000000, 1.000000000000000000 ) ) ;
#364 = CARTESIAN_POINT ( 'NONE',  ( 10.00000000000000000, 0.000000000000000000, 12.75000000000000000 ) ) ;
#365 = CARTESIAN_POINT ( 'NONE',  ( -0.7082393403097148044, -49.23993944159401792, 14.13314813753789601 ) ) ;
#366 = ORIENTED_EDGE ( 'NONE', *, *, #2861, .F. ) ;
#367 = CARTESIAN_POINT ( 'NONE',  ( -50.02121325462359636, 1.701851604218546754, 13.77571292322007679 ) ) ;
#368 = CARTESIAN_POINT ( 'NONE',  ( 1.590769094821236799E-15, -7.030567181065643688E-15, 21.60000000000000142 ) ) ;
#369 = DIRECTION ( 'NONE',  ( -0.01126418984362534230, -0.9776049644745666845, -0.2101467379281634074 ) ) ;
#370 = CARTESIAN_POINT ( 'NONE',  ( 49.24999999999999289, -1.590769094821261254E-15, 21.60000000000000142 ) ) ;
#371 = CIRCLE ( 'NONE', #2693, 26.00000000000000355 ) ;
#372 = B_SPLINE_CURVE_WITH_KNOTS ( 'NONE', 3,
 ( #1254, #1593, #1644, #824 ),
 .UNSPECIFIED., .F., .F.,
 ( 4, 4 ),
 ( 0.000000000000000000, 0.0005689933005318160725 ),
 .UNSPECIFIED. ) ;
#373 = ORIENTED_EDGE ( 'NONE', *, *, #4019, .F. ) ;
#374 = EDGE_CURVE ( 'NONE', #1047, #642, #2712, .T. ) ;
#375 = ORIENTED_EDGE ( 'NONE', *, *, #1095, .T. ) ;
#376 = EDGE_CURVE ( 'NONE', #4495, #884, #1552, .T. ) ;
#377 = DIRECTION ( 'NONE',  ( 1.000000000000000000, 0.000000000000000000, 0.000000000000000000 ) ) ;
#378 = CARTESIAN_POINT ( 'NONE',  ( -35.68905815166957041, 8.999999999999996447, 12.75000000000000000 ) ) ;
#379 = CARTESIAN_POINT ( 'NONE',  ( -49.24328170463539323, 0.5839622739448792066, 14.08770656954877687 ) ) ;
#380 = CARTESIAN_POINT ( 'NONE',  ( 1.415983916898608586, -50.03018408964290131, 13.58055012567811382 ) ) ;
#381 = CARTESIAN_POINT ( 'NONE',  ( -8.443872296601290017, 44.76051296219346654, 7.451996950898348793 ) ) ;
#382 = ORIENTED_EDGE ( 'NONE', *, *, #626, .T. ) ;
#383 = CARTESIAN_POINT ( 'NONE',  ( 8.627905400468062425, 44.72579593317480828, 12.76727992187975325 ) ) ;
#384 = DIRECTION ( 'NONE',  ( 0.000000000000000000, 0.000000000000000000, 1.000000000000000000 ) ) ;
#385 = DIRECTION ( 'NONE',  ( 0.000000000000000000, 0.000000000000000000, 1.000000000000000000 ) ) ;
#386 = CARTESIAN_POINT ( 'NONE',  ( -49.18005441186710414, -1.846569464350497736, 15.43578260182306039 ) ) ;
#387 = DIRECTION ( 'NONE',  ( 1.000000000000000000, 0.000000000000000000, 0.000000000000000000 ) ) ;
#388 = EDGE_LOOP ( 'NONE', ( #2317, #2903, #1515, #2030, #2796, #2380, #5070 ) ) ;
#389 = VECTOR ( 'NONE', #2794, 1000.000000000000000 ) ;
#390 = ORIENTED_EDGE ( 'NONE', *, *, #285, .T. ) ;
#391 = DIRECTION ( 'NONE',  ( 1.000000000000000000, -1.022662637710414461E-14, 0.000000000000000000 ) ) ;
#393 = EDGE_CURVE ( 'NONE', #1094, #1993, #1157, .T. ) ;
#392 = CIRCLE ( 'NONE', #2775, 12.20000000000000284 ) ;
#394 = LINE ( 'NONE', #4180, #444 ) ;
#395 = CARTESIAN_POINT ( 'NONE',  ( -2.199812263331399897, -50.00172950428328988, 17.52340167868862864 ) ) ;
#396 = COLOUR_RGB ( '',0.7921568627450980005, 0.8196078431372548767, 0.9333333333333333481 ) ;
#397 = ADVANCED_FACE ( 'NONE', ( #3138 ), #1181, .F. ) ;
#398 = CYLINDRICAL_SURFACE ( 'NONE', #3256, 45.54999999999999005 ) ;
#399 = CARTESIAN_POINT ( 'NONE',  ( 49.68905815166957041, 6.000000000000003553, 10.00131485494783590 ) ) ;
#400 = ORIENTED_EDGE ( 'NONE', *, *, #2677, .F. ) ;
#401 = ADVANCED_FACE ( 'NONE', ( #1086 ), #2468, .F. ) ;
#402 = VERTEX_POINT ( 'NONE', #2389 ) ;
#403 = B_SPLINE_CURVE_WITH_KNOTS ( 'NONE', 3,
 ( #1929, #3888, #681, #4168, #3864, #4272, #289, #1854, #739, #5030, #3501, #3093, #1444, #5003, #315, #2299, #653, #1087 ),
 .UNSPECIFIED., .F., .F.,
 ( 4, 2, 2, 2, 2, 2, 2, 2, 4 ),
 ( 0.000000000000000000, 0.0005894135379819894719, 0.001178827075963978944, 0.001768240613945968416, 0.002357654151927957888, 0.002947067689909947576, 0.003536481227891938566, 0.004125894765873929990, 0.004715308303855920112 ),
 .UNSPECIFIED. ) ;
#404 = CARTESIAN_POINT ( 'NONE',  ( -1.892326701108172138, -50.02128936739236309, 16.10965450718548908 ) ) ;
#405 = CARTESIAN_POINT ( 'NONE',  ( -24.00000000000000000, -10.00000000000000711, 12.75000000000000000 ) ) ;
#406 = CARTESIAN_POINT ( 'NONE',  ( -49.22378211523602687, 1.135488628484634166, 14.37159409126218890 ) ) ;
#407 = CARTESIAN_POINT ( 'NONE',  ( 0.6446451133555236579, -49.24174561741774880, 14.10839125225474611 ) ) ;
#408 = DIRECTION ( 'NONE',  ( -0.000000000000000000, 0.000000000000000000, 1.000000000000000000 ) ) ;
#409 = EDGE_LOOP ( 'NONE', ( #1007, #2169, #1755, #2770, #4007 ) ) ;
#410 = CARTESIAN_POINT ( 'NONE',  ( -1.856516821578014786, 49.17928789584708937, 16.30415998218185436 ) ) ;
#411 = DIRECTION ( 'NONE',  ( -1.000000000000000000, 0.000000000000000000, 0.000000000000000000 ) ) ;
#412 = CARTESIAN_POINT ( 'NONE',  ( -50.02657757065760080, -1.703224899074560650, 16.75103837489734460 ) ) ;
#413 = CARTESIAN_POINT ( 'NONE',  ( -0.2599521827468636581, -49.24888868847772727, 14.01429816108737469 ) ) ;
#414 = ORIENTED_EDGE ( 'NONE', *, *, #215, .T. ) ;
#415 = ORIENTED_EDGE ( 'NONE', *, *, #1045, .T. ) ;
#416 = CARTESIAN_POINT ( 'NONE',  ( -46.20076976453467665, -6.000000000000005329, 14.24225375323960030 ) ) ;
#417 = CARTESIAN_POINT ( 'NONE',  ( 7.504278549310344104, 49.48450129220119464, 7.791994893380008058 ) ) ;
#418 = CARTESIAN_POINT ( 'NONE',  ( -2.746357932844506244, -49.97459380665812034, 16.03755596648414539 ) ) ;
#419 = EDGE_CURVE ( 'NONE', #4225, #754, #4727, .T. ) ;
#420 = B_SPLINE_CURVE_WITH_KNOTS ( 'NONE', 3,
 ( #167, #2489, #3768, #4050, #3741, #219, #4515, #1788 ),
 .UNSPECIFIED., .F., .F.,
 ( 4, 2, 2, 4 ),
 ( 0.000000000000000000, 0.0003135903530309090692, 0.0006271807060618181384, 0.001254361412123651022 ),
 .UNSPECIFIED. ) ;
#421 = DIRECTION ( 'NONE',  ( 1.000000000000000000, 0.000000000000000000, -0.000000000000000000 ) ) ;
#422 = CARTESIAN_POINT ( 'NONE',  ( 49.63896329101365978, 6.402204729109691961, 8.886570812665238961 ) ) ;
#423 = ORIENTED_EDGE ( 'NONE', *, *, #2412, .F. ) ;
#424 = VECTOR ( 'NONE', #1017, 1000.000000000000000 ) ;
#425 = ORIENTED_EDGE ( 'NONE', *, *, #3014, .F. ) ;
#426 = CARTESIAN_POINT ( 'NONE',  ( -2.732160008668363727, -49.97538219993030140, 16.20553943042035883 ) ) ;
#427 = CARTESIAN_POINT ( 'NONE',  ( 49.21024452942930338, 1.394767966581771601, 14.60463330219978673 ) ) ;
#428 = CARTESIAN_POINT ( 'NONE',  ( -49.17660489867262896, 1.891515822876977060, 16.11832503674006034 ) ) ;
#429 = CARTESIAN_POINT ( 'NONE',  ( -1.833087632244157161, -50.02299261287567589, 15.38523560867388262 ) ) ;
#430 = CARTESIAN_POINT ( 'NONE',  ( -2.994678959731757129, 44.50607404799426803, 1.694065894508600678E-18 ) ) ;
#431 = ORIENTED_EDGE ( 'NONE', *, *, #3317, .T. ) ;
#432 = EDGE_CURVE ( 'NONE', #1919, #4486, #1170, .T. ) ;
#433 = AXIS2_PLACEMENT_3D ( 'NONE', #991, #244, #1072 ) ;
#434 = DIRECTION ( 'NONE',  ( 0.000000000000000000, 1.000000000000000000, -0.000000000000000000 ) ) ;
#435 = CARTESIAN_POINT ( 'NONE',  ( -49.19335386534122279, -1.663123077451144960, 14.97297132056629110 ) ) ;
#436 = CARTESIAN_POINT ( 'NONE',  ( -49.97659293116051060, -2.709794794478300073, 16.35524955134277292 ) ) ;
#437 = ORIENTED_EDGE ( 'NONE', *, *, #342, .T. ) ;
#438 = LINE ( 'NONE', #3143, #1622 ) ;
#439 = CARTESIAN_POINT ( 'NONE',  ( 10.00000000000000000, 0.000000000000000000, 10.34999999999999787 ) ) ;
#440 = CARTESIAN_POINT ( 'NONE',  ( 0.1314280301709362941, 50.05015308414258612, 13.19725179325147835 ) ) ;
#441 = DIRECTION ( 'NONE',  ( -0.000000000000000000, -0.000000000000000000, -1.000000000000000000 ) ) ;
#442 = DIRECTION ( 'NONE',  ( 0.000000000000000000, 0.000000000000000000, -1.000000000000000000 ) ) ;
#443 = ORIENTED_EDGE ( 'NONE', *, *, #1756, .T. ) ;
#444 = VECTOR ( 'NONE', #3169, 1000.000000000000000 ) ;
#445 = CARTESIAN_POINT ( 'NONE',  ( -8.443872296601288241, 44.76051296219345943, 12.80199695089834755 ) ) ;
#446 = CARTESIAN_POINT ( 'NONE',  ( -49.18608388984648627, 1.765807685666449744, 16.61080669848683300 ) ) ;
#447 = ORIENTED_EDGE ( 'NONE', *, *, #1950, .T. ) ;
#448 = ORIENTED_EDGE ( 'NONE', *, *, #2134, .T. ) ;
#449 = DIRECTION ( 'NONE',  ( -0.000000000000000000, -0.000000000000000000, 1.000000000000000000 ) ) ;
#450 = DIRECTION ( 'NONE',  ( 0.000000000000000000, -0.000000000000000000, -1.000000000000000000 ) ) ;
#451 = CARTESIAN_POINT ( 'NONE',  ( -49.24983244231705015, -0.1532910715736120477, 14.00215102834657266 ) ) ;
#452 = DIRECTION ( 'NONE',  ( 1.000000000000000000, 0.000000000000000000, 0.000000000000000000 ) ) ;
#453 = CARTESIAN_POINT ( 'NONE',  ( 0.000000000000000000, 0.000000000000000000, 22.39999999999999858 ) ) ;
#454 = VECTOR ( 'NONE', #2054, 1000.000000000000000 ) ;
#455 = ORIENTED_EDGE ( 'NONE', *, *, #1077, .T. ) ;
#456 =( BOUNDED_SURFACE ( )  B_SPLINE_SURFACE ( 3, 2, ( 
 ( #1377, #4122, #2999 ),
 ( #3740, #4569, #2621 ),
 ( #1891, #4257, #4790 ),
 ( #831, #720, #3241 ),
 ( #3488, #1510, #1214 ),
 ( #2034, #5060, #3987 ),
 ( #4402, #3574, #2009 ),
 ( #3600, #3099, #103 ),
 ( #2398, #2815, #2062 ),
 ( #3962, #1674, #745 ),
 ( #3874, #3079, #75 ),
 ( #1537, #4672, #2422 ),
 ( #4011, #1263, #2307 ),
 ( #3193, #465, #3465 ),
 ( #2283, #4820, #1288 ),
 ( #4646, #2790, #352 ),
 ( #4350, #1649, #324 ),
 ( #2865, #5039, #440 ),
 ( #3218, #2453, #1914 ),
 ( #48, #3848, #1627 ),
 ( #2838, #1118, #2698 ),
 ( #4765, #1236, #4378 ),
 ( #855, #880, #491 ),
 ( #3627, #4063, #572 ),
 ( #1703, #4848, #2581 ),
 ( #3266, #1342, #4476 ),
 ( #3341, #4925, #3681 ),
 ( #545, #2118, #4427 ),
 ( #3756, #3729, #1773 ),
 ( #2143, #906, #1393 ),
 ( #4115, #4507, #4139 ),
 ( #598, #3291, #2939 ) ),
 .UNSPECIFIED., .F., .F., .T. ) 
 B_SPLINE_SURFACE_WITH_KNOTS ( ( 4, 2, 2, 2, 2, 2, 2, 2, 2, 2, 2, 2, 2, 2, 2, 4 ),
 ( 3, 3 ),
 ( 0.008441908607104300563, 0.009497147182992337483, 0.01002476647093635681, 0.01055238575888037614, 0.01108000504682439546, 0.01160762433476841306, 0.01213524362271243065, 0.01266286291065644998, 0.01319048219860046930, 0.01371810148654448863, 0.01424572077448850796, 0.01477334006243252555, 0.01530095935037654314, 0.01582857863832056247, 0.01635619792626458180, 0.01688381721420860113 ),
 ( 0.000000000000000000, 1.000000000000000000 ),
 .UNSPECIFIED. ) 
 GEOMETRIC_REPRESENTATION_ITEM ( )  RATIONAL_B_SPLINE_SURFACE ( (
 ( 1.000000000000000000, 0.6883524773544057451, 1.000000000000000000),
 ( 1.000000000000000000, 0.6872458716678234714, 1.000000000000000000),
 ( 1.000000000000000000, 0.6871664015280201099, 1.000000000000000000),
 ( 1.000000000000000000, 0.6885372492170517278, 1.000000000000000000),
 ( 1.000000000000000000, 0.6892429765252265916, 1.000000000000000000),
 ( 1.000000000000000000, 0.6910081959475096181, 1.000000000000000000),
 ( 1.000000000000000000, 0.6920741453752038419, 1.000000000000000000),
 ( 1.000000000000000000, 0.6944488527430904279, 1.000000000000000000),
 ( 1.000000000000000000, 0.6957201699388562144, 1.000000000000000000),
 ( 1.000000000000000000, 0.6982807739519085732, 1.000000000000000000),
 ( 1.000000000000000000, 0.6995840710837992749, 1.000000000000000000),
 ( 1.000000000000000000, 0.7019835294244367585, 1.000000000000000000),
 ( 1.000000000000000000, 0.7030790365871850689, 1.000000000000000000),
 ( 1.000000000000000000, 0.7049424787663638448, 1.000000000000000000),
 ( 1.000000000000000000, 0.7057085343506620534, 1.000000000000000000),
 ( 1.000000000000000000, 0.7067584511463537167, 1.000000000000000000),
 ( 1.000000000000000000, 0.7070549077049683717, 1.000000000000000000),
 ( 1.000000000000000000, 0.7071462321102290893, 1.000000000000000000),
 ( 1.000000000000000000, 0.7069365156475682088, 1.000000000000000000),
 ( 1.000000000000000000, 0.7060527446038118438, 1.000000000000000000),
 ( 1.000000000000000000, 0.7053716257826936342, 1.000000000000000000),
 ( 1.000000000000000000, 0.7036270017122814302, 1.000000000000000000),
 ( 1.000000000000000000, 0.7025807913417231321, 1.000000000000000000),
 ( 1.000000000000000000, 0.7002623503551171913, 1.000000000000000000),
 ( 1.000000000000000000, 0.6989756134643156926, 1.000000000000000000),
 ( 1.000000000000000000, 0.6964102183724126816, 1.000000000000000000),
 ( 1.000000000000000000, 0.6951254268688624727, 1.000000000000000000),
 ( 1.000000000000000000, 0.6926990882373103009, 1.000000000000000000),
 ( 1.000000000000000000, 0.6915657158668138127, 1.000000000000000000),
 ( 1.000000000000000000, 0.6896731793292809609, 1.000000000000000000),
 ( 1.000000000000000000, 0.6888995294526338853, 1.000000000000000000),
 ( 1.000000000000000000, 0.6883525296312180686, 1.000000000000000000) ) ) 
 REPRESENTATION_ITEM ( '' )  SURFACE ( )  );
#457 = CARTESIAN_POINT ( 'NONE',  ( -10.00000000000000000, 0.000000000000000000, 12.75000000000000000 ) ) ;
#458 = DIRECTION ( 'NONE',  ( 0.000000000000000000, 0.000000000000000000, -1.000000000000000000 ) ) ;
#459 = CARTESIAN_POINT ( 'NONE',  ( -49.17610051891563927, -1.897867511163792376, 16.05405857935465619 ) ) ;
#460 = CARTESIAN_POINT ( 'NONE',  ( -5.999999999999838352, 47.70851601129511010, 15.75000000000000000 ) ) ;
#461 = EDGE_LOOP ( 'NONE', ( #2612, #415, #3877, #138, #1153 ) ) ;
#462 = AXIS2_PLACEMENT_3D ( 'NONE', #2964, #622, #1728 ) ;
#463 = CARTESIAN_POINT ( 'NONE',  ( 35.68905815166957041, 0.000000000000000000, 22.39999999999999858 ) ) ;
#464 = DIRECTION ( 'NONE',  ( -0.000000000000000000, -0.000000000000000000, -1.000000000000000000 ) ) ;
#465 = CARTESIAN_POINT ( 'NONE',  ( -0.6582225749317054397, 50.04652452957564890, 14.11315007039486780 ) ) ;
#466 = CARTESIAN_POINT ( 'NONE',  ( 2.740716057578674647, -49.97490353579147637, 16.11977308177301538 ) ) ;
#467 = CIRCLE ( 'NONE', #806, 1.900000000000000577 ) ;
#468 = DIRECTION ( 'NONE',  ( 2.478176394252583113E-16, -1.000000000000000000, 0.000000000000000000 ) ) ;
#469 = EDGE_LOOP ( 'NONE', ( #375, #3617, #3555, #414, #1102 ) ) ;
#470 = AXIS2_PLACEMENT_3D ( 'NONE', #2555, #4878, #4044 ) ;
#471 = EDGE_CURVE ( 'NONE', #2310, #66, #3545, .T. ) ;
#472 = CARTESIAN_POINT ( 'NONE',  ( -49.23579251041243054, 0.8392449312509907555, 17.60853409140601045 ) ) ;
#473 = AXIS2_PLACEMENT_3D ( 'NONE', #4949, #707, #2244 ) ;
#474 = ORIENTED_EDGE ( 'NONE', *, *, #4875, .T. ) ;
#475 = ORIENTED_EDGE ( 'NONE', *, *, #1821, .F. ) ;
#476 = CARTESIAN_POINT ( 'NONE',  ( -1.454645604506529244, -49.20675445758633515, 17.12866270699332105 ) ) ;
#477 = DIRECTION ( 'NONE',  ( -0.000000000000000000, -0.000000000000000000, 1.000000000000000000 ) ) ;
#478 = CARTESIAN_POINT ( 'NONE',  ( -1.899999999999830713, 49.17593415482822650, 15.89999999999924540 ) ) ;
#479 = CARTESIAN_POINT ( 'NONE',  ( -1.699215047776421628, 50.02136554132663804, 13.77272640340256515 ) ) ;
#480 = CARTESIAN_POINT ( 'NONE',  ( -3.146085578794156401, 43.50489298858211384, 1.694065894508600678E-18 ) ) ;
#481 = ORIENTED_EDGE ( 'NONE', *, *, #2611, .F. ) ;
#482 = CARTESIAN_POINT ( 'NONE',  ( 50.02130003281887127, 1.891961867238503237, 15.68710882884934144 ) ) ;
#483 = FACE_OUTER_BOUND ( 'NONE', #4781, .T. ) ;
#484 = CARTESIAN_POINT ( 'NONE',  ( -50.04714339401843404, -0.5987970399358057971, 17.70760129105818237 ) ) ;
#485 = CYLINDRICAL_SURFACE ( 'NONE', #3464, 2.999999999999999112 ) ;
#486 = EDGE_LOOP ( 'NONE', ( #4615, #3866, #1306, #284, #2275 ) ) ;
#487 = DIRECTION ( 'NONE',  ( -3.491481338843133355E-15, -1.000000000000000000, 0.000000000000000000 ) ) ;
#488 = EDGE_LOOP ( 'NONE', ( #1736, #3060, #44, #3047, #1114 ) ) ;
#489 = ADVANCED_FACE ( 'NONE', ( #2881 ), #1667, .F. ) ;
#490 = CARTESIAN_POINT ( 'NONE',  ( 6.000000000000004441, -6.284666409917645088E-14, 22.39999999999999858 ) ) ;
#491 = CARTESIAN_POINT ( 'NONE',  ( 1.332456743488353412, 50.03248699940732536, 13.53317051515871405 ) ) ;
#492 = CARTESIAN_POINT ( 'NONE',  ( 6.402204729109171488, -49.63896329101373794, 8.886570812665238961 ) ) ;
#493 = EDGE_CURVE ( 'NONE', #4721, #2057, #18, .T. ) ;
#494 = CARTESIAN_POINT ( 'NONE',  ( 2.681062256846688641, -49.97813927283519320, 16.47433260623380491 ) ) ;
#495 = ORIENTED_EDGE ( 'NONE', *, *, #1043, .T. ) ;
#496 = ADVANCED_FACE ( 'NONE', ( #483 ), #4029, .F. ) ;
#497 = ORIENTED_EDGE ( 'NONE', *, *, #841, .F. ) ;
#498 = ORIENTED_EDGE ( 'NONE', *, *, #1477, .F. ) ;
#499 = EDGE_CURVE ( 'NONE', #1425, #1817, #2831, .T. ) ;
#500 = AXIS2_PLACEMENT_3D ( 'NONE', #3707, #1366, #2940 ) ;
#501 = CARTESIAN_POINT ( 'NONE',  ( -0.9301971545475465897, -50.04162908532102705, 18.44631734519193955 ) ) ;
#502 = CARTESIAN_POINT ( 'NONE',  ( 0.000000000000000000, 0.000000000000000000, 12.75000000000000000 ) ) ;
#503 = CARTESIAN_POINT ( 'NONE',  ( -49.24269750374598686, 0.6456553682295974594, 17.70461305079407310 ) ) ;
#504 = CARTESIAN_POINT ( 'NONE',  ( -2.731450695326916200, 49.97542151283411016, 15.58752269243676203 ) ) ;
#505 = CARTESIAN_POINT ( 'NONE',  ( 49.19709650830779424, -1.607399927279415275, 16.91968041987015781 ) ) ;
#506 = ORIENTED_EDGE ( 'NONE', *, *, #4083, .T. ) ;
#507 = CIRCLE ( 'NONE', #2891, 45.54999999999999005 ) ;
#508 = CIRCLE ( 'NONE', #179, 43.14999999999999147 ) ;
#509 = CARTESIAN_POINT ( 'NONE',  ( 50.02152341769408395, 1.884307312075104823, 16.17227787134067185 ) ) ;
#510 = LINE ( 'NONE', #4499, #1699 ) ;
#511 = CARTESIAN_POINT ( 'NONE',  ( -49.24673106620860352, -0.3993041351153283625, 14.04243271785924385 ) ) ;
#512 = CARTESIAN_POINT ( 'NONE',  ( -50.04594170264279285, -0.6580715097786610235, 18.52631529622565765 ) ) ;
#513 = ORIENTED_EDGE ( 'NONE', *, *, #2329, .T. ) ;
#514 = CARTESIAN_POINT ( 'NONE',  ( 50.02592243572156150, -1.727565395217751432, 16.70054380666985594 ) ) ;
#515 = DIRECTION ( 'NONE',  ( -1.000000000000000000, 0.000000000000000000, 0.000000000000000000 ) ) ;
#516 = CARTESIAN_POINT ( 'NONE',  ( -9.000000000000492051, -47.70851601129499642, 141.5848555321889535 ) ) ;
#517 = PLANE ( 'NONE',  #462 ) ;
#518 = CARTESIAN_POINT ( 'NONE',  ( 8.443872296601588445, 44.76051296219340259, 7.451996950898348793 ) ) ;
#519 = CARTESIAN_POINT ( 'NONE',  ( 1.884074935858722322, 50.02153033549889471, 15.62541503530768594 ) ) ;
#520 = ORIENTED_EDGE ( 'NONE', *, *, #657, .T. ) ;
#521 = CIRCLE ( 'NONE', #1836, 45.54999999999999005 ) ;
#522 = FACE_OUTER_BOUND ( 'NONE', #2618, .T. ) ;
#523 = DIRECTION ( 'NONE',  ( -1.000000000000000000, -2.478176394252582127E-16, 0.000000000000000000 ) ) ;
#524 = CARTESIAN_POINT ( 'NONE',  ( -2.106843152333857550, 46.26521133956567411, 3.200000000000000178 ) ) ;
#525 = VECTOR ( 'NONE', #1751, 1000.000000000000000 ) ;
#526 = ORIENTED_EDGE ( 'NONE', *, *, #927, .T. ) ;
#527 = VECTOR ( 'NONE', #2956, 1000.000000000000000 ) ;
#528 = ORIENTED_EDGE ( 'NONE', *, *, #3025, .T. ) ;
#529 = AXIS2_PLACEMENT_3D ( 'NONE', #502, #11, #2800 ) ;
#530 = CARTESIAN_POINT ( 'NONE',  ( -1.723002058368202638, -49.18914145295130425, 16.71036001772933233 ) ) ;
#531 = CARTESIAN_POINT ( 'NONE',  ( -49.99235404217199630, 2.403478270034996367, 17.21462993621253190 ) ) ;
#532 = CARTESIAN_POINT ( 'NONE',  ( 0.000000000000000000, 0.000000000000000000, 12.75000000000001066 ) ) ;
#533 = EDGE_CURVE ( 'NONE', #1187, #3651, #372, .T. ) ;
#534 = CARTESIAN_POINT ( 'NONE',  ( 3.146085578794155069, -43.50489298858212805, 0.000000000000000000 ) ) ;
#535 = VERTEX_POINT ( 'NONE', #3620 ) ;
#537 = EDGE_CURVE ( 'NONE', #3420, #4800, #1693, .T. ) ;
#536 = CARTESIAN_POINT ( 'NONE',  ( 49.20927969147371073, 1.411898534545220407, 17.17755563678930031 ) ) ;
#538 = CARTESIAN_POINT ( 'NONE',  ( -9.000000000000005329, 3.301410114440949853E-14, 7.400000000000000355 ) ) ;
#539 = CARTESIAN_POINT ( 'NONE',  ( -49.21671249959496919, -1.276951702676497158, 14.48762430324644335 ) ) ;
#540 = DIRECTION ( 'NONE',  ( -0.000000000000000000, -0.000000000000000000, 1.000000000000000000 ) ) ;
#541 = AXIS2_PLACEMENT_3D ( 'NONE', #1500, #3909, #384 ) ;
#542 = CARTESIAN_POINT ( 'NONE',  ( 50.02739867252879691, -1.672755420001050375, 16.80961699227473360 ) ) ;
#543 = DIRECTION ( 'NONE',  ( 1.000000000000000000, 0.000000000000000000, 0.000000000000000000 ) ) ;
#544 = CARTESIAN_POINT ( 'NONE',  ( 0.000000000000000000, 6.000000000000004441, 15.75000000000000000 ) ) ;
#545 = CARTESIAN_POINT ( 'NONE',  ( 1.631357542306113961, 49.19551256798074235, 14.91807415016969429 ) ) ;
#546 = CARTESIAN_POINT ( 'NONE',  ( 2.665871688130640127, -49.97896263858292087, 15.23639739044373087 ) ) ;
#547 = ORIENTED_EDGE ( 'NONE', *, *, #1756, .F. ) ;
#548 = AXIS2_PLACEMENT_3D ( 'NONE', #1035, #2635, #2268 ) ;
#549 = CARTESIAN_POINT ( 'NONE',  ( 1.899999999999487432, -49.17593415482824071, 15.89999999999924540 ) ) ;
#550 = VECTOR ( 'NONE', #1867, 1000.000000000000000 ) ;
#551 = CARTESIAN_POINT ( 'NONE',  ( -6.000000000000370370, -35.68905815166950646, 13.99264068711928211 ) ) ;
#552 = DIRECTION ( 'NONE',  ( -0.000000000000000000, -0.000000000000000000, -1.000000000000000000 ) ) ;
#553 = EDGE_LOOP ( 'NONE', ( #2149, #1384, #1026, #791, #1621 ) ) ;
#554 = VECTOR ( 'NONE', #2926, 1000.000000000000000 ) ;
#555 = ORIENTED_EDGE ( 'NONE', *, *, #2477, .F. ) ;
#556 = CARTESIAN_POINT ( 'NONE',  ( 0.09205538378434960367, -50.05006367831131087, 17.80201885539705486 ) ) ;
#557 = DIRECTION ( 'NONE',  ( -0.000000000000000000, -0.000000000000000000, -1.000000000000000000 ) ) ;
#558 = EDGE_CURVE ( 'NONE', #710, #1123, #1309, .T. ) ;
#559 = AXIS2_PLACEMENT_3D ( 'NONE', #621, #2191, #4167 ) ;
#560 = CARTESIAN_POINT ( 'NONE',  ( -0.08906855693648545180, 49.25010786438760135, 13.99857563018801976 ) ) ;
#561 = LINE ( 'NONE', #1052, #4453 ) ;
#562 = CARTESIAN_POINT ( 'NONE',  ( 32.68905815166956330, -8.999999999999996447, 12.75000000000000000 ) ) ;
#563 = EDGE_CURVE ( 'NONE', #2667, #3320, #847, .T. ) ;
#564 = ORIENTED_EDGE ( 'NONE', *, *, #629, .F. ) ;
#565 = CARTESIAN_POINT ( 'NONE',  ( 50.04441698890121160, 0.8307076370032558943, 17.61353873685344595 ) ) ;
#566 = CARTESIAN_POINT ( 'NONE',  ( -49.52657685521671027, 5.999999999999992895, 22.09289776661392679 ) ) ;
#567 = CARTESIAN_POINT ( 'NONE',  ( -49.17567939442329106, -1.903283681450207876, 15.86861403748311616 ) ) ;
#568 = CARTESIAN_POINT ( 'NONE',  ( -5.999999999999831246, 49.68905815166958462, 21.60000000000000142 ) ) ;
#569 = CARTESIAN_POINT ( 'NONE',  ( 49.99243372476508540, -2.401775443497283113, 17.21735654483473965 ) ) ;
#570 = FACE_BOUND ( 'NONE', #4503, .T. ) ;
#571 = CARTESIAN_POINT ( 'NONE',  ( 50.02363355828199332, 1.631297231194221986, 18.07808208157094754 ) ) ;
#572 = CARTESIAN_POINT ( 'NONE',  ( 1.633630391251910341, 50.02355893040707002, 13.72355712994654731 ) ) ;
#573 = CARTESIAN_POINT ( 'NONE',  ( -2.442525277794509453, -49.99041666347902435, 14.65720494846343946 ) ) ;
#574 = CARTESIAN_POINT ( 'NONE',  ( -41.97526057096011698, -10.00000000000000711, 10.34999999999999964 ) ) ;
#575 = EDGE_LOOP ( 'NONE', ( #47, #3924, #1282, #1325, #1121, #4789, #4229, #5038, #3890, #3746, #3184, #1805, #941, #4829, #1146, #15, #2052, #1055, #431, #3656, #3810, #447, #1631, #876, #1299, #2332, #1462, #2259, #4689, #4729, #967, #4009 ) ) ;
#576 = CARTESIAN_POINT ( 'NONE',  ( -7.030567181065637377E-15, -1.590769094821261254E-15, 22.39999999999999858 ) ) ;
#577 = EDGE_CURVE ( 'NONE', #2024, #3103, #3132, .T. ) ;
#578 = CARTESIAN_POINT ( 'NONE',  ( -49.19904558239348091, 1.577679873317450632, 14.83498285810440542 ) ) ;
#579 = ORIENTED_EDGE ( 'NONE', *, *, #4460, .F. ) ;
#580 = ORIENTED_EDGE ( 'NONE', *, *, #852, .T. ) ;
#581 = CARTESIAN_POINT ( 'NONE',  ( -0.7599540644478050000, -50.04453563659029669, 18.50034585288953792 ) ) ;
#582 = CARTESIAN_POINT ( 'NONE',  ( -5.999999999999838352, 47.70851601129511010, 10.40000000000000036 ) ) ;
#583 = CARTESIAN_POINT ( 'NONE',  ( -50.03491689078605731, 1.263842909531830649, 18.32254230152219066 ) ) ;
#584 = CARTESIAN_POINT ( 'NONE',  ( -43.14999999999999147, 0.000000000000000000, 2.399999999999999911 ) ) ;
#585 = CARTESIAN_POINT ( 'NONE',  ( 0.000000000000000000, -10.00000000000000711, -38.35374729631401891 ) ) ;
#586 = VECTOR ( 'NONE', #4880, 1000.000000000000000 ) ;
#587 = EDGE_LOOP ( 'NONE', ( #2845, #1757, #4787, #792 ) ) ;
#588 = CARTESIAN_POINT ( 'NONE',  ( 50.02101613817173842, 1.901605243289626435, 15.80733622191359622 ) ) ;
#589 = LINE ( 'NONE', #538, #1284 ) ;
#590 = CARTESIAN_POINT ( 'NONE',  ( -49.22153803207950773, -1.182537991883075623, 14.40764958940527762 ) ) ;
#591 = CARTESIAN_POINT ( 'NONE',  ( 2.618332483407672662, -49.98150799149033219, 15.07375269519017280 ) ) ;
#592 = EDGE_CURVE ( 'NONE', #2859, #948, #3594, .T. ) ;
#593 = VERTEX_POINT ( 'NONE', #3933 ) ;
#594 = VECTOR ( 'NONE', #638, 1000.000000000000000 ) ;
#595 = CARTESIAN_POINT ( 'NONE',  ( 50.02657757065760080, -1.703224899074614385, 15.04896162510265789 ) ) ;
#596 = CARTESIAN_POINT ( 'NONE',  ( -2.106843152333857994, -46.26521133956566700, 3.200000000000000178 ) ) ;
#597 = CARTESIAN_POINT ( 'NONE',  ( 49.97893005828800028, 2.666479829974843341, 15.23886747429685862 ) ) ;
#598 = CARTESIAN_POINT ( 'NONE',  ( 1.856514268870790740, 49.17928809044479266, 15.49582829208394408 ) ) ;
#599 = CARTESIAN_POINT ( 'NONE',  ( -2.638204487342973970, -49.17928809044477134, 15.32565073085612894 ) ) ;
#600 = ORIENTED_EDGE ( 'NONE', *, *, #3382, .F. ) ;
#601 = ADVANCED_FACE ( 'NONE', ( #3565 ), #41, .T. ) ;
#602 = CARTESIAN_POINT ( 'NONE',  ( -1.559427146029639832, -49.20019416914145438, 16.99158070767682105 ) ) ;
#603 = CARTESIAN_POINT ( 'NONE',  ( -49.24651226584055763, 0.4655866865414828304, 14.04345657524472557 ) ) ;
#604 = EDGE_LOOP ( 'NONE', ( #4851, #1404 ) ) ;
#605 = CARTESIAN_POINT ( 'NONE',  ( 49.24587255616853554, -0.4651271038202892671, 14.05360159890546434 ) ) ;
#606 = FACE_OUTER_BOUND ( 'NONE', #469, .T. ) ;
#607 = PLANE ( 'NONE',  #4467 ) ;
#608 = FACE_OUTER_BOUND ( 'NONE', #4425, .T. ) ;
#609 = CARTESIAN_POINT ( 'NONE',  ( -47.70851601129508879, 5.999999999999992006, 10.40000000000000036 ) ) ;
#610 = CARTESIAN_POINT ( 'NONE',  ( 49.23620324671200876, -0.8432118081361041906, 17.61852321761315210 ) ) ;
#611 = ORIENTED_EDGE ( 'NONE', *, *, #4423, .T. ) ;
#612 = ORIENTED_EDGE ( 'NONE', *, *, #3685, .T. ) ;
#613 = EDGE_CURVE ( 'NONE', #748, #1908, #2852, .T. ) ;
#614 = DIRECTION ( 'NONE',  ( -1.000000000000000000, -2.342176784895722760E-16, 0.000000000000000000 ) ) ;
#615 = CARTESIAN_POINT ( 'NONE',  ( -0.000000000000000000, -10.00000000000000711, 12.75000000000000000 ) ) ;
#616 = CARTESIAN_POINT ( 'NONE',  ( -49.24351637583242081, -0.5725974230269190723, 17.71534441974281648 ) ) ;
#617 = CARTESIAN_POINT ( 'NONE',  ( 1.675341651699965295, -50.02733119534892126, 14.99495935613532538 ) ) ;
#618 = CARTESIAN_POINT ( 'NONE',  ( 0.9998269348800297163, 50.04185422328016131, 17.52057546492793705 ) ) ;
#619 = CARTESIAN_POINT ( 'NONE',  ( 0.000000000000000000, 0.000000000000000000, 7.400000000000000355 ) ) ;
#620 = CARTESIAN_POINT ( 'NONE',  ( -3.149807816272654826, -43.03488368564030253, 3.200000000000000178 ) ) ;
#621 = CARTESIAN_POINT ( 'NONE',  ( 1.397509634652602864E-13, 40.68905815166956330, 15.90000000000000036 ) ) ;
#622 = DIRECTION ( 'NONE',  ( -3.491481338843133355E-15, -1.000000000000000000, 0.000000000000000000 ) ) ;
#623 = CARTESIAN_POINT ( 'NONE',  ( -50.04971709436354388, -0.1937934580453166411, 13.20506401682587416 ) ) ;
#624 = EDGE_CURVE ( 'NONE', #2486, #2679, #510, .T. ) ;
#625 = VERTEX_POINT ( 'NONE', #3332 ) ;
#626 = EDGE_CURVE ( 'NONE', #1707, #3293, #2395, .T. ) ;
#627 = EDGE_CURVE ( 'NONE', #4065, #1094, #4939, .T. ) ;
#628 = CARTESIAN_POINT ( 'NONE',  ( -1.732363545989663356, -49.18847034713851940, 16.68884622139702500 ) ) ;
#629 = EDGE_CURVE ( 'NONE', #3347, #4096, #589, .T. ) ;
#630 = CARTESIAN_POINT ( 'NONE',  ( 47.70851601129508879, 6.000000000000004441, 12.75000000000001066 ) ) ;
#631 = AXIS2_PLACEMENT_3D ( 'NONE', #2444, #1618, #3233 ) ;
#632 = ORIENTED_EDGE ( 'NONE', *, *, #4882, .F. ) ;
#633 = VECTOR ( 'NONE', #614, 1000.000000000000000 ) ;
#634 = DIRECTION ( 'NONE',  ( -0.000000000000000000, -0.000000000000000000, -1.000000000000000000 ) ) ;
#635 = CARTESIAN_POINT ( 'NONE',  ( -5.999999999999833022, 49.37726961975245388, 22.24056743991561547 ) ) ;
#636 = CARTESIAN_POINT ( 'NONE',  ( 0.000000000000000000, -10.00000000000000711, 10.34999999999999787 ) ) ;
#637 = CARTESIAN_POINT ( 'NONE',  ( 0.000000000000000000, -9.000000000000005329, 12.75000000000000000 ) ) ;
#638 = DIRECTION ( 'NONE',  ( -1.000000000000000000, -2.342176784895722760E-16, 0.000000000000000000 ) ) ;
#639 = CARTESIAN_POINT ( 'NONE',  ( 0.5993048115771235640, -49.24289634193907972, 17.70677000082181607 ) ) ;
#640 = VECTOR ( 'NONE', #699, 1000.000000000000000 ) ;
#641 = ORIENTED_EDGE ( 'NONE', *, *, #3765, .T. ) ;
#642 = VERTEX_POINT ( 'NONE', #1387 ) ;
#643 = AXIS2_PLACEMENT_3D ( 'NONE', #463, #4788, #1600 ) ;
#644 = CARTESIAN_POINT ( 'NONE',  ( -6.155010746065348037, -49.67015404872759632, 9.427885422204550281 ) ) ;
#645 = CARTESIAN_POINT ( 'NONE',  ( -9.000000000000460076, -44.65201563199573798, 7.400000000000000355 ) ) ;
#646 = CARTESIAN_POINT ( 'NONE',  ( -50.04667796677645697, -0.5766493646680183049, 13.26029912537892308 ) ) ;
#647 = PLANE ( 'NONE',  #2561 ) ;
#648 = CARTESIAN_POINT ( 'NONE',  ( 0.9301971545473020075, 50.04162908532102705, 18.44631734519163047 ) ) ;
#649 = CIRCLE ( 'NONE', #548, 43.14999999999999147 ) ;
#650 = FACE_OUTER_BOUND ( 'NONE', #3269, .T. ) ;
#651 = LINE ( 'NONE', #4974, #1040 ) ;
#652 = LINE ( 'NONE', #2609, #4086 ) ;
#653 = CARTESIAN_POINT ( 'NONE',  ( 49.26998764853011181, -8.804005596779218124, 7.400000000000001243 ) ) ;
#654 = CARTESIAN_POINT ( 'NONE',  ( -2.146829630703246394, -50.00404274640347069, 14.20921508260781074 ) ) ;
#655 = ORIENTED_EDGE ( 'NONE', *, *, #4730, .F. ) ;
#656 = CYLINDRICAL_SURFACE ( 'NONE', #2031, 2.999999999999999112 ) ;
#657 = EDGE_CURVE ( 'NONE', #1825, #2859, #4670, .T. ) ;
#658 = FACE_OUTER_BOUND ( 'NONE', #4981, .T. ) ;
#659 = ORIENTED_EDGE ( 'NONE', *, *, #4305, .F. ) ;
#660 = EDGE_CURVE ( 'NONE', #3592, #3004, #2614, .T. ) ;
#661 = CARTESIAN_POINT ( 'NONE',  ( 50.04861970200273902, 0.4081236469926388111, 14.04432850891024742 ) ) ;
#662 = CARTESIAN_POINT ( 'NONE',  ( 2.458572789473451703, -49.99000062207259987, 17.14998566216438292 ) ) ;
#663 = CARTESIAN_POINT ( 'NONE',  ( 1.900000000000139799, 40.68905815166955620, 15.90000000000000036 ) ) ;
#664 = EDGE_CURVE ( 'NONE', #3815, #2954, #3675, .T. ) ;
#665 = DIRECTION ( 'NONE',  ( 0.000000000000000000, 0.000000000000000000, -1.000000000000000000 ) ) ;
#666 = CARTESIAN_POINT ( 'NONE',  ( -5.999999999999843681, 46.20076976453470508, 8.892253753239589997 ) ) ;
#667 = CARTESIAN_POINT ( 'NONE',  ( 0.000000000000000000, -6.000000000000004441, 15.75000000000000000 ) ) ;
#668 = ORIENTED_EDGE ( 'NONE', *, *, #4358, .F. ) ;
#669 = EDGE_CURVE ( 'NONE', #1872, #2127, #750, .T. ) ;
#670 = EDGE_LOOP ( 'NONE', ( #4128, #2073, #2694, #3057 ) ) ;
#671 = CARTESIAN_POINT ( 'NONE',  ( 49.97889611364118423, 2.667111949666924886, 15.24167109180119439 ) ) ;
#672 = CARTESIAN_POINT ( 'NONE',  ( 1.590769094821236799E-15, -7.030567181065643688E-15, 7.400000000000000355 ) ) ;
#673 = CARTESIAN_POINT ( 'NONE',  ( -49.24673106620860352, -0.3993041351153283625, 14.04243271785924385 ) ) ;
#674 = CARTESIAN_POINT ( 'NONE',  ( -6.000000000000492939, -47.70851601129502484, 22.39999999999999858 ) ) ;
#675 = CARTESIAN_POINT ( 'NONE',  ( 2.405037724426899892, 49.99227616573099198, 17.21157975054441636 ) ) ;
#676 = B_SPLINE_CURVE_WITH_KNOTS ( 'NONE', 3,
 ( #709, #2272, #4293, #2321, #341, #2692, #4639, #1137, #3163, #1554, #3839, #3140, #4709, #2714, #1502, #1957, #2732, #1183 ),
 .UNSPECIFIED., .F., .F.,
 ( 4, 2, 2, 2, 2, 2, 2, 2, 4 ),
 ( 0.000000000000000000, 0.0005894135379819894719, 0.001178827075963978944, 0.001768240613945968416, 0.002357654151927957888, 0.002947067689909947576, 0.003536481227891938566, 0.004125894765873929990, 0.004715308303855920112 ),
 .UNSPECIFIED. ) ;
#677 = ORIENTED_EDGE ( 'NONE', *, *, #1544, .T. ) ;
#678 = CARTESIAN_POINT ( 'NONE',  ( 49.22153803207950773, -1.182537991883103601, 17.39235041059470177 ) ) ;
#679 = FACE_OUTER_BOUND ( 'NONE', #1524, .T. ) ;
#680 = DIRECTION ( 'NONE',  ( -1.000000000000000000, 1.047444401652940007E-14, -0.000000000000000000 ) ) ;
#681 = CARTESIAN_POINT ( 'NONE',  ( 49.68669491621865575, -6.019663890002957984, 10.00476596493292725 ) ) ;
#682 = DIRECTION ( 'NONE',  ( 1.000000000000000000, 0.000000000000000000, 0.000000000000000000 ) ) ;
#683 = ORIENTED_EDGE ( 'NONE', *, *, #1189, .T. ) ;
#684 = CARTESIAN_POINT ( 'NONE',  ( -49.99643260044502568, 2.317116532644484028, 17.35553357564306864 ) ) ;
#685 = FACE_OUTER_BOUND ( 'NONE', #58, .T. ) ;
#686 = ORIENTED_EDGE ( 'NONE', *, *, #627, .F. ) ;
#687 = CARTESIAN_POINT ( 'NONE',  ( 0.000000000000000000, 0.000000000000000000, 10.34999999999999964 ) ) ;
#688 = CARTESIAN_POINT ( 'NONE',  ( -5.999999999999835687, 48.98918194380791391, 22.40000000000001279 ) ) ;
#689 = FACE_OUTER_BOUND ( 'NONE', #2194, .T. ) ;
#690 = CARTESIAN_POINT ( 'NONE',  ( 49.24673125796299900, 0.3992924238185625585, 14.04243020042823353 ) ) ;
#691 = CARTESIAN_POINT ( 'NONE',  ( 50.04667796677646407, -0.5766493646680118657, 18.53970087462107941 ) ) ;
#692 = EDGE_CURVE ( 'NONE', #990, #3609, #201, .T. ) ;
#693 = CARTESIAN_POINT ( 'NONE',  ( 49.24999999999997868, -0.1157152988112040565, 14.00000000000005151 ) ) ;
#694 = ORIENTED_EDGE ( 'NONE', *, *, #820, .T. ) ;
#695 = EDGE_LOOP ( 'NONE', ( #390, #4936, #3237, #3261, #2378 ) ) ;
#696 = CARTESIAN_POINT ( 'NONE',  ( 50.02107203631972254, 1.707858053022430989, 13.77937314305702010 ) ) ;
#697 = CARTESIAN_POINT ( 'NONE',  ( 35.68905815166957041, -5.999999999999995559, 22.39999999999999858 ) ) ;
#698 = EDGE_CURVE ( 'NONE', #3468, #2024, #2981, .T. ) ;
#699 = DIRECTION ( 'NONE',  ( -0.000000000000000000, -0.000000000000000000, 1.000000000000000000 ) ) ;
#700 = CARTESIAN_POINT ( 'NONE',  ( -2.444501164151089867, -49.99031923371085639, 14.66110678387002331 ) ) ;
#701 = PLANE ( 'NONE',  #729 ) ;
#702 = CARTESIAN_POINT ( 'NONE',  ( -0.9207453358051592707, 49.23284507759364459, 17.56672083332100698 ) ) ;
#703 = AXIS2_PLACEMENT_3D ( 'NONE', #5004, #2610, #682 ) ;
#704 = EDGE_CURVE ( 'NONE', #1825, #975, #1697, .T. ) ;
#705 = CARTESIAN_POINT ( 'NONE',  ( 0.000000000000000000, 0.000000000000000000, 13.35000000000000142 ) ) ;
#706 = AXIS2_PLACEMENT_3D ( 'NONE', #3559, #1969, #2435 ) ;
#707 = DIRECTION ( 'NONE',  ( 0.000000000000000000, 0.000000000000000000, 1.000000000000000000 ) ) ;
#708 = CARTESIAN_POINT ( 'NONE',  ( -49.24587255616853554, -0.4651271038202895447, 17.74639840109453459 ) ) ;
#709 = CARTESIAN_POINT ( 'NONE',  ( -49.68905815166957041, 5.999999999999992006, 10.40000000000000036 ) ) ;
#710 = VERTEX_POINT ( 'NONE', #1028 ) ;
#711 = VECTOR ( 'NONE', #4157, 1000.000000000000000 ) ;
#712 = CARTESIAN_POINT ( 'NONE',  ( 47.70851601129508879, -5.999999999999992006, 15.75000000000000000 ) ) ;
#713 = EDGE_LOOP ( 'NONE', ( #366, #2183, #106, #683, #2787, #1210, #2304, #858, #2247, #3440, #3634, #356, #3773, #1885, #2992, #225, #934 ) ) ;
#714 = B_SPLINE_CURVE_WITH_KNOTS ( 'NONE', 3,
 ( #4342, #480, #430, #3562, #3183, #868, #2051, #37, #3616 ),
 .UNSPECIFIED., .F., .F.,
 ( 4, 1, 1, 1, 1, 1, 4 ),
 ( 1.580053490600652921, 1.942828480755071308, 2.342416538366645540, 3.141592653589793560, 3.940768768812941580, 4.340356826424516257, 4.703131816578931534 ),
 .UNSPECIFIED. ) ;
#715 = CARTESIAN_POINT ( 'NONE',  ( 7.030567181065637377E-15, 1.590769094821261254E-15, 7.400000000000000355 ) ) ;
#716 = ORIENTED_EDGE ( 'NONE', *, *, #4452, .F. ) ;
#717 = VECTOR ( 'NONE', #2789, 1000.000000000000000 ) ;
#718 = EDGE_CURVE ( 'NONE', #2198, #4203, #4865, .T. ) ;
#719 = DIRECTION ( 'NONE',  ( 1.000000000000000000, 0.000000000000000000, 0.000000000000000000 ) ) ;
#720 = CARTESIAN_POINT ( 'NONE',  ( -1.850091366552942151, 50.02250727927911811, 15.45046055790810335 ) ) ;
#721 = FACE_OUTER_BOUND ( 'NONE', #1984, .T. ) ;
#722 = CARTESIAN_POINT ( 'NONE',  ( 50.05013686166965670, -0.1339418294602922610, 13.19754310903620897 ) ) ;
#723 = CARTESIAN_POINT ( 'NONE',  ( 0.9162294532942626413, -49.23300960046879737, 17.56847944760639635 ) ) ;
#724 = VERTEX_POINT ( 'NONE', #645 ) ;
#725 = TOROIDAL_SURFACE ( 'NONE', #4738, 49.25000000000000000, 0.8000000000000000444 ) ;
#726 = ORIENTED_EDGE ( 'NONE', *, *, #3918, .T. ) ;
#727 = CARTESIAN_POINT ( 'NONE',  ( 50.00141275877072644, 2.207009877513113061, 14.28589302117064008 ) ) ;
#728 = CARTESIAN_POINT ( 'NONE',  ( -10.00000000000000000, 24.00000000000000355, 10.34999999999999787 ) ) ;
#729 = AXIS2_PLACEMENT_3D ( 'NONE', #4608, #3857, #3832 ) ;
#730 = EDGE_CURVE ( 'NONE', #1992, #3273, #4480, .T. ) ;
#731 = CARTESIAN_POINT ( 'NONE',  ( 1.899999999999439027, -53.80000000000058691, 15.90000000000000036 ) ) ;
#732 = CARTESIAN_POINT ( 'NONE',  ( 1.711342603998896372, -50.02095198002744780, 13.78211025103705900 ) ) ;
#733 = CARTESIAN_POINT ( 'NONE',  ( -1.407446144808095934, 49.20953506288476831, 17.18234581496598068 ) ) ;
#734 = ORIENTED_EDGE ( 'NONE', *, *, #730, .F. ) ;
#735 = AXIS2_PLACEMENT_3D ( 'NONE', #1178, #14, #3156 ) ;
#736 = CARTESIAN_POINT ( 'NONE',  ( 50.03636157835383358, -1.293879227709546109, 17.29704710612456253 ) ) ;
#737 = CYLINDRICAL_SURFACE ( 'NONE', #3825, 3.000000000000002665 ) ;
#738 = CARTESIAN_POINT ( 'NONE',  ( 49.24673106620860352, -0.3993041351153223673, 17.75756728214076219 ) ) ;
#739 = CARTESIAN_POINT ( 'NONE',  ( 49.59339968800549059, -6.746618956819119717, 8.409873481746064527 ) ) ;
#740 = DIRECTION ( 'NONE',  ( 1.047444401652940007E-14, 1.000000000000000000, -0.000000000000000000 ) ) ;
#741 = EDGE_CURVE ( 'NONE', #4120, #3610, #3733, .T. ) ;
#742 = EDGE_LOOP ( 'NONE', ( #1894, #2899, #2507, #3221, #632 ) ) ;
#743 = DIRECTION ( 'NONE',  ( -1.000000000000000000, 0.000000000000000000, 0.000000000000000000 ) ) ;
#744 = CYLINDRICAL_SURFACE ( 'NONE', #1330, 2.999999999999999112 ) ;
#745 = CARTESIAN_POINT ( 'NONE',  ( -1.850064164652111209, 50.01594945458202801, 13.89831330378308216 ) ) ;
#746 = FACE_BOUND ( 'NONE', #713, .T. ) ;
#747 = CARTESIAN_POINT ( 'NONE',  ( 49.99474011129881035, -2.353534950954466520, 14.50070854178960467 ) ) ;
#748 = VERTEX_POINT ( 'NONE', #3798 ) ;
#749 = EDGE_LOOP ( 'NONE', ( #4458, #4736 ) ) ;
#750 = B_SPLINE_CURVE_WITH_KNOTS ( 'NONE', 3,
 ( #977, #950, #2545, #2520, #2158, #3748, #3284, #4106, #149, #1795, #4469, #3359, #3722, #3307, #4893, #1721 ),
 .UNSPECIFIED., .F., .F.,
 ( 4, 2, 2, 2, 2, 2, 2, 4 ),
 ( 0.000000000000000000, 0.0005894222024699019916, 0.001178844404939803983, 0.001768266607409705758, 0.002357688809879609267, 0.002947111012349512560, 0.003536533214819416286, 0.004715377619759217667 ),
 .UNSPECIFIED. ) ;
#751 = CARTESIAN_POINT ( 'NONE',  ( 6.000000000000158984, 47.70851601129506747, 10.40000000000000036 ) ) ;
#752 = DIRECTION ( 'NONE',  ( 1.000000000000000000, 2.478176394252582127E-16, -0.000000000000000000 ) ) ;
#753 = CARTESIAN_POINT ( 'NONE',  ( -1.131216664060466837, -49.22398156516031520, 14.36842909103401311 ) ) ;
#754 = VERTEX_POINT ( 'NONE', #3902 ) ;
#755 = CARTESIAN_POINT ( 'NONE',  ( -45.04001278136632180, -6.962258785694361407, 7.731496770071231595 ) ) ;
#756 = CARTESIAN_POINT ( 'NONE',  ( -44.72579593317483670, -8.627905400467916763, 7.417279921879750937 ) ) ;
#757 = CARTESIAN_POINT ( 'NONE',  ( 15.13938769133981666, 0.000000000000000000, 13.35000000000000142 ) ) ;
#758 = CARTESIAN_POINT ( 'NONE',  ( -1.452980435933776571, -49.20683004470462407, 14.67029924878688796 ) ) ;
#759 = ORIENTED_EDGE ( 'NONE', *, *, #741, .T. ) ;
#760 = PRODUCT ( 'Cap_BRw_players', 'Cap_BRw_players', '', ( #3887 ) ) ;
#761 = CARTESIAN_POINT ( 'NONE',  ( -49.97360699905875947, 2.764495716487376242, 15.94313103844311996 ) ) ;
#762 = EDGE_CURVE ( 'NONE', #1123, #4296, #5022, .T. ) ;
#763 = B_SPLINE_CURVE_WITH_KNOTS ( 'NONE', 3,
 ( #4797, #4017, #3175, #1680, #2795, #2042, #4828, #3148, #1606, #4383, #3632, #422, #2458, #4719, #399, #2072 ),
 .UNSPECIFIED., .F., .F.,
 ( 4, 2, 2, 2, 2, 2, 2, 4 ),
 ( 0.000000000000000000, 0.0005894222024699019916, 0.001178844404939803983, 0.001768266607409705758, 0.002357688809879609267, 0.002947111012349512560, 0.003536533214819416286, 0.004715377619759217667 ),
 .UNSPECIFIED. ) ;
#764 = CARTESIAN_POINT ( 'NONE',  ( -8.813289815228799284, -44.68964868481901931, 7.400000000000000355 ) ) ;
#765 = CARTESIAN_POINT ( 'NONE',  ( 9.999999999999998224, 24.00000000000000000, 12.74999999999999822 ) ) ;
#766 = LINE ( 'NONE', #3511, #3630 ) ;
#767 = ORIENTED_EDGE ( 'NONE', *, *, #499, .F. ) ;
#768 = ORIENTED_EDGE ( 'NONE', *, *, #953, .T. ) ;
#769 = CARTESIAN_POINT ( 'NONE',  ( -2.740161776882815925, -49.97493395687478568, 15.67509649478622258 ) ) ;
#770 = CARTESIAN_POINT ( 'NONE',  ( 5.999999999999630518, -35.68905815166963436, 15.75000000000000000 ) ) ;
#771 = CARTESIAN_POINT ( 'NONE',  ( -49.23665826631827258, 0.8148731311296868451, 14.17912778056869172 ) ) ;
#772 = CARTESIAN_POINT ( 'NONE',  ( -1.791515509181316190, -49.18420631637466300, 15.25517887246083859 ) ) ;
#773 = CARTESIAN_POINT ( 'NONE',  ( -8.627905400468371511, -44.72579593317474433, 12.76727992187975325 ) ) ;
#774 = B_SPLINE_CURVE_WITH_KNOTS ( 'NONE', 3,
 ( #4153, #301, #1869, #3439, #4233, #5018, #4625, #2205, #3794, #1099, #723, #2286, #639, #249, #1816, #3851, #327, #4962, #4573, #1778, #2915, #4510, #602, #3684, #628, #4481, #961, #3318 ),
 .UNSPECIFIED., .F., .F.,
 ( 4, 2, 2, 2, 2, 2, 2, 2, 2, 2, 2, 2, 2, 4 ),
 ( 0.006399290571869477307, 0.006748162541359748953, 0.007097034510850021467, 0.007445906480340293981, 0.007794778449830565628, 0.008143650419320837275, 0.008492522388811110656, 0.009190266327791655684, 0.009888010266772202447, 0.01023688223626247409, 0.01058575420575274401, 0.01093462617524301392, 0.01128349814473328730, 0.01198124208371383753 ),
 .UNSPECIFIED. ) ;
#775 = ORIENTED_EDGE ( 'NONE', *, *, #3765, .F. ) ;
#776 = EDGE_CURVE ( 'NONE', #3651, #2057, #2226, .T. ) ;
#777 = FACE_OUTER_BOUND ( 'NONE', #4103, .T. ) ;
#778 = CARTESIAN_POINT ( 'NONE',  ( -34.44641746455027942, -7.242640687119289211, 12.75000000000000178 ) ) ;
#779 = DIRECTION ( 'NONE',  ( 1.000000000000000000, 0.000000000000000000, 0.000000000000000000 ) ) ;
#780 = CARTESIAN_POINT ( 'NONE',  ( -49.98300448605636603, -2.589757218939478634, 16.80939886150684970 ) ) ;
#781 = CARTESIAN_POINT ( 'NONE',  ( -0.02870363439555301960, -49.25025719600650831, 13.99668114495611171 ) ) ;
#782 = VERTEX_POINT ( 'NONE', #770 ) ;
#783 = DIRECTION ( 'NONE',  ( 0.000000000000000000, 0.000000000000000000, 1.000000000000000000 ) ) ;
#784 = ORIENTED_EDGE ( 'NONE', *, *, #841, .T. ) ;
#785 = DIRECTION ( 'NONE',  ( 0.000000000000000000, 0.000000000000000000, 1.000000000000000000 ) ) ;
#786 = EDGE_CURVE ( 'NONE', #4171, #1447, #2681, .T. ) ;
#787 = FACE_OUTER_BOUND ( 'NONE', #1775, .T. ) ;
#788 = DIRECTION ( 'NONE',  ( -1.000000000000000000, 0.000000000000000000, -0.000000000000000000 ) ) ;
#789 = CARTESIAN_POINT ( 'NONE',  ( -2.106843152333857994, -46.26521133956566700, 3.200000000000000178 ) ) ;
#790 = VECTOR ( 'NONE', #5094, 1000.000000000000000 ) ;
#791 = ORIENTED_EDGE ( 'NONE', *, *, #820, .F. ) ;
#792 = ORIENTED_EDGE ( 'NONE', *, *, #3978, .F. ) ;
#793 = CARTESIAN_POINT ( 'NONE',  ( -1.891899751664311902, -49.17657489215341826, 16.11500922898723331 ) ) ;
#794 = CARTESIAN_POINT ( 'NONE',  ( 49.18608388984649338, 1.765807685666454407, 15.18919330151316949 ) ) ;
#795 = CARTESIAN_POINT ( 'NONE',  ( -50.02658845431641765, 1.702824280723987282, 15.04804748531352132 ) ) ;
#796 = CARTESIAN_POINT ( 'NONE',  ( -1.173332537791519803, -50.03652649716091361, 13.45286488165406169 ) ) ;
#797 = CARTESIAN_POINT ( 'NONE',  ( 44.76051296219343101, 8.443872296601444560, 141.5848555321889535 ) ) ;
#798 = AXIS2_PLACEMENT_3D ( 'NONE', #3499, #67, #4685 ) ;
#799 = ORIENTED_EDGE ( 'NONE', *, *, #3136, .T. ) ;
#800 = VECTOR ( 'NONE', #1147, 1000.000000000000000 ) ;
#801 = DIRECTION ( 'NONE',  ( -0.000000000000000000, -0.000000000000000000, -1.000000000000000000 ) ) ;
#802 = CARTESIAN_POINT ( 'NONE',  ( 2.681058570385760120, 49.97813947059415085, 15.32565073085612894 ) ) ;
#803 = CARTESIAN_POINT ( 'NONE',  ( -50.02112219127474901, -1.897971740149840381, 16.05029149257795140 ) ) ;
#804 = CARTESIAN_POINT ( 'NONE',  ( 1.899999999999440581, -49.17593415482823360, 15.78440750279060190 ) ) ;
#805 = ORIENTED_EDGE ( 'NONE', *, *, #1991, .T. ) ;
#806 = AXIS2_PLACEMENT_3D ( 'NONE', #1337, #3308, #900 ) ;
#807 = AXIS2_PLACEMENT_3D ( 'NONE', #133, #3761, #239 ) ;
#808 = CARTESIAN_POINT ( 'NONE',  ( 35.68905815166957041, 0.000000000000000000, 15.75000000000000000 ) ) ;
#809 = CARTESIAN_POINT ( 'NONE',  ( -2.730743374471198415, -49.97546035115989582, 16.21818356083677770 ) ) ;
#810 = EDGE_CURVE ( 'NONE', #1277, #1895, #4239, .T. ) ;
#811 = DIRECTION ( 'NONE',  ( -1.000000000000000000, 0.000000000000000000, 0.000000000000000000 ) ) ;
#812 = CARTESIAN_POINT ( 'NONE',  ( -49.22376816333734695, 1.135159553243938468, 17.42801291883498394 ) ) ;
#813 = ORIENTED_EDGE ( 'NONE', *, *, #4759, .T. ) ;
#814 = EDGE_CURVE ( 'NONE', #3516, #3609, #4392, .T. ) ;
#815 = ORIENTED_EDGE ( 'NONE', *, *, #3737, .F. ) ;
#816 = DIRECTION ( 'NONE',  ( 0.000000000000000000, 0.000000000000000000, 1.000000000000000000 ) ) ;
#817 = DIRECTION ( 'NONE',  ( -0.000000000000000000, -0.000000000000000000, 1.000000000000000000 ) ) ;
#818 = CARTESIAN_POINT ( 'NONE',  ( -50.03345374438715965, 1.427329586920736970, 14.63946222294456767 ) ) ;
#819 = CARTESIAN_POINT ( 'NONE',  ( 2.681062256846688641, -49.97813927283519320, 16.47433260623380491 ) ) ;
#820 = EDGE_CURVE ( 'NONE', #1993, #913, #2654, .T. ) ;
#821 = CARTESIAN_POINT ( 'NONE',  ( 44.76051296219343101, 8.443872296601444560, 7.451996950898348793 ) ) ;
#822 = EDGE_LOOP ( 'NONE', ( #1506, #3823, #2274, #2966, #2432, #474, #3764 ) ) ;
#823 = DIRECTION ( 'NONE',  ( -0.000000000000000000, -0.000000000000000000, -1.000000000000000000 ) ) ;
#824 = CARTESIAN_POINT ( 'NONE',  ( -44.76051296219343811, 8.443872296601433902, 7.451996950898348793 ) ) ;
#825 = CARTESIAN_POINT ( 'NONE',  ( -50.02398496671045081, -1.798199325711715035, 16.52583338186959594 ) ) ;
#826 = DIRECTION ( 'NONE',  ( 1.000000000000000000, 0.000000000000000000, 0.000000000000000000 ) ) ;
#827 = EDGE_LOOP ( 'NONE', ( #2504, #382, #2997, #3843, #2206, #4683, #3383 ) ) ;
#828 = B_SPLINE_CURVE_WITH_KNOTS ( 'NONE', 3,
 ( #2989, #288, #1853, #1417, #2270 ),
 .UNSPECIFIED., .F., .F.,
 ( 4, 1, 4 ),
 ( 0.000000000000000000, 0.0002032590878508016793, 0.0004065181757016033586 ),
 .UNSPECIFIED. ) ;
#829 = DIRECTION ( 'NONE',  ( -1.022662637710414304E-14, -1.000000000000000000, 0.000000000000000000 ) ) ;
#830 = ORIENTED_EDGE ( 'NONE', *, *, #1565, .T. ) ;
#831 = CARTESIAN_POINT ( 'NONE',  ( -1.847611234970280014, 49.17997525182598650, 15.43971419763805564 ) ) ;
#832 = CARTESIAN_POINT ( 'NONE',  ( 0.000000000000000000, 0.000000000000000000, 10.34999999999999787 ) ) ;
#833 = CARTESIAN_POINT ( 'NONE',  ( -2.480504102057866422, -49.98853967359522699, 17.06777974241302687 ) ) ;
#834 = VERTEX_POINT ( 'NONE', #1518 ) ;
#835 = CARTESIAN_POINT ( 'NONE',  ( -53.79999999999999716, -2.314123766397086009E-15, 14.00000000000000000 ) ) ;
#836 = CARTESIAN_POINT ( 'NONE',  ( 49.68905815166957041, 6.000000000000004441, 10.40000000000000036 ) ) ;
#837 = ORIENTED_EDGE ( 'NONE', *, *, #348, .T. ) ;
#838 = ORIENTED_EDGE ( 'NONE', *, *, #2295, .F. ) ;
#839 = CARTESIAN_POINT ( 'NONE',  ( 10.00000000000000000, 0.000000000000000000, 10.34999999999999787 ) ) ;
#840 = CARTESIAN_POINT ( 'NONE',  ( 49.20774363138264107, 1.437083759288107387, 17.14824899919559442 ) ) ;
#841 = EDGE_CURVE ( 'NONE', #1574, #4756, #4285, .T. ) ;
#842 = CARTESIAN_POINT ( 'NONE',  ( -49.18003263917682943, 1.846856852870833121, 16.36326849112103687 ) ) ;
#843 = CARTESIAN_POINT ( 'NONE',  ( 35.68905815166957041, -5.999999999999995559, 15.75000000000000000 ) ) ;
#844 = CARTESIAN_POINT ( 'NONE',  ( 53.80000000000000426, 2.546806658235083343E-15, 14.00000000000000000 ) ) ;
#845 = EDGE_LOOP ( 'NONE', ( #4799, #2358, #5006, #2702 ) ) ;
#846 = FACE_BOUND ( 'NONE', #4334, .T. ) ;
#847 = LINE ( 'NONE', #4370, #1777 ) ;
#848 = CARTESIAN_POINT ( 'NONE',  ( -50.00861215704758678, -2.039042415814012355, 17.71524113894170327 ) ) ;
#849 = FACE_OUTER_BOUND ( 'NONE', #5, .T. ) ;
#850 = B_SPLINE_CURVE_WITH_KNOTS ( 'NONE', 3,
 ( #5101, #1579, #3144, #4713, #1985, #2423, #3194, #2913, #4428, #2454, #4874, #492, #4012, #2476, #3654, #3601 ),
 .UNSPECIFIED., .F., .F.,
 ( 4, 2, 2, 2, 2, 2, 2, 4 ),
 ( 0.000000000000000000, 0.0005894222024699000400, 0.001178844404939800080, 0.001768266607409702288, 0.002357688809879606232, 0.002947111012349509958, 0.003536533214819413684, 0.004715377619759216800 ),
 .UNSPECIFIED. ) ;
#851 = ORIENTED_EDGE ( 'NONE', *, *, #274, .F. ) ;
#852 = EDGE_CURVE ( 'NONE', #4651, #4096, #1032, .T. ) ;
#853 = CARTESIAN_POINT ( 'NONE',  ( -10.00000000000000000, 0.000000000000000000, 10.34999999999999964 ) ) ;
#854 = DIRECTION ( 'NONE',  ( -0.000000000000000000, -0.000000000000000000, -1.000000000000000000 ) ) ;
#855 = CARTESIAN_POINT ( 'NONE',  ( 0.9226672567104817757, 49.23276692721510273, 14.23445332589191992 ) ) ;
#856 = DIRECTION ( 'NONE',  ( -0.000000000000000000, -0.000000000000000000, -1.000000000000000000 ) ) ;
#857 = CARTESIAN_POINT ( 'NONE',  ( -2.740696970620907891, -49.97490458371079569, 15.67864372813957630 ) ) ;
#858 = ORIENTED_EDGE ( 'NONE', *, *, #1226, .F. ) ;
#859 = CIRCLE ( 'NONE', #2089, 50.05000000000000426 ) ;
#860 = CARTESIAN_POINT ( 'NONE',  ( -2.028882180386176959, 50.00902666830258170, 17.72620841801386149 ) ) ;
#861 = CARTESIAN_POINT ( 'NONE',  ( -3.146085578794155957, -43.50489298858212805, 3.200000000000000178 ) ) ;
#862 = ORIENTED_EDGE ( 'NONE', *, *, #810, .F. ) ;
#863 = VERTEX_POINT ( 'NONE', #728 ) ;
#864 = CARTESIAN_POINT ( 'NONE',  ( -0.5262345178358691644, -49.24462297923346199, 17.72987300714261494 ) ) ;
#865 = CARTESIAN_POINT ( 'NONE',  ( -35.68905815166957041, 0.000000000000000000, 15.75000000000000000 ) ) ;
#866 = CARTESIAN_POINT ( 'NONE',  ( 1.016602479827373173, 49.22898952799548056, 14.29065853987355084 ) ) ;
#867 = CARTESIAN_POINT ( 'NONE',  ( -2.665871688130990069, 49.97896263858289245, 15.23639739044373087 ) ) ;
#868 = CARTESIAN_POINT ( 'NONE',  ( 2.106843152333857994, 46.26521133956566700, 1.694065894508600678E-18 ) ) ;
#869 = ORIENTED_EDGE ( 'NONE', *, *, #4494, .F. ) ;
#870 = EDGE_CURVE ( 'NONE', #3141, #2127, #1845, .T. ) ;
#871 = EDGE_CURVE ( 'NONE', #4374, #1312, #59, .T. ) ;
#872 = CARTESIAN_POINT ( 'NONE',  ( 49.23258938407960272, 0.9273250302980642346, 17.56295740638937275 ) ) ;
#873 = DIRECTION ( 'NONE',  ( -1.047444401652940007E-14, -1.000000000000000000, 0.000000000000000000 ) ) ;
#874 = CARTESIAN_POINT ( 'NONE',  ( -49.97891823999690786, -2.666696922933539327, 15.24032264470008258 ) ) ;
#875 = DIRECTION ( 'NONE',  ( 2.478176394252582127E-16, -1.000000000000000000, 0.000000000000000000 ) ) ;
#876 = ORIENTED_EDGE ( 'NONE', *, *, #786, .T. ) ;
#877 = LINE ( 'NONE', #853, #3434 ) ;
#878 = CYLINDRICAL_SURFACE ( 'NONE', #4398, 1.900000000000000133 ) ;
#879 =( NAMED_UNIT ( * ) SI_UNIT ( $, .STERADIAN. ) SOLID_ANGLE_UNIT ( ) );
#880 = CARTESIAN_POINT ( 'NONE',  ( 0.9395342342887840204, 50.04281435822609581, 14.24372010323248183 ) ) ;
#881 = LINE ( 'NONE', #4791, #2585 ) ;
#882 = AXIS2_PLACEMENT_3D ( 'NONE', #4899, #2192, #3367 ) ;
#883 = CARTESIAN_POINT ( 'NONE',  ( 0.8374852064765905268, -50.04326600757938337, 18.47709509791504345 ) ) ;
#884 = VERTEX_POINT ( 'NONE', #306 ) ;
#885 = ADVANCED_FACE ( 'NONE', ( #2291 ), #3443, .F. ) ;
#886 = CIRCLE ( 'NONE', #3262, 1.900000000000000577 ) ;
#887 = CIRCLE ( 'NONE', #4166, 26.00000000000000355 ) ;
#888 = CARTESIAN_POINT ( 'NONE',  ( 0.000000000000000000, 0.000000000000000000, 10.34999999999999787 ) ) ;
#889 =( GEOMETRIC_REPRESENTATION_CONTEXT ( 3 ) GLOBAL_UNCERTAINTY_ASSIGNED_CONTEXT ( ( #1 ) ) GLOBAL_UNIT_ASSIGNED_CONTEXT ( ( #4324, #155, #879 ) ) REPRESENTATION_CONTEXT ( 'NONE', 'WORKASPACE' ) );
#890 = VERTEX_POINT ( 'NONE', #2704 ) ;
#891 = VERTEX_POINT ( 'NONE', #4215 ) ;
#892 = CARTESIAN_POINT ( 'NONE',  ( -0.9825835964603526484, -49.23041442931452849, 17.53090067011963882 ) ) ;
#893 = CARTESIAN_POINT ( 'NONE',  ( 49.22136116707023490, 1.184882866206928398, 17.38979573928632405 ) ) ;
#894 = CARTESIAN_POINT ( 'NONE',  ( -1.567763947208036246, 49.20007198205500032, 14.80214380782285843 ) ) ;
#895 = CARTESIAN_POINT ( 'NONE',  ( -2.719690906896846450, 49.97606705051583731, 16.29972737019272344 ) ) ;
#896 = CARTESIAN_POINT ( 'NONE',  ( 49.24673106620860352, -0.3993041351153223673, 17.75756728214076219 ) ) ;
#897 = ORIENTED_EDGE ( 'NONE', *, *, #1448, .F. ) ;
#898 = CARTESIAN_POINT ( 'NONE',  ( 49.24328170463539323, 0.5839622739448598887, 17.71229343045123272 ) ) ;
#899 = DIRECTION ( 'NONE',  ( 0.9771141166200966177, 0.000000000000000000, 0.2127157800957142075 ) ) ;
#900 = DIRECTION ( 'NONE',  ( 0.000000000000000000, 0.000000000000000000, -1.000000000000000000 ) ) ;
#901 = CARTESIAN_POINT ( 'NONE',  ( 43.14999999999999147, 5.284350938320828112E-15, 0.000000000000000000 ) ) ;
#902 = VERTEX_POINT ( 'NONE', #1148 ) ;
#903 = CARTESIAN_POINT ( 'NONE',  ( 50.03723492280768426, -1.251488442465706674, 14.46487371748924922 ) ) ;
#904 = VERTEX_POINT ( 'NONE', #1491 ) ;
#905 = CARTESIAN_POINT ( 'NONE',  ( 50.00648888961826799, 2.090245978332925691, 14.14206720224015967 ) ) ;
#906 = CARTESIAN_POINT ( 'NONE',  ( 1.796494728345458647, 50.02403261520931466, 15.26936802005391769 ) ) ;
#907 = DIRECTION ( 'NONE',  ( -0.000000000000000000, -0.000000000000000000, -1.000000000000000000 ) ) ;
#908 = CARTESIAN_POINT ( 'NONE',  ( -0.1299559944576122450, 50.05015276922694767, 18.60274256273602234 ) ) ;
#909 = ORIENTED_EDGE ( 'NONE', *, *, #1307, .T. ) ;
#910 = DIRECTION ( 'NONE',  ( 0.000000000000000000, 0.000000000000000000, 1.000000000000000000 ) ) ;
#911 = EDGE_CURVE ( 'NONE', #1420, #2486, #3146, .T. ) ;
#912 = DIRECTION ( 'NONE',  ( 0.9771141166200966177, 0.000000000000000000, -0.2127157800957142075 ) ) ;
#913 = VERTEX_POINT ( 'NONE', #2313 ) ;
#914 = ADVANCED_FACE ( 'NONE', ( #1897 ), #4717, .T. ) ;
#915 = VERTEX_POINT ( 'NONE', #1685 ) ;
#916 = CARTESIAN_POINT ( 'NONE',  ( -1.185789904817126983, -49.22137652054363599, 17.38970125242065023 ) ) ;
#917 = DIRECTION ( 'NONE',  ( 0.000000000000000000, 0.000000000000000000, 1.000000000000000000 ) ) ;
#918 = PLANE ( 'NONE',  #2361 ) ;
#919 = DIRECTION ( 'NONE',  ( -0.000000000000000000, -0.000000000000000000, -1.000000000000000000 ) ) ;
#920 = DIRECTION ( 'NONE',  ( -0.000000000000000000, 0.000000000000000000, 1.000000000000000000 ) ) ;
#921 = ORIENTED_EDGE ( 'NONE', *, *, #1332, .T. ) ;
#922 = CARTESIAN_POINT ( 'NONE',  ( 50.04274172102436324, 0.9442260455458693080, 17.55360885244665781 ) ) ;
#923 = DIRECTION ( 'NONE',  ( -1.000000000000000000, 0.000000000000000000, 0.000000000000000000 ) ) ;
#924 = CARTESIAN_POINT ( 'NONE',  ( -50.04667796677645697, -0.5766493646680183049, 13.26029912537892308 ) ) ;
#925 = LINE ( 'NONE', #1258, #1162 ) ;
#926 = VERTEX_POINT ( 'NONE', #3204 ) ;
#927 = EDGE_CURVE ( 'NONE', #2224, #1707, #2996, .T. ) ;
#928 = CARTESIAN_POINT ( 'NONE',  ( 49.24322644853825182, -0.5861833425684482846, 14.08845093550899108 ) ) ;
#929 = FACE_OUTER_BOUND ( 'NONE', #4720, .T. ) ;
#930 = CARTESIAN_POINT ( 'NONE',  ( 50.04982368847652907, -0.2232381969594146587, 18.59683497191187129 ) ) ;
#931 = DIRECTION ( 'NONE',  ( -3.491481338843135327E-15, -1.000000000000000000, 0.000000000000000000 ) ) ;
#932 = DIRECTION ( 'NONE',  ( -0.000000000000000000, -0.000000000000000000, -1.000000000000000000 ) ) ;
#933 = ADVANCED_FACE ( 'NONE', ( #3586 ), #87, .T. ) ;
#934 = ORIENTED_EDGE ( 'NONE', *, *, #3431, .T. ) ;
#935 = EDGE_CURVE ( 'NONE', #3936, #4296, #3536, .T. ) ;
#936 = CARTESIAN_POINT ( 'NONE',  ( 1.896423166430685869, -49.17621405988670347, 16.03504659514669939 ) ) ;
#937 = EDGE_CURVE ( 'NONE', #926, #4014, #4555, .T. ) ;
#938 = CARTESIAN_POINT ( 'NONE',  ( 2.664607105965683953, 49.97903025928384579, 16.56839598445633044 ) ) ;
#939 = CARTESIAN_POINT ( 'NONE',  ( 3.146085578794155957, 43.50489298858212805, 3.200000000000000178 ) ) ;
#940 = AXIS2_PLACEMENT_3D ( 'NONE', #3242, #856, #4040 ) ;
#941 = ORIENTED_EDGE ( 'NONE', *, *, #937, .T. ) ;
#942 = VERTEX_POINT ( 'NONE', #3998 ) ;
#943 = CARTESIAN_POINT ( 'NONE',  ( 0.8260444937477238181, -50.04447999309468997, 17.61576400048605962 ) ) ;
#944 = CARTESIAN_POINT ( 'NONE',  ( -6.962258785694824148, -45.04001278136623654, 7.731496770071231595 ) ) ;
#945 = CARTESIAN_POINT ( 'NONE',  ( -50.03632596032606017, 1.295565406139048248, 17.29544914690427859 ) ) ;
#946 = DIRECTION ( 'NONE',  ( 0.000000000000000000, 0.000000000000000000, 1.000000000000000000 ) ) ;
#947 = LINE ( 'NONE', #4126, #554 ) ;
#948 = VERTEX_POINT ( 'NONE', #3946 ) ;
#949 = CARTESIAN_POINT ( 'NONE',  ( 50.04580774466956683, 0.6715154823578606269, 18.52387027022739119 ) ) ;
#950 = CARTESIAN_POINT ( 'NONE',  ( -49.26999247902672607, -8.803979171730055953, 7.400000000000000355 ) ) ;
#951 = CARTESIAN_POINT ( 'NONE',  ( -50.03636157835382647, -1.293879227709618496, 14.50295289387560338 ) ) ;
#952 = FACE_OUTER_BOUND ( 'NONE', #1752, .T. ) ;
#953 = EDGE_CURVE ( 'NONE', #942, #3990, #3153, .T. ) ;
#954 = CARTESIAN_POINT ( 'NONE',  ( 50.00138861444212779, -2.207508014380205719, 17.51321586530685082 ) ) ;
#955 = CARTESIAN_POINT ( 'NONE',  ( -6.402204729109520542, 49.63896329101368821, 8.886570812665242514 ) ) ;
#956 = DIRECTION ( 'NONE',  ( 1.000000000000000000, 0.000000000000000000, -0.000000000000000000 ) ) ;
#957 = FACE_OUTER_BOUND ( 'NONE', #553, .T. ) ;
#958 = CARTESIAN_POINT ( 'NONE',  ( -1.590769094821187693E-15, 7.030567181065654732E-15, 22.39999999999999858 ) ) ;
#959 = ORIENTED_EDGE ( 'NONE', *, *, #776, .T. ) ;
#960 = CIRCLE ( 'NONE', #5071, 45.54999999999999716 ) ;
#961 = CARTESIAN_POINT ( 'NONE',  ( -1.900000000000512168, -49.17593415482819097, 16.13393159196596116 ) ) ;
#962 = AXIS2_PLACEMENT_3D ( 'NONE', #2768, #1218, #1143 ) ;
#963 = CARTESIAN_POINT ( 'NONE',  ( 0.2196636619978182825, 50.04983383032397626, 18.59701706280746691 ) ) ;
#964 = LINE ( 'NONE', #2918, #2726 ) ;
#965 = ORIENTED_EDGE ( 'NONE', *, *, #3123, .T. ) ;
#966 = VECTOR ( 'NONE', #2349, 1000.000000000000000 ) ;
#967 = ORIENTED_EDGE ( 'NONE', *, *, #4808, .T. ) ;
#968 = CARTESIAN_POINT ( 'NONE',  ( -1.261226597881661915, -50.03438033720384226, 18.30443575818267377 ) ) ;
#969 = LINE ( 'NONE', #636, #2334 ) ;
#970 = PRODUCT_DEFINITION_FORMATION_WITH_SPECIFIED_SOURCE ( 'ANY', '', #760, .NOT_KNOWN. ) ;
#971 = CARTESIAN_POINT ( 'NONE',  ( -50.00141275877072644, 2.207009877513109064, 17.51410697882920786 ) ) ;
#972 = DIRECTION ( 'NONE',  ( 1.000000000000000000, 0.000000000000000000, 0.000000000000000000 ) ) ;
#973 = EDGE_CURVE ( 'NONE', #1094, #782, #2100, .T. ) ;
#974 = CARTESIAN_POINT ( 'NONE',  ( 6.000000000000004441, -6.284666409917645088E-14, 22.39999999999999858 ) ) ;
#975 = VERTEX_POINT ( 'NONE', #1198 ) ;
#976 = CARTESIAN_POINT ( 'NONE',  ( 49.20439384165627672, 1.492803616119634746, 17.08188193325232618 ) ) ;
#977 = CARTESIAN_POINT ( 'NONE',  ( -49.23415988924762843, -9.000000000000005329, 7.400000000000000355 ) ) ;
#978 = EDGE_CURVE ( 'NONE', #2473, #2667, #2774, .T. ) ;
#979 = LINE ( 'NONE', #202, #2196 ) ;
#980 = DIRECTION ( 'NONE',  ( 0.000000000000000000, 0.000000000000000000, 1.000000000000000000 ) ) ;
#981 = ORIENTED_EDGE ( 'NONE', *, *, #5069, .T. ) ;
#982 = CARTESIAN_POINT ( 'NONE',  ( 50.04580551135342859, -0.6717066647093711262, 13.27617069458923282 ) ) ;
#983 = CARTESIAN_POINT ( 'NONE',  ( -6.747984984504862283, 49.59321451291352645, 8.408309482229306298 ) ) ;
#984 = CARTESIAN_POINT ( 'NONE',  ( -44.65201563199583035, 8.999999999999994671, 12.75000000000001066 ) ) ;
#985 = DIRECTION ( 'NONE',  ( 0.000000000000000000, 0.000000000000000000, 1.000000000000000000 ) ) ;
#986 = DIRECTION ( 'NONE',  ( -0.000000000000000000, -0.000000000000000000, 1.000000000000000000 ) ) ;
#987 = ORIENTED_EDGE ( 'NONE', *, *, #4367, .F. ) ;
#988 = FACE_OUTER_BOUND ( 'NONE', #2294, .T. ) ;
#989 = DIRECTION ( 'NONE',  ( 0.000000000000000000, 0.000000000000000000, 1.000000000000000000 ) ) ;
#990 = VERTEX_POINT ( 'NONE', #405 ) ;
#991 = CARTESIAN_POINT ( 'NONE',  ( 0.000000000000000000, 0.000000000000000000, -38.35374729631401891 ) ) ;
#992 = CARTESIAN_POINT ( 'NONE',  ( 0.000000000000000000, 0.000000000000000000, 10.34999999999999964 ) ) ;
#993 = CARTESIAN_POINT ( 'NONE',  ( 44.68964868481911878, -8.813289815228332102, 7.400000000000000355 ) ) ;
#994 = CARTESIAN_POINT ( 'NONE',  ( 3.149807816272653938, 43.03488368564030253, 3.200000000000000178 ) ) ;
#995 = LINE ( 'NONE', #4075, #594 ) ;
#996 = CARTESIAN_POINT ( 'NONE',  ( 49.21029850687136786, -1.393825651936624999, 17.19637595363273519 ) ) ;
#997 = ORIENTED_EDGE ( 'NONE', *, *, #4297, .T. ) ;
#998 = EDGE_CURVE ( 'NONE', #3840, #3125, #4731, .T. ) ;
#999 = DIRECTION ( 'NONE',  ( 0.000000000000000000, 0.000000000000000000, 1.000000000000000000 ) ) ;
#1000 = AXIS2_PLACEMENT_3D ( 'NONE', #4669, #4228, #1142 ) ;
#1001 = DIRECTION ( 'NONE',  ( 1.000000000000000000, 0.000000000000000000, 0.000000000000000000 ) ) ;
#1002 = B_SPLINE_CURVE_WITH_KNOTS ( 'NONE', 3,
 ( #1840, #5083, #3793, #722, #4281, #2309, #2331, #3821, #5062, #300, #2232, #1486, #1916, #747, #4182, #272, #2285, #3055, #2648, #2676, #4211, #3410, #3850, #4624, #3490, #4987, #3438, #326, #1460, #3033, #4600, #3897, #1075, #691 ),
 .UNSPECIFIED., .F., .F.,
 ( 4, 2, 2, 2, 2, 2, 2, 2, 2, 2, 2, 2, 2, 2, 2, 2, 4 ),
 ( 0.008027141475313167088, 0.008565569577940451013, 0.009103997680567733203, 0.009642425783195017128, 0.01018085388582230105, 0.01071928198844958324, 0.01125771009107686890, 0.01179613819370415109, 0.01233456629633143502, 0.01287299439895871894, 0.01341142250158600113, 0.01394985060421328506, 0.01448827870684056898, 0.01502670680946785117, 0.01556513491209513336, 0.01610356301472241902, 0.01664199111734970121 ),
 .UNSPECIFIED. ) ;
#1003 = CIRCLE ( 'NONE', #92, 51.25000000000000711 ) ;
#1004 = CARTESIAN_POINT ( 'NONE',  ( -49.17866975738056823, -1.864769491211485830, 16.33141007124118360 ) ) ;
#1005 = CARTESIAN_POINT ( 'NONE',  ( 1.665786597046363671, -49.19317349152169783, 14.97756827069546404 ) ) ;
#1006 = CARTESIAN_POINT ( 'NONE',  ( 1.298148233938823948, 50.03627272271205584, 17.29314934368007073 ) ) ;
#1007 = ORIENTED_EDGE ( 'NONE', *, *, #4076, .T. ) ;
#1008 = VECTOR ( 'NONE', #4259, 1000.000000000000000 ) ;
#1009 = CARTESIAN_POINT ( 'NONE',  ( 50.03233234889930969, -1.338416540070580085, 13.53627305087862709 ) ) ;
#1010 = CARTESIAN_POINT ( 'NONE',  ( -8.999999999999833022, 49.23415988924766395, 7.400000000000000355 ) ) ;
#1011 = CARTESIAN_POINT ( 'NONE',  ( 7.030567181065637377E-15, 1.590769094821261254E-15, 2.399999999999999911 ) ) ;
#1012 = CARTESIAN_POINT ( 'NONE',  ( 35.68905815166957041, 6.000000000000004441, 22.39999999999999858 ) ) ;
#1013 = CARTESIAN_POINT ( 'NONE',  ( -0.6628468263550766348, -50.04591512732586978, 13.27415729649634102 ) ) ;
#1014 = VERTEX_POINT ( 'NONE', #1248 ) ;
#1015 = EDGE_CURVE ( 'NONE', #915, #2234, #4387, .T. ) ;
#1016 = DIRECTION ( 'NONE',  ( -0.000000000000000000, -0.000000000000000000, 1.000000000000000000 ) ) ;
#1017 = DIRECTION ( 'NONE',  ( 0.000000000000000000, -1.000000000000000000, 0.000000000000000000 ) ) ;
#1018 = VERTEX_POINT ( 'NONE', #1401 ) ;
#1019 = DIRECTION ( 'NONE',  ( -1.000000000000000000, 0.000000000000000000, 0.000000000000000000 ) ) ;
#1020 = DIRECTION ( 'NONE',  ( 0.000000000000000000, -0.000000000000000000, 1.000000000000000000 ) ) ;
#1021 = CARTESIAN_POINT ( 'NONE',  ( 9.000000000000110134, 32.68905815166952777, 12.75000000000000000 ) ) ;
#1022 = CARTESIAN_POINT ( 'NONE',  ( 2.106843152333857994, 46.26521133956566700, 4.336808689942017736E-16 ) ) ;
#1023 = CARTESIAN_POINT ( 'NONE',  ( -35.68905815166957041, 5.999999999999995559, 15.75000000000000000 ) ) ;
#1024 = CARTESIAN_POINT ( 'NONE',  ( 49.19857810172643298, -1.586810650753214258, 14.82979025911214066 ) ) ;
#1025 = ORIENTED_EDGE ( 'NONE', *, *, #4956, .F. ) ;
#1026 = ORIENTED_EDGE ( 'NONE', *, *, #2070, .F. ) ;
#1027 = CARTESIAN_POINT ( 'NONE',  ( -24.00000000000000000, -10.00000000000000711, 10.34999999999999787 ) ) ;
#1028 = CARTESIAN_POINT ( 'NONE',  ( -35.68905815166957041, -6.000000000000004441, 22.39999999999999858 ) ) ;
#1029 = FACE_OUTER_BOUND ( 'NONE', #3363, .T. ) ;
#1030 = CARTESIAN_POINT ( 'NONE',  ( 1.467772975299016291, -50.03251396425658726, 14.68693497689153205 ) ) ;
#1031 = CARTESIAN_POINT ( 'NONE',  ( 2.746650464673576764, 49.97457775491850640, 16.02691890365643346 ) ) ;
#1032 = CIRCLE ( 'NONE', #3900, 50.05000000000000426 ) ;
#1033 = ORIENTED_EDGE ( 'NONE', *, *, #2219, .T. ) ;
#1034 = ADVANCED_FACE ( 'NONE', ( #4150 ), #4886, .F. ) ;
#1035 = CARTESIAN_POINT ( 'NONE',  ( 0.000000000000000000, 0.000000000000000000, 0.000000000000000000 ) ) ;
#1036 = DIRECTION ( 'NONE',  ( -1.000000000000000000, -2.342176784895722760E-16, 0.000000000000000000 ) ) ;
#1037 = CARTESIAN_POINT ( 'NONE',  ( -10.00000000000000000, -24.00000000000000355, -38.35374729631401891 ) ) ;
#1038 = FACE_OUTER_BOUND ( 'NONE', #4906, .T. ) ;
#1039 = CARTESIAN_POINT ( 'NONE',  ( -0.8358054829494886429, -50.04329944377795414, 13.32226094485476153 ) ) ;
#1040 = VECTOR ( 'NONE', #1904, 1000.000000000000000 ) ;
#1041 = EDGE_LOOP ( 'NONE', ( #4640, #3563, #528, #4881, #3372 ) ) ;
#1042 = EDGE_CURVE ( 'NONE', #1980, #24, #3373, .T. ) ;
#1043 = EDGE_CURVE ( 'NONE', #834, #2884, #3648, .T. ) ;
#1044 = CARTESIAN_POINT ( 'NONE',  ( -49.98512998369076854, 2.548429715971379572, 16.91420377997595637 ) ) ;
#1045 = EDGE_CURVE ( 'NONE', #3840, #1292, #3404, .T. ) ;
#1046 = DIRECTION ( 'NONE',  ( 0.000000000000000000, 0.000000000000000000, 1.000000000000000000 ) ) ;
#1047 = VERTEX_POINT ( 'NONE', #1354 ) ;
#1048 = CARTESIAN_POINT ( 'NONE',  ( 0.000000000000000000, 0.000000000000000000, 12.75000000000001066 ) ) ;
#1049 = LINE ( 'NONE', #1837, #2695 ) ;
#1050 = LINE ( 'NONE', #808, #27 ) ;
#1051 = CARTESIAN_POINT ( 'NONE',  ( -2.994678954432754114, 44.50607405849358145, 3.200000000000000622 ) ) ;
#1052 = CARTESIAN_POINT ( 'NONE',  ( 9.000000000000120792, 35.68905815166954199, 12.75000000000000000 ) ) ;
#1053 = AXIS2_PLACEMENT_3D ( 'NONE', #1559, #353, #421 ) ;
#1054 = EDGE_LOOP ( 'NONE', ( #3853, #3102, #2933, #4705, #1171 ) ) ;
#1055 = ORIENTED_EDGE ( 'NONE', *, *, #4743, .T. ) ;
#1056 = VECTOR ( 'NONE', #2944, 1000.000000000000000 ) ;
#1057 = CARTESIAN_POINT ( 'NONE',  ( 49.24999999999999289, 2.270201487571823240E-15, 17.80000000000000071 ) ) ;
#1058 = CARTESIAN_POINT ( 'NONE',  ( 5.999999999999485745, -49.68905815166962725, 21.81210565520125044 ) ) ;
#1059 = DIRECTION ( 'NONE',  ( 3.243663699417875537E-15, 1.000000000000000000, -0.000000000000000000 ) ) ;
#1060 = LINE ( 'NONE', #674, #5036 ) ;
#1061 = CARTESIAN_POINT ( 'NONE',  ( 1.891899751663967066, 49.17657489215342537, 16.11500922898724042 ) ) ;
#1062 = ORIENTED_EDGE ( 'NONE', *, *, #2225, .F. ) ;
#1063 = CARTESIAN_POINT ( 'NONE',  ( 50.04861962129534447, -0.4081355946303316662, 17.75566886460436677 ) ) ;
#1064 = CARTESIAN_POINT ( 'NONE',  ( -8.803979171729883646, 49.26999247902674739, 7.400000000000001243 ) ) ;
#1065 = CARTESIAN_POINT ( 'NONE',  ( -44.65201563199583035, -9.000000000000005329, 12.75000000000001066 ) ) ;
#1066 = CARTESIAN_POINT ( 'NONE',  ( 0.7471811530387365563, -50.04472410299820240, 13.29615885591964641 ) ) ;
#1067 = VERTEX_POINT ( 'NONE', #3351 ) ;
#1068 = CARTESIAN_POINT ( 'NONE',  ( -49.99851742726730919, 2.271835235436290734, 14.37702092701142753 ) ) ;
#1069 = CARTESIAN_POINT ( 'NONE',  ( -1.899999999999860467, 40.68905815166957041, 15.90000000000000036 ) ) ;
#1070 = ORIENTED_EDGE ( 'NONE', *, *, #90, .T. ) ;
#1071 = EDGE_CURVE ( 'NONE', #1140, #1658, #140, .T. ) ;
#1072 = DIRECTION ( 'NONE',  ( 1.000000000000000000, 0.000000000000000000, 0.000000000000000000 ) ) ;
#1073 = CARTESIAN_POINT ( 'NONE',  ( 7.024380544854081698, 49.55482053164807610, 8.133889355553725053 ) ) ;
#1074 = CARTESIAN_POINT ( 'NONE',  ( -3.252606517456513302E-16, 47.40652577362288156, 3.200000000000000178 ) ) ;
#1075 = CARTESIAN_POINT ( 'NONE',  ( 50.04465095991390911, -0.7525707579848698314, 18.50248912727294837 ) ) ;
#1076 = ORIENTED_EDGE ( 'NONE', *, *, #1352, .F. ) ;
#1077 = EDGE_CURVE ( 'NONE', #891, #1574, #4059, .T. ) ;
#1078 = ORIENTED_EDGE ( 'NONE', *, *, #3201, .T. ) ;
#1079 = CARTESIAN_POINT ( 'NONE',  ( -9.000000000000508038, -49.23415988924753606, 7.400000000000000355 ) ) ;
#1080 = DIRECTION ( 'NONE',  ( 1.047444401652940007E-14, 1.000000000000000000, 0.000000000000000000 ) ) ;
#1081 = CARTESIAN_POINT ( 'NONE',  ( 1.680255033992221980, 49.19216022949437672, 16.79448559848057698 ) ) ;
#1082 = CARTESIAN_POINT ( 'NONE',  ( -0.3116350325285321965, -50.04933887027051043, 13.21171176544178572 ) ) ;
#1083 = CARTESIAN_POINT ( 'NONE',  ( -0.4584259423307782133, 49.24599920246455298, 17.74806482954767972 ) ) ;
#1084 = VERTEX_POINT ( 'NONE', #2974 ) ;
#1085 = CARTESIAN_POINT ( 'NONE',  ( 50.04463581127209437, -0.7538854896804260131, 18.50221102456228550 ) ) ;
#1086 = FACE_OUTER_BOUND ( 'NONE', #3247, .T. ) ;
#1087 = CARTESIAN_POINT ( 'NONE',  ( 49.23415988924762843, -8.999999999999992895, 7.400000000000000355 ) ) ;
#1088 = CARTESIAN_POINT ( 'NONE',  ( 49.09518595867978519, -5.999999999999992006, 22.39999999999999858 ) ) ;
#1089 = EDGE_CURVE ( 'NONE', #1574, #891, #3727, .T. ) ;
#1090 = EDGE_LOOP ( 'NONE', ( #1324, #3082, #328, #2347, #3248, #1504, #1239 ) ) ;
#1091 = CARTESIAN_POINT ( 'NONE',  ( -50.04667816164564442, 0.5766324519660287473, 18.53970445202304163 ) ) ;
#1092 = EDGE_LOOP ( 'NONE', ( #4252, #4937 ) ) ;
#1093 = DIRECTION ( 'NONE',  ( -3.243663699417875537E-15, -1.000000000000000000, 0.000000000000000000 ) ) ;
#1094 = VERTEX_POINT ( 'NONE', #4832 ) ;
#1095 = EDGE_CURVE ( 'NONE', #4495, #5063, #969, .T. ) ;
#1096 = FACE_OUTER_BOUND ( 'NONE', #604, .T. ) ;
#1097 = CARTESIAN_POINT ( 'NONE',  ( -2.106843152333857550, 46.26521133956567411, 3.200000000000000178 ) ) ;
#1098 = DIRECTION ( 'NONE',  ( -0.2127081025814477611, 0.01141064648378964201, -0.9770491595836018339 ) ) ;
#1099 = CARTESIAN_POINT ( 'NONE',  ( 1.017300036581940903, -49.22896037868189723, 17.50890212812101510 ) ) ;
#1100 = VECTOR ( 'NONE', #4793, 1000.000000000000000 ) ;
#1101 = VERTEX_POINT ( 'NONE', #1021 ) ;
#1102 = ORIENTED_EDGE ( 'NONE', *, *, #376, .F. ) ;
#1103 = CARTESIAN_POINT ( 'NONE',  ( 49.24269750374598686, 0.6456553682295026464, 14.09538694920590984 ) ) ;
#1104 = CARTESIAN_POINT ( 'NONE',  ( 0.000000000000000000, 0.000000000000000000, 10.34999999999999964 ) ) ;
#1105 = CARTESIAN_POINT ( 'NONE',  ( -0.2613156901247084551, 49.24964114099677204, 17.79632552118394528 ) ) ;
#1106 = CARTESIAN_POINT ( 'NONE',  ( -0.09100808761839090932, -49.25015063713508567, 13.99806607549390947 ) ) ;
#1107 = CARTESIAN_POINT ( 'NONE',  ( -0.6620292780623643347, 50.04593421484450033, 18.52619738806063765 ) ) ;
#1108 = ORIENTED_EDGE ( 'NONE', *, *, #3958, .F. ) ;
#1109 = DIRECTION ( 'NONE',  ( 3.243663699417875537E-15, 1.000000000000000000, -0.000000000000000000 ) ) ;
#1110 = DIRECTION ( 'NONE',  ( -0.000000000000000000, -0.000000000000000000, -1.000000000000000000 ) ) ;
#1111 = CARTESIAN_POINT ( 'NONE',  ( 10.00000000000000000, 41.97526057096011698, 10.34999999999999787 ) ) ;
#1112 = CARTESIAN_POINT ( 'NONE',  ( -6.000000000000504485, -48.88315149414973604, 22.39999999999999858 ) ) ;
#1113 = DIRECTION ( 'NONE',  ( -1.022662637710414146E-14, -1.000000000000000000, 0.000000000000000000 ) ) ;
#1114 = ORIENTED_EDGE ( 'NONE', *, *, #4300, .F. ) ;
#1115 = ORIENTED_EDGE ( 'NONE', *, *, #3172, .F. ) ;
#1116 = CARTESIAN_POINT ( 'NONE',  ( 0.000000000000000000, -9.000000000000005329, 10.40000000000000036 ) ) ;
#1117 = CARTESIAN_POINT ( 'NONE',  ( -9.000000000000460076, -44.65201563199573798, 7.400000000000000355 ) ) ;
#1118 = CARTESIAN_POINT ( 'NONE',  ( 0.5925030700730572475, 50.04720764391428389, 14.09024394999716279 ) ) ;
#1119 = CARTESIAN_POINT ( 'NONE',  ( 0.000000000000000000, 0.000000000000000000, 3.200000000000000178 ) ) ;
#1120 = DIRECTION ( 'NONE',  ( 0.000000000000000000, 0.000000000000000000, -1.000000000000000000 ) ) ;
#1121 = ORIENTED_EDGE ( 'NONE', *, *, #2783, .T. ) ;
#1122 = AXIS2_PLACEMENT_3D ( 'NONE', #3908, #1954, #1204 ) ;
#1123 = VERTEX_POINT ( 'NONE', #4099 ) ;
#1124 = CARTESIAN_POINT ( 'NONE',  ( -51.25000000000000000, 1.590769094821261254E-15, 7.400000000000000355 ) ) ;
#1125 = CARTESIAN_POINT ( 'NONE',  ( 0.000000000000000000, 0.000000000000000000, 12.75000000000001066 ) ) ;
#1126 = CIRCLE ( 'NONE', #3177, 50.05000000000000426 ) ;
#1127 = CARTESIAN_POINT ( 'NONE',  ( -1.452157778184385295, 49.20687940945630601, 17.13067762510952718 ) ) ;
#1128 = CARTESIAN_POINT ( 'NONE',  ( -1.633630391252261616, -50.02355893040706292, 13.72355712994654731 ) ) ;
#1129 = CARTESIAN_POINT ( 'NONE',  ( -1.149438421683111056, 50.03924647379136559, 17.41834325541150719 ) ) ;
#1130 = ORIENTED_EDGE ( 'NONE', *, *, #4422, .F. ) ;
#1131 = VECTOR ( 'NONE', #3459, 1000.000000000000000 ) ;
#1132 = EDGE_CURVE ( 'NONE', #915, #4309, #1576, .T. ) ;
#1133 = B_SPLINE_CURVE_WITH_KNOTS ( 'NONE', 3,
 ( #4053, #534, #1383, #1331, #3744, #4077, #4415, #3253, #2155 ),
 .UNSPECIFIED., .F., .F.,
 ( 4, 1, 1, 1, 1, 1, 4 ),
 ( 1.580053490600656030, 1.942828480755070641, 2.342416538366644652, 3.141592653589793116, 3.940768768812941136, 4.340356826424515369, 4.703131816578929758 ),
 .UNSPECIFIED. ) ;
#1134 = CARTESIAN_POINT ( 'NONE',  ( 50.04657378295107151, -0.6536272174929723677, 17.68850535056960283 ) ) ;
#1135 = DIRECTION ( 'NONE',  ( -0.000000000000000000, -0.000000000000000000, -1.000000000000000000 ) ) ;
#1136 = CARTESIAN_POINT ( 'NONE',  ( 0.000000000000000000, -10.00000000000000711, 10.34999999999999787 ) ) ;
#1137 = CARTESIAN_POINT ( 'NONE',  ( -49.61048892218994411, 6.619224128827192466, 8.564076664914223258 ) ) ;
#1138 = EDGE_CURVE ( 'NONE', #1067, #782, #4123, .T. ) ;
#1139 = ORIENTED_EDGE ( 'NONE', *, *, #471, .F. ) ;
#1140 = VERTEX_POINT ( 'NONE', #582 ) ;
#1141 = CARTESIAN_POINT ( 'NONE',  ( -49.99430471733285231, 2.361774307341653945, 14.51564066550708354 ) ) ;
#1142 = DIRECTION ( 'NONE',  ( -1.000000000000000000, 0.000000000000000000, 0.000000000000000000 ) ) ;
#1143 = DIRECTION ( 'NONE',  ( 0.000000000000000000, 0.000000000000000000, -1.000000000000000000 ) ) ;
#1144 = LINE ( 'NONE', #2720, #4876 ) ;
#1145 = VERTEX_POINT ( 'NONE', #2152 ) ;
#1146 = ORIENTED_EDGE ( 'NONE', *, *, #2000, .T. ) ;
#1147 = DIRECTION ( 'NONE',  ( -0.000000000000000000, -0.000000000000000000, -1.000000000000000000 ) ) ;
#1148 = CARTESIAN_POINT ( 'NONE',  ( 50.04667796677646407, -0.5766493646680118657, 18.53970087462107941 ) ) ;
#1149 =( BOUNDED_CURVE ( )  B_SPLINE_CURVE ( 3, ( #4276, #2303, #3868, #712 ),
 .UNSPECIFIED., .F., .F. ) 
 B_SPLINE_CURVE_WITH_KNOTS ( ( 4, 4 ),
 ( 0.1864543798253344431, 1.570796326794896114 ),
 .UNSPECIFIED. ) 
 CURVE ( )  GEOMETRIC_REPRESENTATION_ITEM ( )  RATIONAL_B_SPLINE_CURVE ( ( 1.000000000000000000, 0.8465748621659209272, 0.8465748621659209272, 1.000000000000000000 ) ) 
 REPRESENTATION_ITEM ( '' )  );
#1150 = CARTESIAN_POINT ( 'NONE',  ( -50.04992901287602081, -0.1568344181688732242, 14.00225041284152461 ) ) ;
#1151 = CARTESIAN_POINT ( 'NONE',  ( -2.034823350741371772, -50.00878574659594022, 14.08013179231594592 ) ) ;
#1152 = DIRECTION ( 'NONE',  ( -0.000000000000000000, 1.000000000000000000, 0.000000000000000000 ) ) ;
#1153 = ORIENTED_EDGE ( 'NONE', *, *, #1255, .F. ) ;
#1154 = ADVANCED_FACE ( 'NONE', ( #1738 ), #607, .F. ) ;
#1155 = EDGE_CURVE ( 'NONE', #2471, #2045, #420, .T. ) ;
#1156 = CARTESIAN_POINT ( 'NONE',  ( -35.68905815166957041, -6.000000000000004441, 22.39999999999999858 ) ) ;
#1157 = LINE ( 'NONE', #1955, #790 ) ;
#1158 = CARTESIAN_POINT ( 'NONE',  ( -50.04275180518372679, -0.9437003608492426920, 17.55402109064619509 ) ) ;
#1159 = PLANE ( 'NONE',  #1977 ) ;
#1160 = ORIENTED_EDGE ( 'NONE', *, *, #4741, .F. ) ;
#1161 = ORIENTED_EDGE ( 'NONE', *, *, #1189, .F. ) ;
#1162 = VECTOR ( 'NONE', #43, 1000.000000000000000 ) ;
#1163 = SURFACE_STYLE_USAGE ( .BOTH. , #3118 ) ;
#1164 = CARTESIAN_POINT ( 'NONE',  ( 35.68905815166957041, -5.999999999999995559, 22.39999999999999858 ) ) ;
#1165 = AXIS2_PLACEMENT_3D ( 'NONE', #4594, #1424, #4278 ) ;
#1166 = CARTESIAN_POINT ( 'NONE',  ( 10.00000000000000000, -44.43874998241961549, 12.75000000000000000 ) ) ;
#1167 = CIRCLE ( 'NONE', #4946, 26.00000000000000355 ) ;
#1168 = FACE_OUTER_BOUND ( 'NONE', #822, .T. ) ;
#1169 = CARTESIAN_POINT ( 'NONE',  ( -49.68905815166957041, -6.000000000000004441, 10.40000000000000036 ) ) ;
#1170 =( BOUNDED_CURVE ( )  B_SPLINE_CURVE ( 3, ( #96, #4758, #3645, #3211 ),
 .UNSPECIFIED., .F., .F. ) 
 B_SPLINE_CURVE_WITH_KNOTS ( ( 4, 4 ),
 ( 0.1864543798253343598, 1.570796326794895670 ),
 .UNSPECIFIED. ) 
 CURVE ( )  GEOMETRIC_REPRESENTATION_ITEM ( )  RATIONAL_B_SPLINE_CURVE ( ( 1.000000000000000000, 0.8465748621659210382, 0.8465748621659210382, 1.000000000000000000 ) ) 
 REPRESENTATION_ITEM ( '' )  );
#1171 = ORIENTED_EDGE ( 'NONE', *, *, #3826, .T. ) ;
#1172 = CIRCLE ( 'NONE', #1584, 43.14999999999999147 ) ;
#1173 = ORIENTED_EDGE ( 'NONE', *, *, #1405, .F. ) ;
#1174 = FACE_OUTER_BOUND ( 'NONE', #4955, .T. ) ;
#1175 = DIRECTION ( 'NONE',  ( -0.000000000000000000, 0.000000000000000000, 1.000000000000000000 ) ) ;
#1176 = CARTESIAN_POINT ( 'NONE',  ( -50.04970860540882427, 0.2251433508707315345, 14.00909997595205780 ) ) ;
#1177 = CARTESIAN_POINT ( 'NONE',  ( -1.776879453181640089, -50.01861510804273081, 13.83506760060813434 ) ) ;
#1178 = CARTESIAN_POINT ( 'NONE',  ( -40.68905815166956330, -2.314123766397086009E-15, 15.90000000000000036 ) ) ;
#1179 = ORIENTED_EDGE ( 'NONE', *, *, #4498, .T. ) ;
#1180 = DIRECTION ( 'NONE',  ( 0.000000000000000000, 0.2101539072729273205, 0.9776683155640883971 ) ) ;
#1181 = CYLINDRICAL_SURFACE ( 'NONE', #4982, 2.999999999999999112 ) ;
#1182 = CARTESIAN_POINT ( 'NONE',  ( -50.03723492280768426, -1.251488442465784612, 17.33512628251075327 ) ) ;
#1183 = CARTESIAN_POINT ( 'NONE',  ( -49.23415988924762843, 8.999999999999992895, 7.400000000000000355 ) ) ;
#1184 = AXIS2_PLACEMENT_3D ( 'NONE', #1301, #1378, #2922 ) ;
#1185 = ORIENTED_EDGE ( 'NONE', *, *, #4967, .T. ) ;
#1186 = EDGE_CURVE ( 'NONE', #4225, #1960, #4859, .T. ) ;
#1187 = VERTEX_POINT ( 'NONE', #3276 ) ;
#1188 = DIRECTION ( 'NONE',  ( 1.000000000000000000, -1.953992523340275511E-14, 0.000000000000000000 ) ) ;
#1189 = EDGE_CURVE ( 'NONE', #4665, #724, #4985, .T. ) ;
#1190 = CARTESIAN_POINT ( 'NONE',  ( -1.835445882804954465, -50.01649316825893976, 17.91482416992118232 ) ) ;
#1191 = EDGE_CURVE ( 'NONE', #3005, #3398, #2254, .T. ) ;
#1192 = DIRECTION ( 'NONE',  ( -0.000000000000000000, -0.000000000000000000, -1.000000000000000000 ) ) ;
#1193 = CARTESIAN_POINT ( 'NONE',  ( -49.24673125796299900, 0.3992924238185593389, 17.75756979957176895 ) ) ;
#1194 = VECTOR ( 'NONE', #127, 1000.000000000000000 ) ;
#1195 = ORIENTED_EDGE ( 'NONE', *, *, #3709, .F. ) ;
#1196 = ORIENTED_EDGE ( 'NONE', *, *, #3385, .F. ) ;
#1197 = LINE ( 'NONE', #839, #2521 ) ;
#1198 = CARTESIAN_POINT ( 'NONE',  ( 5.999999999999505285, -47.70851601129515274, 10.40000000000000036 ) ) ;
#1199 = CARTESIAN_POINT ( 'NONE',  ( -49.97459726737903196, 2.746294888764402753, 16.03496312476626429 ) ) ;
#1200 = CARTESIAN_POINT ( 'NONE',  ( 0.6628468263547292461, 50.04591512732587688, 13.27415729649634102 ) ) ;
#1201 = LINE ( 'NONE', #1951, #312 ) ;
#1202 = CIRCLE ( 'NONE', #3579, 15.13938769133981666 ) ;
#1203 = ORIENTED_EDGE ( 'NONE', *, *, #4967, .F. ) ;
#1204 = DIRECTION ( 'NONE',  ( -1.000000000000000000, 1.095614826932720171E-14, 0.000000000000000000 ) ) ;
#1205 = DIRECTION ( 'NONE',  ( 1.000000000000000000, -0.000000000000000000, -0.000000000000000000 ) ) ;
#1206 = CARTESIAN_POINT ( 'NONE',  ( -49.19528267870597205, -1.634769396075435033, 16.87622538185752319 ) ) ;
#1207 = CARTESIAN_POINT ( 'NONE',  ( -49.99804660451327720, -2.285048613456019950, 17.43057500246403890 ) ) ;
#1208 = ORIENTED_EDGE ( 'NONE', *, *, #274, .T. ) ;
#1209 = AXIS2_PLACEMENT_3D ( 'NONE', #4518, #144, #3280 ) ;
#1210 = ORIENTED_EDGE ( 'NONE', *, *, #5043, .T. ) ;
#1211 = CARTESIAN_POINT ( 'NONE',  ( -50.04999999999999716, 1.590769094821261254E-15, 7.400000000000000355 ) ) ;
#1212 = DIRECTION ( 'NONE',  ( 0.000000000000000000, 0.000000000000000000, 1.000000000000000000 ) ) ;
#1213 = AXIS2_PLACEMENT_3D ( 'NONE', #3340, #1341, #956 ) ;
#1214 = CARTESIAN_POINT ( 'NONE',  ( -2.618332483408021716, 49.98150799149031798, 15.07375269519017280 ) ) ;
#1215 = CARTESIAN_POINT ( 'NONE',  ( 49.24780837185501525, -0.3335092383436393249, 17.77171060529412827 ) ) ;
#1216 = CARTESIAN_POINT ( 'NONE',  ( -0.3995729765637593967, -50.04870639761620765, 18.57692880466288798 ) ) ;
#1217 = EDGE_CURVE ( 'NONE', #2045, #1413, #3401, .T. ) ;
#1218 = DIRECTION ( 'NONE',  ( 1.000000000000000000, 0.000000000000000000, -0.000000000000000000 ) ) ;
#1219 = CARTESIAN_POINT ( 'NONE',  ( -49.20573139780383087, 1.470705276137781903, 17.10851869253477275 ) ) ;
#1220 = EDGE_LOOP ( 'NONE', ( #3922, #3582, #3158, #2405 ) ) ;
#1221 = ORIENTED_EDGE ( 'NONE', *, *, #1597, .F. ) ;
#1222 = FACE_OUTER_BOUND ( 'NONE', #670, .T. ) ;
#1223 = CARTESIAN_POINT ( 'NONE',  ( 49.18312311945847171, 1.805755119930535502, 15.29762083324395228 ) ) ;
#1224 = CARTESIAN_POINT ( 'NONE',  ( -50.05013402651677978, 0.1361801649501666323, 13.19759402558249306 ) ) ;
#1225 = CARTESIAN_POINT ( 'NONE',  ( -1.829810912433962100, -49.18132373682389868, 15.37316962676577781 ) ) ;
#1226 = EDGE_CURVE ( 'NONE', #3976, #4800, #859, .T. ) ;
#1227 = CARTESIAN_POINT ( 'NONE',  ( 1.246076805374416954E-13, 35.68905815166957041, 22.39999999999999858 ) ) ;
#1228 = ORIENTED_EDGE ( 'NONE', *, *, #4238, .T. ) ;
#1229 = CARTESIAN_POINT ( 'NONE',  ( -10.00000000000000000, 44.43874998241961549, 12.75000000000000000 ) ) ;
#1230 = CARTESIAN_POINT ( 'NONE',  ( 6.000000000000120792, 35.68905815166954909, 22.39999999999999858 ) ) ;
#1231 = CARTESIAN_POINT ( 'NONE',  ( -50.03914286654992338, -1.154955631208845146, 17.41414825389425047 ) ) ;
#1232 = CARTESIAN_POINT ( 'NONE',  ( -50.03445795295986187, -1.285137082160012767, 18.30774199898243637 ) ) ;
#1233 = ORIENTED_EDGE ( 'NONE', *, *, #3136, .F. ) ;
#1234 = DIRECTION ( 'NONE',  ( 1.000000000000000000, 0.000000000000000000, 0.000000000000000000 ) ) ;
#1235 = CARTESIAN_POINT ( 'NONE',  ( 3.149807816559535123, 43.03488364941561883, 0.000000000000000000 ) ) ;
#1236 = CARTESIAN_POINT ( 'NONE',  ( 0.8282923500971500763, 50.04445142456035001, 14.18523501523763386 ) ) ;
#1237 = CARTESIAN_POINT ( 'NONE',  ( 1.246076805374416954E-13, 35.68905815166957041, 22.39999999999999858 ) ) ;
#1238 = CARTESIAN_POINT ( 'NONE',  ( 1.246076805374416954E-13, 35.68905815166957041, 15.75000000000000000 ) ) ;
#1239 = ORIENTED_EDGE ( 'NONE', *, *, #3492, .F. ) ;
#1240 = VECTOR ( 'NONE', #2004, 1000.000000000000000 ) ;
#1241 = CIRCLE ( 'NONE', #3135, 43.14999999999999147 ) ;
#1242 = CARTESIAN_POINT ( 'NONE',  ( -1.326974448745943835, 50.03263664855013104, 18.26990842787146718 ) ) ;
#1243 = CARTESIAN_POINT ( 'NONE',  ( -49.17484550155747058, 1.914061520347746459, 15.93193709799776947 ) ) ;
#1244 = ORIENTED_EDGE ( 'NONE', *, *, #4808, .F. ) ;
#1245 = EDGE_CURVE ( 'NONE', #913, #1825, #394, .T. ) ;
#1246 = VERTEX_POINT ( 'NONE', #663 ) ;
#1247 = CARTESIAN_POINT ( 'NONE',  ( -0.2288238938241980713, -50.04979840527898460, 18.59638098874837198 ) ) ;
#1248 = CARTESIAN_POINT ( 'NONE',  ( -3.149807816559536899, 43.03488364941561883, 3.200000000000000178 ) ) ;
#1249 = CARTESIAN_POINT ( 'NONE',  ( -50.02397859866911034, 1.798434526146999834, 15.27468848002863133 ) ) ;
#1250 = CYLINDRICAL_SURFACE ( 'NONE', #347, 43.14999999999999147 ) ;
#1251 = CARTESIAN_POINT ( 'NONE',  ( -49.24862514804629399, 0.2674954789962789570, 17.78228321119997446 ) ) ;
#1252 = EDGE_CURVE ( 'NONE', #24, #2779, #4570, .T. ) ;
#1253 = ORIENTED_EDGE ( 'NONE', *, *, #3578, .F. ) ;
#1254 = CARTESIAN_POINT ( 'NONE',  ( -44.65201563199583745, 8.999999999999994671, 7.400000000000000355 ) ) ;
#1255 = EDGE_CURVE ( 'NONE', #3125, #5026, #2266, .T. ) ;
#1256 = B_SPLINE_CURVE_WITH_KNOTS ( 'NONE', 3,
 ( #3130, #1590, #1972, #1251, #2438, #4704 ),
 .UNSPECIFIED., .F., .F.,
 ( 4, 2, 4 ),
 ( 0.005992954029621699180, 0.006194068776248120092, 0.006395183522874540137 ),
 .UNSPECIFIED. ) ;
#1257 = CARTESIAN_POINT ( 'NONE',  ( -50.02347804021292177, -1.816212278893877041, 15.32845190360061238 ) ) ;
#1258 = CARTESIAN_POINT ( 'NONE',  ( -47.70851601129508879, -6.000000000000004441, 12.75000000000001066 ) ) ;
#1259 = ORIENTED_EDGE ( 'NONE', *, *, #1724, .T. ) ;
#1260 = FILL_AREA_STYLE_COLOUR ( '', #396 ) ;
#1261 = CARTESIAN_POINT ( 'NONE',  ( -8.999999999999838352, 47.70851601129512431, 141.5848555321889535 ) ) ;
#1262 = AXIS2_PLACEMENT_3D ( 'NONE', #832, #4959, #1428 ) ;
#1263 = CARTESIAN_POINT ( 'NONE',  ( -0.8888420533573879734, 50.04359388053719471, 14.21587879872388704 ) ) ;
#1264 = FACE_OUTER_BOUND ( 'NONE', #2543, .T. ) ;
#1265 = CARTESIAN_POINT ( 'NONE',  ( -0.2196636619981672534, -50.04983383032398336, 18.59701706280747047 ) ) ;
#1266 = VERTEX_POINT ( 'NONE', #3963 ) ;
#1267 = VECTOR ( 'NONE', #49, 1000.000000000000000 ) ;
#1268 = CARTESIAN_POINT ( 'NONE',  ( 3.146085578794155069, -43.50489298858212805, 3.199999999999999734 ) ) ;
#1269 = ORIENTED_EDGE ( 'NONE', *, *, #1846, .F. ) ;
#1270 = EDGE_LOOP ( 'NONE', ( #4186, #4018, #641, #118, #4440 ) ) ;
#1271 = B_SPLINE_CURVE_WITH_KNOTS ( 'NONE', 3,
 ( #1646, #151, #4006, #512, #3286, #1232, #4786, #2858, #1207, #2415, #4444, #2810, #436, #2785, #2391, #2056, #2883, #98, #4031, #2470, #4346, #3567, #4372, #3982, #1669, #3236, #2029, #2084, #3647, #123 ),
 .UNSPECIFIED., .F., .F.,
 ( 4, 2, 2, 2, 2, 2, 2, 2, 2, 2, 2, 2, 2, 2, 4 ),
 ( 0.008609921823160402235, 0.009111926154047232662, 0.009613930484934063089, 0.01061793914670771874, 0.01162194780848137612, 0.01212395213936820829, 0.01262595647025504218, 0.01312796080114187608, 0.01362996513202870824, 0.01413196946291554040, 0.01463397379380237256, 0.01513597812468920820, 0.01563798245557604036, 0.01613998678646287252, 0.01664199111734970468 ),
 .UNSPECIFIED. ) ;
#1272 = CARTESIAN_POINT ( 'NONE',  ( 0.2183914019821322494, -50.04973352061400504, 17.79168756748203606 ) ) ;
#1273 = CARTESIAN_POINT ( 'NONE',  ( 49.18390426385177960, 1.798058090220265193, 16.55660378489784534 ) ) ;
#1274 = CARTESIAN_POINT ( 'NONE',  ( 1.452980435933432624, 49.20683004470463828, 14.67029924878689151 ) ) ;
#1275 = CARTESIAN_POINT ( 'NONE',  ( 1.328288252206875297, 50.03259686421408503, 13.53094720576614307 ) ) ;
#1276 = CARTESIAN_POINT ( 'NONE',  ( 6.000000000000166089, 49.58668971447638540, 22.00412165438076073 ) ) ;
#1277 = VERTEX_POINT ( 'NONE', #1164 ) ;
#1278 = CARTESIAN_POINT ( 'NONE',  ( 49.24931576230403607, 0.2199679145426567950, 17.79132961333709773 ) ) ;
#1279 = CARTESIAN_POINT ( 'NONE',  ( 2.638208114873747512, -49.17928789584710358, 16.47433260625842877 ) ) ;
#1280 = CARTESIAN_POINT ( 'NONE',  ( -49.18609779510524760, -1.765620901376919516, 15.18867954439391355 ) ) ;
#1281 = FACE_OUTER_BOUND ( 'NONE', #3426, .T. ) ;
#1282 = ORIENTED_EDGE ( 'NONE', *, *, #3639, .T. ) ;
#1283 = ADVANCED_FACE ( 'NONE', ( #689 ), #1458, .T. ) ;
#1284 = VECTOR ( 'NONE', #2209, 1000.000000000000000 ) ;
#1285 = CARTESIAN_POINT ( 'NONE',  ( 50.02253574319288276, -1.849096465643337295, 16.35339337393422809 ) ) ;
#1286 = PLANE ( 'NONE',  #3984 ) ;
#1287 = CARTESIAN_POINT ( 'NONE',  ( 49.97541119967701917, 2.731636849601414507, 15.58931507515096726 ) ) ;
#1288 = CARTESIAN_POINT ( 'NONE',  ( -0.7571289125045272961, 50.04457859754582927, 13.29885633637103659 ) ) ;
#1289 = LINE ( 'NONE', #4821, #3151 ) ;
#1290 = EDGE_CURVE ( 'NONE', #754, #4628, #2174, .T. ) ;
#1291 = CARTESIAN_POINT ( 'NONE',  ( -0.09205538378470574934, 50.05006367831192904, 17.80201885539705486 ) ) ;
#1292 = VERTEX_POINT ( 'NONE', #2351 ) ;
#1293 = VECTOR ( 'NONE', #3476, 1000.000000000000000 ) ;
#1294 = CARTESIAN_POINT ( 'NONE',  ( 1.870951056017720493, -49.17818754613567478, 16.23785604258870663 ) ) ;
#1295 = CARTESIAN_POINT ( 'NONE',  ( 2.740696970620559725, 49.97490458371081701, 15.67864372813957807 ) ) ;
#1296 = CARTESIAN_POINT ( 'NONE',  ( -49.18390426385179381, 1.798058090220259642, 15.24339621510215004 ) ) ;
#1297 = PRESENTATION_LAYER_ASSIGNMENT (  '', '', ( #2623 ) ) ;
#1298 = VERTEX_POINT ( 'NONE', #4209 ) ;
#1299 = ORIENTED_EDGE ( 'NONE', *, *, #4260, .T. ) ;
#1300 = CARTESIAN_POINT ( 'NONE',  ( -0.1621132577392064567, -50.04991595829195461, 17.79733561508622586 ) ) ;
#1301 = CARTESIAN_POINT ( 'NONE',  ( 7.030567181065637377E-15, 1.590769094821261254E-15, 2.399999999999999911 ) ) ;
#1302 = EDGE_CURVE ( 'NONE', #3732, #1895, #1050, .T. ) ;
#1303 = CARTESIAN_POINT ( 'NONE',  ( 0.000000000000000000, 0.000000000000000000, 10.34999999999999964 ) ) ;
#1304 = FACE_OUTER_BOUND ( 'NONE', #1373, .T. ) ;
#1305 = CARTESIAN_POINT ( 'NONE',  ( 49.17707765813326404, -1.885308327130455375, 16.16284284728772036 ) ) ;
#1306 = ORIENTED_EDGE ( 'NONE', *, *, #3847, .F. ) ;
#1307 = EDGE_CURVE ( 'NONE', #2679, #4651, #171, .T. ) ;
#1308 = CARTESIAN_POINT ( 'NONE',  ( 49.22378211523602687, 1.135488628484623952, 17.42840590873782602 ) ) ;
#1309 = LINE ( 'NONE', #4004, #4243 ) ;
#1310 = CARTESIAN_POINT ( 'NONE',  ( -50.04173134885220264, -0.9244253151590051676, 13.35176931234282627 ) ) ;
#1311 = CARTESIAN_POINT ( 'NONE',  ( 49.23415988924762843, -8.999999999999992895, 7.400000000000000355 ) ) ;
#1312 = VERTEX_POINT ( 'NONE', #1601 ) ;
#1313 = EDGE_CURVE ( 'NONE', #948, #4227, #850, .T. ) ;
#1314 = CARTESIAN_POINT ( 'NONE',  ( 50.03155665793869389, -1.507380580936890091, 14.73660395875817741 ) ) ;
#1315 = ORIENTED_EDGE ( 'NONE', *, *, #2373, .T. ) ;
#1316 = PLANE ( 'NONE',  #1213 ) ;
#1317 = CARTESIAN_POINT ( 'NONE',  ( 1.141332365209122827E-13, 32.68905815166956330, 15.75000000000000000 ) ) ;
#1318 = CARTESIAN_POINT ( 'NONE',  ( 7.030567181065637377E-15, 1.590769094821261254E-15, 0.000000000000000000 ) ) ;
#1319 = CARTESIAN_POINT ( 'NONE',  ( 1.418984069564138029, 50.03009628837882872, 18.21759568913140370 ) ) ;
#1320 = ORIENTED_EDGE ( 'NONE', *, *, #2716, .F. ) ;
#1321 = DIRECTION ( 'NONE',  ( 1.000000000000000000, 0.000000000000000000, 0.000000000000000000 ) ) ;
#1322 = CARTESIAN_POINT ( 'NONE',  ( -7.242640687119641818, -34.44641746455020836, 12.75000000000000178 ) ) ;
#1323 = DIRECTION ( 'NONE',  ( 1.000000000000000000, -0.000000000000000000, -0.000000000000000000 ) ) ;
#1324 = ORIENTED_EDGE ( 'NONE', *, *, #3134, .F. ) ;
#1325 = ORIENTED_EDGE ( 'NONE', *, *, #563, .T. ) ;
#1326 = CARTESIAN_POINT ( 'NONE',  ( -1.469372586845121065, -50.03247741035328033, 17.11124379951746732 ) ) ;
#1327 = DIRECTION ( 'NONE',  ( 0.000000000000000000, 0.000000000000000000, 1.000000000000000000 ) ) ;
#1328 = CARTESIAN_POINT ( 'NONE',  ( 0.7082393403093708573, 49.23993944159401082, 14.13314813753789778 ) ) ;
#1329 = CARTESIAN_POINT ( 'NONE',  ( -49.28797840736691427, -6.000000000000004441, 22.29961866084089550 ) ) ;
#1330 = AXIS2_PLACEMENT_3D ( 'NONE', #2617, #1093, #4564 ) ;
#1331 = CARTESIAN_POINT ( 'NONE',  ( 2.106843152333857105, -46.26521133956567411, 0.000000000000000000 ) ) ;
#1332 = EDGE_CURVE ( 'NONE', #1014, #224, #1289, .T. ) ;
#1333 = ORIENTED_EDGE ( 'NONE', *, *, #5007, .F. ) ;
#1334 = AXIS2_PLACEMENT_3D ( 'NONE', #1512, #1098, #4647 ) ;
#1335 = CARTESIAN_POINT ( 'NONE',  ( 49.24983244231705015, -0.1532910715736086338, 17.79784897165342983 ) ) ;
#1336 = CARTESIAN_POINT ( 'NONE',  ( 5.999999999999487521, -49.28797840736699243, 22.29961866084090261 ) ) ;
#1337 = CARTESIAN_POINT ( 'NONE',  ( 40.68905815166956330, 2.314123766397086009E-15, 15.90000000000000036 ) ) ;
#1338 = DIRECTION ( 'NONE',  ( 1.047444401652940007E-14, 1.000000000000000000, 0.000000000000000000 ) ) ;
#1339 = CARTESIAN_POINT ( 'NONE',  ( 49.22369971560588198, -1.137367116287611113, 14.37287155823248064 ) ) ;
#1340 = CARTESIAN_POINT ( 'NONE',  ( -7.026219009586451847, 49.55456057220451527, 8.132271764413719239 ) ) ;
#1341 = DIRECTION ( 'NONE',  ( 0.000000000000000000, 0.000000000000000000, 1.000000000000000000 ) ) ;
#1342 = CARTESIAN_POINT ( 'NONE',  ( 1.424494589345709494, 50.03351785858082934, 14.63633609251565559 ) ) ;
#1343 = FACE_OUTER_BOUND ( 'NONE', #4146, .T. ) ;
#1344 = VERTEX_POINT ( 'NONE', #4477 ) ;
#1345 = ADVANCED_FACE ( 'NONE', ( #3575, #1343 ), #4766, .T. ) ;
#1346 = FACE_OUTER_BOUND ( 'NONE', #845, .T. ) ;
#1347 = CARTESIAN_POINT ( 'NONE',  ( 2.480504102057517812, 49.98853967359523409, 17.06777974241302331 ) ) ;
#1348 = CARTESIAN_POINT ( 'NONE',  ( 40.68905815166956330, 2.546806658235083343E-15, 14.00000000000000000 ) ) ;
#1349 = CIRCLE ( 'NONE', #2005, 0.8000000000000000444 ) ;
#1350 = VERTEX_POINT ( 'NONE', #2119 ) ;
#1351 = ORIENTED_EDGE ( 'NONE', *, *, #1332, .F. ) ;
#1352 = EDGE_CURVE ( 'NONE', #3005, #1747, #4403, .T. ) ;
#1353 = CARTESIAN_POINT ( 'NONE',  ( -0.8897808509553456480, -50.04358157055523293, 17.58368670807584877 ) ) ;
#1354 = CARTESIAN_POINT ( 'NONE',  ( -24.00000000000000711, 9.999999999999991118, 10.34999999999999787 ) ) ;
#1355 = DIRECTION ( 'NONE',  ( 0.000000000000000000, 0.000000000000000000, -1.000000000000000000 ) ) ;
#1356 = CARTESIAN_POINT ( 'NONE',  ( -44.76051296219343101, -8.443872296601444560, 7.451996950898348793 ) ) ;
#1357 = ORIENTED_EDGE ( 'NONE', *, *, #3352, .F. ) ;
#1358 = CARTESIAN_POINT ( 'NONE',  ( 49.97605074381169743, 2.719977537346057517, 16.29667902963854331 ) ) ;
#1359 = CARTESIAN_POINT ( 'NONE',  ( -49.66793714652352065, 5.999999999999992895, 21.81011177045875016 ) ) ;
#1360 = CARTESIAN_POINT ( 'NONE',  ( -49.19709650830776582, -1.607399927279419716, 14.88031958012984113 ) ) ;
#1361 = CARTESIAN_POINT ( 'NONE',  ( 2.668201379688445840, -49.97883779410837946, 15.24590964952954764 ) ) ;
#1362 = CARTESIAN_POINT ( 'NONE',  ( 49.98300448605637314, -2.589757218939399142, 14.99060113849300357 ) ) ;
#1363 = FACE_OUTER_BOUND ( 'NONE', #4575, .T. ) ;
#1364 = CARTESIAN_POINT ( 'NONE',  ( 49.99473908409659373, 2.353521338605442992, 17.29915381431267818 ) ) ;
#1365 = CARTESIAN_POINT ( 'NONE',  ( 6.000000000000163425, 48.88315149414977867, 22.39999999999999858 ) ) ;
#1366 = DIRECTION ( 'NONE',  ( 0.000000000000000000, 0.000000000000000000, 1.000000000000000000 ) ) ;
#1367 =( BOUNDED_CURVE ( )  B_SPLINE_CURVE ( 3, ( #1928, #1526, #3069, #3450 ),
 .UNSPECIFIED., .F., .T. ) 
 B_SPLINE_CURVE_WITH_KNOTS ( ( 4, 4 ),
 ( 4.712388980384689674, 6.283185307179586232 ),
 .UNSPECIFIED. ) 
 CURVE ( )  GEOMETRIC_REPRESENTATION_ITEM ( )  RATIONAL_B_SPLINE_CURVE ( ( 1.000000000000000000, 0.8047378541243649375, 0.8047378541243649375, 1.000000000000000000 ) ) 
 REPRESENTATION_ITEM ( '' )  );
#1368 = ORIENTED_EDGE ( 'NONE', *, *, #935, .T. ) ;
#1369 = CIRCLE ( 'NONE', #4907, 1.900000000000000577 ) ;
#1370 = CARTESIAN_POINT ( 'NONE',  ( 0.000000000000000000, -6.000000000000004441, 22.39999999999999858 ) ) ;
#1371 = VECTOR ( 'NONE', #3259, 1000.000000000000000 ) ;
#1372 = CARTESIAN_POINT ( 'NONE',  ( -49.25000000000000000, 0.2341399635370509935, 14.00000000000000533 ) ) ;
#1373 = EDGE_LOOP ( 'NONE', ( #1636, #1513, #3200, #3463, #3217, #611, #3660 ) ) ;
#1374 = EDGE_CURVE ( 'NONE', #754, #2946, #2839, .T. ) ;
#1375 = VECTOR ( 'NONE', #5099, 1000.000000000000000 ) ;
#1376 = CARTESIAN_POINT ( 'NONE',  ( 49.24673125796299900, 0.3992924238185635577, 14.04243020042823353 ) ) ;
#1377 = CARTESIAN_POINT ( 'NONE',  ( -1.856516821578013454, 49.17928789584708937, 16.30415998218185791 ) ) ;
#1378 = DIRECTION ( 'NONE',  ( 0.000000000000000000, 0.000000000000000000, 1.000000000000000000 ) ) ;
#1379 =( GEOMETRIC_REPRESENTATION_CONTEXT ( 3 ) GLOBAL_UNCERTAINTY_ASSIGNED_CONTEXT ( ( #2741 ) ) GLOBAL_UNIT_ASSIGNED_CONTEXT ( ( #2690, #1443, #3044 ) ) REPRESENTATION_CONTEXT ( 'NONE', 'WORKASPACE' ) );
#1380 = ADVANCED_FACE ( 'NONE', ( #2529 ), #3267, .F. ) ;
#1381 = CARTESIAN_POINT ( 'NONE',  ( -49.24673125796299900, 0.3992924238185587837, 17.75756979957176895 ) ) ;
#1382 = CARTESIAN_POINT ( 'NONE',  ( -49.24944284046244292, -0.2011575199847890905, 14.00713261027780732 ) ) ;
#1383 = CARTESIAN_POINT ( 'NONE',  ( 2.994678959731754464, -44.50607404799427513, 0.000000000000000000 ) ) ;
#1384 = ORIENTED_EDGE ( 'NONE', *, *, #2327, .F. ) ;
#1386 = EDGE_CURVE ( 'NONE', #535, #1145, #2503, .T. ) ;
#1385 = CARTESIAN_POINT ( 'NONE',  ( 50.02736916043336635, 1.673904301494520741, 14.99229883422627196 ) ) ;
#1387 = CARTESIAN_POINT ( 'NONE',  ( -24.00000000000000711, 9.999999999999991118, 12.75000000000000000 ) ) ;
#1388 = CARTESIAN_POINT ( 'NONE',  ( -49.21029850687136076, -1.393825651936630328, 14.60362404636726552 ) ) ;
#1389 = DIRECTION ( 'NONE',  ( -0.000000000000000000, -0.000000000000000000, 1.000000000000000000 ) ) ;
#1390 = CARTESIAN_POINT ( 'NONE',  ( 49.17663047736533599, -1.891186233842630182, 16.12075146288523086 ) ) ;
#1391 = CARTESIAN_POINT ( 'NONE',  ( -3.146085575092234521, -43.50489301306120637, 3.200000000000000178 ) ) ;
#1392 = CARTESIAN_POINT ( 'NONE',  ( 49.99250760594512144, 2.400310793802462594, 14.57970375267794694 ) ) ;
#1393 = CARTESIAN_POINT ( 'NONE',  ( 2.587191540048964455, 49.98313758623959302, 14.98367523968429005 ) ) ;
#1394 = CARTESIAN_POINT ( 'NONE',  ( -1.772032641637062866, -50.01878773880049778, 13.83104122270522929 ) ) ;
#1395 = ORIENTED_EDGE ( 'NONE', *, *, #937, .F. ) ;
#1396 = CYLINDRICAL_SURFACE ( 'NONE', #4590, 26.00000000000000355 ) ;
#1397 = CARTESIAN_POINT ( 'NONE',  ( 6.000000000000004441, -6.284666409917645088E-14, 15.75000000000000000 ) ) ;
#1398 = ORIENTED_EDGE ( 'NONE', *, *, #1479, .T. ) ;
#1399 = CARTESIAN_POINT ( 'NONE',  ( 50.04825687629218578, -0.4754387517223400139, 14.05601152617038352 ) ) ;
#1400 = CARTESIAN_POINT ( 'NONE',  ( 1.802914628681800080, -49.18337409562415274, 16.55038270876628914 ) ) ;
#1401 = CARTESIAN_POINT ( 'NONE',  ( -48.88315149414979999, -6.000000000000004441, 22.39999999999999858 ) ) ;
#1402 = CARTESIAN_POINT ( 'NONE',  ( 40.68905815166956330, 2.314123766397086009E-15, 15.90000000000000036 ) ) ;
#1403 = CARTESIAN_POINT ( 'NONE',  ( -35.68905815166957041, 5.999999999999992895, 13.99264068711928211 ) ) ;
#1404 = ORIENTED_EDGE ( 'NONE', *, *, #3661, .F. ) ;
#1405 = EDGE_CURVE ( 'NONE', #3651, #3689, #881, .T. ) ;
#1406 = ORIENTED_EDGE ( 'NONE', *, *, #2738, .T. ) ;
#1408 = ADVANCED_FACE ( 'NONE', ( #1264 ), #2866, .T. ) ;
#1407 = CARTESIAN_POINT ( 'NONE',  ( 50.04257891911881728, 0.9324110259036443304, 13.33554925033812388 ) ) ;
#1409 = DIRECTION ( 'NONE',  ( -1.000000000000000000, 0.000000000000000000, 0.000000000000000000 ) ) ;
#1410 = CARTESIAN_POINT ( 'NONE',  ( 1.335649418181035442, 49.21353594036641255, 17.25626726456964022 ) ) ;
#1411 = CARTESIAN_POINT ( 'NONE',  ( 0.000000000000000000, 0.000000000000000000, 22.39999999999999858 ) ) ;
#1412 = CARTESIAN_POINT ( 'NONE',  ( 0.2840805418490776613, 49.24864606463825112, 17.78272574629801284 ) ) ;
#1413 = VERTEX_POINT ( 'NONE', #4849 ) ;
#1414 = ADVANCED_FACE ( 'NONE', ( #4379 ), #130, .F. ) ;
#1415 = CARTESIAN_POINT ( 'NONE',  ( -1.899999999999857137, 49.17593415482821939, 15.96741309702351685 ) ) ;
#1416 = DIRECTION ( 'NONE',  ( -0.000000000000000000, -0.000000000000000000, -1.000000000000000000 ) ) ;
#1417 = CARTESIAN_POINT ( 'NONE',  ( -1.871008548878174471, -49.17818316486687280, 15.56240602902852999 ) ) ;
#1418 = LINE ( 'NONE', #4039, #3749 ) ;
#1419 = CARTESIAN_POINT ( 'NONE',  ( -2.342176784895721971E-15, 9.999999999999996447, 10.34999999999999787 ) ) ;
#1420 = VERTEX_POINT ( 'NONE', #518 ) ;
#1421 = CIRCLE ( 'NONE', #1913, 15.13938769133981666 ) ;
#1422 = DIRECTION ( 'NONE',  ( -0.000000000000000000, -0.000000000000000000, -1.000000000000000000 ) ) ;
#1423 = VECTOR ( 'NONE', #3349, 1000.000000000000000 ) ;
#1424 = DIRECTION ( 'NONE',  ( -0.000000000000000000, -0.000000000000000000, -1.000000000000000000 ) ) ;
#1425 = VERTEX_POINT ( 'NONE', #3988 ) ;
#1426 = DIRECTION ( 'NONE',  ( 1.000000000000000000, 0.000000000000000000, 0.000000000000000000 ) ) ;
#1427 = CARTESIAN_POINT ( 'NONE',  ( -9.000000000000005329, 9.203963739393732046E-14, 15.75000000000000000 ) ) ;
#1428 = DIRECTION ( 'NONE',  ( 1.000000000000000000, -1.776356839400250465E-15, 0.000000000000000000 ) ) ;
#1429 = CIRCLE ( 'NONE', #4302, 53.79999999999999716 ) ;
#1430 = CARTESIAN_POINT ( 'NONE',  ( 2.106843152333857994, 46.26521133956566700, 3.200000000000000178 ) ) ;
#1431 = CARTESIAN_POINT ( 'NONE',  ( 1.397509634652602864E-13, 40.68905815166956330, 15.90000000000000036 ) ) ;
#1432 = CARTESIAN_POINT ( 'NONE',  ( 49.24593980132368642, -0.4594731688400204850, 14.05272947901290692 ) ) ;
#1433 = ORIENTED_EDGE ( 'NONE', *, *, #3431, .F. ) ;
#1434 = ORIENTED_EDGE ( 'NONE', *, *, #4358, .T. ) ;
#1435 = CARTESIAN_POINT ( 'NONE',  ( 49.21662199797798820, 1.278653666313495973, 14.48919872846671275 ) ) ;
#1436 = CARTESIAN_POINT ( 'NONE',  ( 0.000000000000000000, 0.000000000000000000, 12.75000000000000000 ) ) ;
#1437 = CARTESIAN_POINT ( 'NONE',  ( -1.706505925174386817, 49.19030172470527162, 16.74334734313930895 ) ) ;
#1438 = DIRECTION ( 'NONE',  ( 0.000000000000000000, 0.000000000000000000, 1.000000000000000000 ) ) ;
#1439 = CARTESIAN_POINT ( 'NONE',  ( 1.817859716089001987, 50.02343126679158303, 16.46611799702860068 ) ) ;
#1440 = ORIENTED_EDGE ( 'NONE', *, *, #5043, .F. ) ;
#1441 = CARTESIAN_POINT ( 'NONE',  ( 49.24673106620860352, -0.3993041351153227558, 17.75756728214076219 ) ) ;
#1442 = CARTESIAN_POINT ( 'NONE',  ( 2.994678954432753226, -44.50607405849358855, -4.336808689942017736E-16 ) ) ;
#1443 =( NAMED_UNIT ( * ) PLANE_ANGLE_UNIT ( ) SI_UNIT ( $, .RADIAN. ) );
#1444 = CARTESIAN_POINT ( 'NONE',  ( 49.45790385395830668, -7.677980399989551508, 7.699988180959968176 ) ) ;
#1445 = CARTESIAN_POINT ( 'NONE',  ( 49.52657685521671027, -5.999999999999992895, 22.09289776661392679 ) ) ;
#1446 = AXIS2_PLACEMENT_3D ( 'NONE', #2033, #4818, #543 ) ;
#1447 = VERTEX_POINT ( 'NONE', #1704 ) ;
#1448 = EDGE_CURVE ( 'NONE', #4824, #4756, #1429, .T. ) ;
#1449 = CARTESIAN_POINT ( 'NONE',  ( -50.04212982412561672, 0.9007350210351583453, 18.45561762442818932 ) ) ;
#1450 = EDGE_CURVE ( 'NONE', #1908, #4762, #3605, .T. ) ;
#1451 = CIRCLE ( 'NONE', #4246, 50.05000000000000426 ) ;
#1452 = DIRECTION ( 'NONE',  ( 0.000000000000000000, 0.000000000000000000, 1.000000000000000000 ) ) ;
#1453 = VERTEX_POINT ( 'NONE', #4116 ) ;
#1454 = B_SPLINE_CURVE_WITH_KNOTS ( 'NONE', 3,
 ( #2539, #3614, #88, #4911, #1274, #1715, #4860, #866, #2950, #1328, #4833, #1739, #1661, #2077, #560, #3999, #3228, #4413, #3717, #894, #2463, #2130, #2436, #2923, #1687, #478 ),
 .UNSPECIFIED., .F., .F.,
 ( 4, 2, 2, 2, 2, 2, 2, 2, 2, 2, 2, 2, 4 ),
 ( 0.0004065181757016034670, 0.001104716411583828162, 0.001453815529524940184, 0.001802914647466052206, 0.002152013765407163794, 0.002501112883348274515, 0.002850212001289386538, 0.003199311119230497692, 0.003897509355112720869, 0.004595707590994942311, 0.005293905826877164621, 0.005643004944818278378, 0.005992104062759392134 ),
 .UNSPECIFIED. ) ;
#1455 = CIRCLE ( 'NONE', #3583, 45.54999999999999005 ) ;
#1456 = CYLINDRICAL_SURFACE ( 'NONE', #433, 26.00000000000000355 ) ;
#1457 = CARTESIAN_POINT ( 'NONE',  ( 0.000000000000000000, -10.00000000000000711, -38.35374729631401891 ) ) ;
#1458 = PLANE ( 'NONE',  #1523 ) ;
#1459 = LINE ( 'NONE', #4599, #550 ) ;
#1460 = CARTESIAN_POINT ( 'NONE',  ( 50.02124227135426793, -1.702843762058700028, 18.02448234237427016 ) ) ;
#1461 = VECTOR ( 'NONE', #1906, 1000.000000000000000 ) ;
#1462 = ORIENTED_EDGE ( 'NONE', *, *, #814, .T. ) ;
#1463 = B_SPLINE_CURVE_WITH_KNOTS ( 'NONE', 3,
 ( #208, #4614, #237, #1804, #1445, #4558, #1088, #4169 ),
 .UNSPECIFIED., .F., .F.,
 ( 4, 2, 2, 4 ),
 ( 0.000000000000000000, 0.0003135887679035463671, 0.0006271775358070927342, 0.001254355071614170723 ),
 .UNSPECIFIED. ) ;
#1464 = EDGE_LOOP ( 'NONE', ( #1062, #1647, #2745, #1529, #1160 ) ) ;
#1465 = CIRCLE ( 'NONE', #735, 1.900000000000000577 ) ;
#1466 = CARTESIAN_POINT ( 'NONE',  ( 1.590769094821236799E-15, -7.030567181065643688E-15, 22.39999999999999858 ) ) ;
#1467 = CARTESIAN_POINT ( 'NONE',  ( -35.68905815166957041, 5.999999999999995559, 22.39999999999999858 ) ) ;
#1468 = FACE_OUTER_BOUND ( 'NONE', #4978, .T. ) ;
#1469 = CARTESIAN_POINT ( 'NONE',  ( -1.631357542306457686, -49.19551256798072814, 14.91807415016969429 ) ) ;
#1470 = FACE_OUTER_BOUND ( 'NONE', #2597, .T. ) ;
#1471 = CARTESIAN_POINT ( 'NONE',  ( 2.681058570385760120, 49.97813947059415085, 15.32565073085612894 ) ) ;
#1472 = AXIS2_PLACEMENT_3D ( 'NONE', #516, #3313, #4872 ) ;
#1473 = DIRECTION ( 'NONE',  ( -1.000000000000000000, 3.243663699417875143E-15, 0.000000000000000000 ) ) ;
#1474 = CARTESIAN_POINT ( 'NONE',  ( 49.24999999999999289, -8.911775405022417717E-13, 14.00000000000000000 ) ) ;
#1475 = CARTESIAN_POINT ( 'NONE',  ( -49.25076503184847354, 0.1529282779225651645, 17.81052680661370147 ) ) ;
#1476 = LINE ( 'NONE', #3315, #3557 ) ;
#1477 = EDGE_CURVE ( 'NONE', #136, #3420, #3859, .T. ) ;
#1478 = ORIENTED_EDGE ( 'NONE', *, *, #1918, .T. ) ;
#1479 = EDGE_CURVE ( 'NONE', #4710, #3298, #3757, .T. ) ;
#1480 = LINE ( 'NONE', #5057, #2860 ) ;
#1481 = CARTESIAN_POINT ( 'NONE',  ( 10.00000000000000000, -44.43874998241961549, 10.34999999999999787 ) ) ;
#1482 = ORIENTED_EDGE ( 'NONE', *, *, #3197, .T. ) ;
#1483 = CARTESIAN_POINT ( 'NONE',  ( 0.000000000000000000, 0.000000000000000000, 10.34999999999999787 ) ) ;
#1484 = CARTESIAN_POINT ( 'NONE',  ( 46.20076976453467665, 6.000000000000005329, 14.24225375323960030 ) ) ;
#1485 = CARTESIAN_POINT ( 'NONE',  ( -3.146085575092234077, 43.50489301306120637, 3.200000000000000178 ) ) ;
#1486 = CARTESIAN_POINT ( 'NONE',  ( 50.00903825305033479, -2.028605317700572730, 14.07347922108170835 ) ) ;
#1487 = CARTESIAN_POINT ( 'NONE',  ( 49.22584911896207416, -1.098733757251602050, 14.33282019239060645 ) ) ;
#1488 = ORIENTED_EDGE ( 'NONE', *, *, #558, .F. ) ;
#1489 = ORIENTED_EDGE ( 'NONE', *, *, #660, .F. ) ;
#1490 = CARTESIAN_POINT ( 'NONE',  ( -8.037535035095059399, -49.40074561390372310, 7.551937353726717816 ) ) ;
#1491 = CARTESIAN_POINT ( 'NONE',  ( 1.899999999999487432, -49.17593415482824071, 15.89999999999924540 ) ) ;
#1492 = CYLINDRICAL_SURFACE ( 'NONE', #4584, 2.999999999999999112 ) ;
#1493 = CARTESIAN_POINT ( 'NONE',  ( 0.2296649873639445838, -50.04979871155128990, 13.20361350365656783 ) ) ;
#1494 = VECTOR ( 'NONE', #989, 1000.000000000000000 ) ;
#1495 = EDGE_CURVE ( 'NONE', #2127, #3066, #2246, .T. ) ;
#1496 = CARTESIAN_POINT ( 'NONE',  ( -0.8102636251789144817, 49.23681081258889947, 17.62302113528719971 ) ) ;
#1497 = ORIENTED_EDGE ( 'NONE', *, *, #3569, .T. ) ;
#1498 = AXIS2_PLACEMENT_3D ( 'NONE', #4501, #980, #2907 ) ;
#1499 = CARTESIAN_POINT ( 'NONE',  ( 49.24999999999999289, 0.06659398815783384995, 13.99999999999996980 ) ) ;
#1500 = CARTESIAN_POINT ( 'NONE',  ( 0.000000000000000000, -9.000000000000005329, 15.75000000000000000 ) ) ;
#1501 = DIRECTION ( 'NONE',  ( 0.000000000000000000, 1.000000000000000000, -0.000000000000000000 ) ) ;
#1502 = CARTESIAN_POINT ( 'NONE',  ( -49.36980254340816998, 8.225756693056075264, 7.495022668175028713 ) ) ;
#1503 = ORIENTED_EDGE ( 'NONE', *, *, #1089, .F. ) ;
#1504 = ORIENTED_EDGE ( 'NONE', *, *, #2651, .T. ) ;
#1505 = FACE_OUTER_BOUND ( 'NONE', #2829, .T. ) ;
#1506 = ORIENTED_EDGE ( 'NONE', *, *, #4335, .F. ) ;
#1507 = ADVANCED_BREP_SHAPE_REPRESENTATION ( 'Cap_BRw_players', ( #4822, #2452 ), #1379 ) ;
#1508 = DIRECTION ( 'NONE',  ( 1.000000000000000000, 0.000000000000000000, 0.000000000000000000 ) ) ;
#1509 = EDGE_CURVE ( 'NONE', #5064, #4171, #2911, .T. ) ;
#1510 = CARTESIAN_POINT ( 'NONE',  ( -1.817151812970559721, 50.02345119308073151, 15.33169566793738703 ) ) ;
#1511 = CARTESIAN_POINT ( 'NONE',  ( 3.146085575092233633, 43.50489301306120637, 4.336808689942017736E-16 ) ) ;
#1512 = CARTESIAN_POINT ( 'NONE',  ( 2.638204487342631133, 49.17928809044479266, 15.32565073085612894 ) ) ;
#1513 = ORIENTED_EDGE ( 'NONE', *, *, #1974, .T. ) ;
#1514 = EDGE_CURVE ( 'NONE', #5019, #4203, #1476, .T. ) ;
#1515 = ORIENTED_EDGE ( 'NONE', *, *, #2172, .T. ) ;
#1516 = EDGE_CURVE ( 'NONE', #2198, #2417, #1463, .T. ) ;
#1517 = DIRECTION ( 'NONE',  ( 1.000000000000000000, 0.000000000000000000, 0.000000000000000000 ) ) ;
#1518 = CARTESIAN_POINT ( 'NONE',  ( 10.00000000000000000, 24.00000000000000355, 10.34999999999999787 ) ) ;
#1519 = CARTESIAN_POINT ( 'NONE',  ( -49.24874059296445239, -0.2765751756450987586, 14.01605080346721799 ) ) ;
#1520 = CARTESIAN_POINT ( 'NONE',  ( -0.6634009166406459324, -50.04591229030068433, 13.27420751844856994 ) ) ;
#1521 = CARTESIAN_POINT ( 'NONE',  ( -44.65201563199583035, 8.999999999999994671, 12.75000000000001066 ) ) ;
#1522 = CARTESIAN_POINT ( 'NONE',  ( -1.246459188512452521, 50.03733674225770756, 17.33949516807733815 ) ) ;
#1523 = AXIS2_PLACEMENT_3D ( 'NONE', #3377, #785, #3001 ) ;
#1524 = EDGE_LOOP ( 'NONE', ( #2459, #1195, #1624, #4368 ) ) ;
#1525 = CARTESIAN_POINT ( 'NONE',  ( 49.24999999999999289, -8.911775405022417717E-13, 14.00000000000000000 ) ) ;
#1526 = CARTESIAN_POINT ( 'NONE',  ( 34.44641746455027942, 7.242640687119289211, 12.75000000000000178 ) ) ;
#1527 = CARTESIAN_POINT ( 'NONE',  ( -6.000000000000512479, -49.68905815166950646, 21.60000000000000142 ) ) ;
#1528 = CARTESIAN_POINT ( 'NONE',  ( 0.000000000000000000, 0.000000000000000000, 0.000000000000000000 ) ) ;
#1529 = ORIENTED_EDGE ( 'NONE', *, *, #1186, .T. ) ;
#1530 = VECTOR ( 'NONE', #279, 1000.000000000000000 ) ;
#1531 = ORIENTED_EDGE ( 'NONE', *, *, #3382, .T. ) ;
#1532 = CLOSED_SHELL ( 'NONE', ( #2952, #3288, #3110, #3282, #2687, #1034, #2986, #3058, #3772, #496, #3870, #3078, #601, #489, #4772, #3270, #32, #2979, #3959, #147, #3343, #1886, #4904, #3234, #2916, #3304, #1686, #2599, #2608, #1154, #4341, #1283, #2710, #177, #2106, #933, #121, #3799, #4583, #2546, #4034, #2515, #4206, #401, #1408, #1888, #3021, #4455, #4135, #2640, #2449, #4356, #4485, #321, #345, #4691, #914, #3611, #4804, #1380, #1826, #4649, #2765, #54, #4795, #50, #3977, #1719, #1792, #3867, #1345, #4397, #1570, #16, #885, #2068, #2705, #4185, #3421, #2908, #1414, #2542, #3512, #3731, #4, #2364, #4562, #187, #1629, #397, #3968, #4118, #4620, #4714, #4852, #3322, #243, #3454, #3947, #3461, #2531, #3392, #3116, #2835, #1542, #1864, #178, #152, #3884, #4015, #3929 ) ) ;
#1533 = DIRECTION ( 'NONE',  ( 3.491481338843133355E-15, 1.000000000000000000, 0.000000000000000000 ) ) ;
#1534 = EDGE_CURVE ( 'NONE', #2460, #4762, #1349, .T. ) ;
#1535 = DIRECTION ( 'NONE',  ( -0.000000000000000000, -0.000000000000000000, -1.000000000000000000 ) ) ;
#1536 = AXIS2_PLACEMENT_3D ( 'NONE', #1261, #2837, #4448 ) ;
#1537 = CARTESIAN_POINT ( 'NONE',  ( -0.9805061231518746867, 49.23050082720952503, 14.26779453364107653 ) ) ;
#1538 = DIRECTION ( 'NONE',  ( 0.000000000000000000, 0.2101600711133288779, -0.9776669906003989663 ) ) ;
#1539 = DIRECTION ( 'NONE',  ( 0.000000000000000000, 0.000000000000000000, -1.000000000000000000 ) ) ;
#1540 = ORIENTED_EDGE ( 'NONE', *, *, #4560, .F. ) ;
#1541 = AXIS2_PLACEMENT_3D ( 'NONE', #1994, #2799, #377 ) ;
#1542 = ADVANCED_FACE ( 'NONE', ( #3019 ), #4891, .T. ) ;
#1543 = ORIENTED_EDGE ( 'NONE', *, *, #4245, .F. ) ;
#1544 = EDGE_CURVE ( 'NONE', #2884, #926, #4197, .T. ) ;
#1545 = CARTESIAN_POINT ( 'NONE',  ( -1.884074935861629774, -50.02153033550136030, 15.62541503530726494 ) ) ;
#1546 = DIRECTION ( 'NONE',  ( 0.000000000000000000, 0.000000000000000000, 1.000000000000000000 ) ) ;
#1547 = VECTOR ( 'NONE', #1989, 1000.000000000000000 ) ;
#1548 = CARTESIAN_POINT ( 'NONE',  ( -50.04274172102437035, 0.9442260455459191570, 14.24639114755333935 ) ) ;
#1549 = CARTESIAN_POINT ( 'NONE',  ( 0.1627091963007489817, -50.04991608598333386, 14.00266033095202189 ) ) ;
#1550 = VERTEX_POINT ( 'NONE', #1573 ) ;
#1551 = LINE ( 'NONE', #3523, #3173 ) ;
#1552 = LINE ( 'NONE', #3112, #1607 ) ;
#1553 = CARTESIAN_POINT ( 'NONE',  ( -49.20435410611086269, -1.493467090346292769, 17.08111939471853802 ) ) ;
#1554 = CARTESIAN_POINT ( 'NONE',  ( -49.55482053164809031, 7.024380544853908503, 8.133889355553725053 ) ) ;
#1555 = VERTEX_POINT ( 'NONE', #2666 ) ;
#1556 = FILL_AREA_STYLE ('',( #1260 ) ) ;
#1557 = CARTESIAN_POINT ( 'NONE',  ( 49.24999999999999289, 2.270201487571823240E-15, 17.80000000000000071 ) ) ;
#1558 = CARTESIAN_POINT ( 'NONE',  ( -2.395844106355528691, -49.99272005433849131, 17.22782065563925968 ) ) ;
#1559 = CARTESIAN_POINT ( 'NONE',  ( 7.030567181065637377E-15, 1.590769094821261254E-15, 7.400000000000000355 ) ) ;
#1560 = CARTESIAN_POINT ( 'NONE',  ( 0.000000000000000000, 0.000000000000000000, 10.34999999999999964 ) ) ;
#1561 = ORIENTED_EDGE ( 'NONE', *, *, #2825, .F. ) ;
#1562 = ORIENTED_EDGE ( 'NONE', *, *, #2000, .F. ) ;
#1563 = DIRECTION ( 'NONE',  ( -0.000000000000000000, -0.000000000000000000, -1.000000000000000000 ) ) ;
#1564 = CARTESIAN_POINT ( 'NONE',  ( 5.999999999999487521, -49.37726961975248940, 22.24056743991561547 ) ) ;
#1565 = EDGE_CURVE ( 'NONE', #1298, #4676, #4688, .T. ) ;
#1566 = CARTESIAN_POINT ( 'NONE',  ( -49.24931576230403607, 0.2199679145427531346, 14.00867038666292075 ) ) ;
#1567 = CARTESIAN_POINT ( 'NONE',  ( -0.2208718238092460262, -50.04972292141539469, 14.00865036492366755 ) ) ;
#1568 = CARTESIAN_POINT ( 'NONE',  ( -50.04999999999999716, 3.151556408626686293E-11, 18.60000000000000142 ) ) ;
#1569 = VERTEX_POINT ( 'NONE', #3484 ) ;
#1570 = ADVANCED_FACE ( 'NONE', ( #2300 ), #1159, .T. ) ;
#1571 = LINE ( 'NONE', #1156, #216 ) ;
#1572 = CARTESIAN_POINT ( 'NONE',  ( -49.20216561929324683, -1.528601491097989040, 14.76477402044518783 ) ) ;
#1573 = CARTESIAN_POINT ( 'NONE',  ( -44.76051296219343101, -8.443872296601446337, 12.80199695089834755 ) ) ;
#1574 = VERTEX_POINT ( 'NONE', #4224 ) ;
#1575 = ORIENTED_EDGE ( 'NONE', *, *, #978, .F. ) ;
#1576 =( BOUNDED_CURVE ( )  B_SPLINE_CURVE ( 3, ( #4462, #944, #2875, #3716 ),
 .UNSPECIFIED., .F., .F. ) 
 B_SPLINE_CURVE_WITH_KNOTS ( ( 4, 4 ),
 ( 3.328047033415127309, 4.712388980384689674 ),
 .UNSPECIFIED. ) 
 CURVE ( )  GEOMETRIC_REPRESENTATION_ITEM ( )  RATIONAL_B_SPLINE_CURVE ( ( 1.000000000000000000, 0.8465748621659208162, 0.8465748621659208162, 1.000000000000000000 ) ) 
 REPRESENTATION_ITEM ( '' )  );
#1577 = EDGE_CURVE ( 'NONE', #2626, #1569, #4279, .T. ) ;
#1578 = CARTESIAN_POINT ( 'NONE',  ( 0.000000000000000000, 0.000000000000000000, 141.5848555321889535 ) ) ;
#1579 = CARTESIAN_POINT ( 'NONE',  ( 8.803979171729539033, -49.26999247902681844, 7.400000000000003908 ) ) ;
#1580 = AXIS2_PLACEMENT_3D ( 'NONE', #715, #2995, #2696 ) ;
#1581 = CARTESIAN_POINT ( 'NONE',  ( 1.856514268870790740, 49.17928809044479266, 15.49582829208394408 ) ) ;
#1582 = DIRECTION ( 'NONE',  ( 1.000000000000000000, 0.000000000000000000, 0.000000000000000000 ) ) ;
#1583 = ORIENTED_EDGE ( 'NONE', *, *, #1534, .F. ) ;
#1584 = AXIS2_PLACEMENT_3D ( 'NONE', #5013, #1810, #719 ) ;
#1585 = ORIENTED_EDGE ( 'NONE', *, *, #3602, .T. ) ;
#1586 = CARTESIAN_POINT ( 'NONE',  ( -2.668242542667635053, -49.97883558142962102, 16.55390203231923607 ) ) ;
#1587 = CARTESIAN_POINT ( 'NONE',  ( 5.999999999999633182, -35.68905815166963436, 13.99264068711928211 ) ) ;
#1588 = CARTESIAN_POINT ( 'NONE',  ( -50.02295356410445493, 1.834457745028962528, 15.39051719604896462 ) ) ;
#1589 = DIRECTION ( 'NONE',  ( 0.000000000000000000, 1.000000000000000000, 0.000000000000000000 ) ) ;
#1590 = CARTESIAN_POINT ( 'NONE',  ( -49.24999999999999289, 0.06659398815782882619, 17.80000000000003268 ) ) ;
#1591 = VERTEX_POINT ( 'NONE', #3094 ) ;
#1592 = CYLINDRICAL_SURFACE ( 'NONE', #4158, 1.899999999999999023 ) ;
#1593 = CARTESIAN_POINT ( 'NONE',  ( -44.68964868481911878, 8.813289815228332102, 7.400000000000000355 ) ) ;
#1594 = CARTESIAN_POINT ( 'NONE',  ( -50.04580551135342859, -0.6717066647093761222, 18.52382930541061512 ) ) ;
#1595 = CARTESIAN_POINT ( 'NONE',  ( 1.691615425314737076, -49.19143925801008521, 15.00461959708867710 ) ) ;
#1596 = ORIENTED_EDGE ( 'NONE', *, *, #4110, .T. ) ;
#1597 = EDGE_CURVE ( 'NONE', #1635, #3976, #676, .T. ) ;
#1598 = ORIENTED_EDGE ( 'NONE', *, *, #2894, .F. ) ;
#1599 = AXIS2_PLACEMENT_3D ( 'NONE', #2177, #4073, #2129 ) ;
#1600 = DIRECTION ( 'NONE',  ( -0.000000000000000000, 0.000000000000000000, -1.000000000000000000 ) ) ;
#1601 = CARTESIAN_POINT ( 'NONE',  ( -8.443872296601288241, 44.76051296219345943, 12.80199695089834755 ) ) ;
#1602 = EDGE_CURVE ( 'NONE', #2460, #904, #2934, .T. ) ;
#1603 = DIRECTION ( 'NONE',  ( 0.000000000000000000, 0.000000000000000000, 1.000000000000000000 ) ) ;
#1604 = EDGE_CURVE ( 'NONE', #2779, #164, #3000, .T. ) ;
#1605 = CARTESIAN_POINT ( 'NONE',  ( -8.999999999999833022, 49.23415988924766395, 7.400000000000000355 ) ) ;
#1606 = CARTESIAN_POINT ( 'NONE',  ( 49.55456057220449395, 7.026219009586623265, 8.132271764413717463 ) ) ;
#1607 = VECTOR ( 'NONE', #4686, 1000.000000000000000 ) ;
#1608 = ORIENTED_EDGE ( 'NONE', *, *, #2017, .T. ) ;
#1609 = ORIENTED_EDGE ( 'NONE', *, *, #3657, .T. ) ;
#1610 = CARTESIAN_POINT ( 'NONE',  ( -1.817859716088674249, -50.02343126679280516, 16.46611799702855805 ) ) ;
#1611 = CARTESIAN_POINT ( 'NONE',  ( 49.17867415742758652, 1.864714059383812073, 16.33300457115463189 ) ) ;
#1612 = CARTESIAN_POINT ( 'NONE',  ( -50.02130003281887127, 1.891961867238459272, 16.11289117115067171 ) ) ;
#1613 = CARTESIAN_POINT ( 'NONE',  ( 0.000000000000000000, 0.000000000000000000, 2.399999999999999911 ) ) ;
#1614 = LINE ( 'NONE', #4314, #1708 ) ;
#1615 = EDGE_LOOP ( 'NONE', ( #2080, #1139, #318, #921 ) ) ;
#1616 = AXIS2_PLACEMENT_3D ( 'NONE', #4124, #3032, #4986 ) ;
#1617 = CARTESIAN_POINT ( 'NONE',  ( 50.04861962129534447, -0.4081355946303316662, 17.75566886460436677 ) ) ;
#1618 = DIRECTION ( 'NONE',  ( -0.000000000000000000, -0.000000000000000000, -1.000000000000000000 ) ) ;
#1619 = CARTESIAN_POINT ( 'NONE',  ( -49.97602724837000210, -2.720406607070477101, 16.29381942387831117 ) ) ;
#1620 = DIRECTION ( 'NONE',  ( -0.000000000000000000, -0.000000000000000000, 1.000000000000000000 ) ) ;
#1621 = ORIENTED_EDGE ( 'NONE', *, *, #393, .F. ) ;
#1622 = VECTOR ( 'NONE', #2836, 1000.000000000000000 ) ;
#1623 = CARTESIAN_POINT ( 'NONE',  ( 0.000000000000000000, 6.000000000000004441, 10.40000000000000036 ) ) ;
#1624 = ORIENTED_EDGE ( 'NONE', *, *, #4659, .F. ) ;
#1625 = EDGE_CURVE ( 'NONE', #3231, #3320, #3071, .T. ) ;
#1626 = VECTOR ( 'NONE', #1727, 1000.000000000000000 ) ;
#1627 = CARTESIAN_POINT ( 'NONE',  ( 0.6634009166402955460, 50.04591229030069144, 13.27420751844856994 ) ) ;
#1628 = DIRECTION ( 'NONE',  ( -1.000000000000000000, 0.000000000000000000, 0.000000000000000000 ) ) ;
#1629 = ADVANCED_FACE ( 'NONE', ( #849 ), #485, .F. ) ;
#1630 = CARTESIAN_POINT ( 'NONE',  ( -6.962258785694823260, -45.04001278136625075, 13.08149677007123657 ) ) ;
#1631 = ORIENTED_EDGE ( 'NONE', *, *, #1509, .T. ) ;
#1632 = CARTESIAN_POINT ( 'NONE',  ( 0.9162252459437547625, 50.04188433911905065, 18.45113019519089192 ) ) ;
#1633 = CARTESIAN_POINT ( 'NONE',  ( 2.106843152333857105, -46.26521133956567411, 3.200000000000000178 ) ) ;
#1634 = EDGE_CURVE ( 'NONE', #3066, #593, #925, .T. ) ;
#1635 = VERTEX_POINT ( 'NONE', #4420 ) ;
#1636 = ORIENTED_EDGE ( 'NONE', *, *, #4576, .F. ) ;
#1637 = CARTESIAN_POINT ( 'NONE',  ( 1.131844497218173595, -49.22395791239631535, 17.43122772432754175 ) ) ;
#1638 = CARTESIAN_POINT ( 'NONE',  ( 49.24999999999999289, 2.270201487571823240E-15, 17.80000000000000071 ) ) ;
#1639 = CARTESIAN_POINT ( 'NONE',  ( -50.02815133125758962, 1.644003350546779707, 14.93938214898614092 ) ) ;
#1640 = CARTESIAN_POINT ( 'NONE',  ( -2.200623295816993341, 50.00169582021061387, 14.27742658172158841 ) ) ;
#1641 = LINE ( 'NONE', #797, #226 ) ;
#1642 = ORIENTED_EDGE ( 'NONE', *, *, #741, .F. ) ;
#1643 = CARTESIAN_POINT ( 'NONE',  ( -12.20000000000000284, 1.674054681342392771E-15, 12.75000000000000000 ) ) ;
#1644 = CARTESIAN_POINT ( 'NONE',  ( -44.72579593317484381, 8.627905400467909658, 7.417279921879750937 ) ) ;
#1645 = CARTESIAN_POINT ( 'NONE',  ( -50.02592243572156150, -1.727565395217718569, 15.09945619333030109 ) ) ;
#1646 = CARTESIAN_POINT ( 'NONE',  ( -50.04999999999999716, 3.151556408626686293E-11, 18.60000000000000142 ) ) ;
#1647 = ORIENTED_EDGE ( 'NONE', *, *, #1374, .F. ) ;
#1648 = ORIENTED_EDGE ( 'NONE', *, *, #278, .T. ) ;
#1649 = CARTESIAN_POINT ( 'NONE',  ( -0.1627091963011036702, 50.04991608598334096, 14.00266033095202189 ) ) ;
#1650 = DIRECTION ( 'NONE',  ( 1.000000000000000000, -0.000000000000000000, -0.000000000000000000 ) ) ;
#1651 = CARTESIAN_POINT ( 'NONE',  ( 0.1359684250828237517, -50.05013118019599005, 18.60235486828597473 ) ) ;
#1652 = ORIENTED_EDGE ( 'NONE', *, *, #4679, .T. ) ;
#1653 = AXIS2_PLACEMENT_3D ( 'NONE', #3272, #3763, #2197 ) ;
#1654 = CIRCLE ( 'NONE', #4111, 2.999999999999999112 ) ;
#1655 = CARTESIAN_POINT ( 'NONE',  ( -1.168200760502888125, 50.03663818802755259, 18.34931478050022946 ) ) ;
#1656 = DIRECTION ( 'NONE',  ( 1.000000000000000000, 0.000000000000000000, 0.000000000000000000 ) ) ;
#1657 = VERTEX_POINT ( 'NONE', #1311 ) ;
#1658 = VERTEX_POINT ( 'NONE', #460 ) ;
#1659 = CARTESIAN_POINT ( 'NONE',  ( 0.4686054010448149620, -50.04831016260397547, 17.74572721744443626 ) ) ;
#1660 = DIRECTION ( 'NONE',  ( -0.000000000000000000, 1.000000000000000000, -0.000000000000000000 ) ) ;
#1661 = CARTESIAN_POINT ( 'NONE',  ( 0.2599521827465198220, 49.24888868847771306, 14.01429816108737292 ) ) ;
#1662 = CARTESIAN_POINT ( 'NONE',  ( -0.2232906608349405075, 50.04982250109210185, 13.20318634864898044 ) ) ;
#1663 = EDGE_CURVE ( 'NONE', #4309, #2954, #4395, .T. ) ;
#1664 = DIRECTION ( 'NONE',  ( -3.491481338843133750E-15, -1.000000000000000000, -0.000000000000000000 ) ) ;
#1665 = EDGE_LOOP ( 'NONE', ( #3149, #3090, #3683, #513, #4079, #987 ) ) ;
#1666 = CARTESIAN_POINT ( 'NONE',  ( 50.03157201603698923, 1.506727525933178047, 17.06416682942279905 ) ) ;
#1667 = CYLINDRICAL_SURFACE ( 'NONE', #4236, 43.14999999999999147 ) ;
#1668 = CARTESIAN_POINT ( 'NONE',  ( -49.24673106620860352, -0.3993041351153283625, 14.04243271785924385 ) ) ;
#1669 = CARTESIAN_POINT ( 'NONE',  ( -50.02348080838621769, -1.635136395782487151, 13.72552155361924697 ) ) ;
#1670 = ORIENTED_EDGE ( 'NONE', *, *, #4810, .F. ) ;
#1671 = CARTESIAN_POINT ( 'NONE',  ( 50.02151518459815804, -1.884589860281341345, 15.62968765302743890 ) ) ;
#1672 = LINE ( 'NONE', #439, #717 ) ;
#1673 = CARTESIAN_POINT ( 'NONE',  ( 35.68905815166957041, 0.000000000000000000, 22.39999999999999858 ) ) ;
#1674 = CARTESIAN_POINT ( 'NONE',  ( -1.297979567235129750, 50.03627535659895642, 14.50679411462800061 ) ) ;
#1675 = DIRECTION ( 'NONE',  ( -1.000000000000000000, 3.491481338843133355E-15, 0.000000000000000000 ) ) ;
#1676 = CARTESIAN_POINT ( 'NONE',  ( 1.674943102821009111, 50.02734093146174388, 16.80557836167256625 ) ) ;
#1677 = ORIENTED_EDGE ( 'NONE', *, *, #4522, .F. ) ;
#1678 = VECTOR ( 'NONE', #1409, 1000.000000000000000 ) ;
#1679 = AXIS2_PLACEMENT_3D ( 'NONE', #5087, #1080, #2656 ) ;
#1680 = CARTESIAN_POINT ( 'NONE',  ( 49.36899618711918691, 8.230549163176375416, 7.493882910677262643 ) ) ;
#1681 = ORIENTED_EDGE ( 'NONE', *, *, #1077, .F. ) ;
#1682 = ORIENTED_EDGE ( 'NONE', *, *, #2221, .F. ) ;
#1683 = B_SPLINE_CURVE_WITH_KNOTS ( 'NONE', 3,
 ( #4288, #773, #2828, #4390 ),
 .UNSPECIFIED., .F., .F.,
 ( 4, 4 ),
 ( 0.000000000000000000, 0.0005689933005318162894 ),
 .UNSPECIFIED. ) ;
#1684 = CARTESIAN_POINT ( 'NONE',  ( -1.298148233938678509, -50.03627272271141635, 17.29314934367948808 ) ) ;
#1685 = CARTESIAN_POINT ( 'NONE',  ( -8.443872296601902860, -44.76051296219334574, 7.451996950898348793 ) ) ;
#1686 = ADVANCED_FACE ( 'NONE', ( #1281 ), #3189, .T. ) ;
#1687 = CARTESIAN_POINT ( 'NONE',  ( -1.899999999999784750, 49.17593415482821939, 15.78440750279060723 ) ) ;
#1688 = CARTESIAN_POINT ( 'NONE',  ( -2.746336070869845880, 49.97459500692101386, 15.76420297875908183 ) ) ;
#1689 = FACE_OUTER_BOUND ( 'NONE', #1041, .T. ) ;
#1690 = EDGE_CURVE ( 'NONE', #3004, #2043, #1654, .T. ) ;
#1691 = ORIENTED_EDGE ( 'NONE', *, *, #533, .F. ) ;
#1692 = CARTESIAN_POINT ( 'NONE',  ( 50.03230657237778445, 1.339183199939518953, 18.26314999796919025 ) ) ;
#1693 = LINE ( 'NONE', #4393, #211 ) ;
#1694 = LINE ( 'NONE', #4894, #1371 ) ;
#1695 = CARTESIAN_POINT ( 'NONE',  ( -49.68905815166957041, 5.999999999999992006, 21.60000000000000142 ) ) ;
#1696 = ORIENTED_EDGE ( 'NONE', *, *, #871, .F. ) ;
#1697 =( BOUNDED_CURVE ( )  B_SPLINE_CURVE ( 3, ( #2572, #2185, #4130, #4548 ),
 .UNSPECIFIED., .F., .T. ) 
 B_SPLINE_CURVE_WITH_KNOTS ( ( 4, 4 ),
 ( 0.1864543798253344709, 1.570796326794896558 ),
 .UNSPECIFIED. ) 
 CURVE ( )  GEOMETRIC_REPRESENTATION_ITEM ( )  RATIONAL_B_SPLINE_CURVE ( ( 1.000000000000000000, 0.8465748621659209272, 0.8465748621659209272, 1.000000000000000000 ) ) 
 REPRESENTATION_ITEM ( '' )  );
#1698 = CIRCLE ( 'NONE', #45, 0.7999999999999997113 ) ;
#1699 = VECTOR ( 'NONE', #253, 1000.000000000000000 ) ;
#1700 = CARTESIAN_POINT ( 'NONE',  ( 50.04275180518372679, -0.9437003608493148565, 14.24597890935380562 ) ) ;
#1701 = DIRECTION ( 'NONE',  ( 0.000000000000000000, 0.000000000000000000, 1.000000000000000000 ) ) ;
#1702 = CARTESIAN_POINT ( 'NONE',  ( -53.79999999999999716, 1.590769094821261254E-15, 0.000000000000000000 ) ) ;
#1703 = CARTESIAN_POINT ( 'NONE',  ( 1.230410292641359149, 49.21911676429888161, 14.44689942214467493 ) ) ;
#1704 = CARTESIAN_POINT ( 'NONE',  ( -32.68905815166956330, 8.999999999999996447, 12.75000000000000000 ) ) ;
#1705 = VECTOR ( 'NONE', #523, 1000.000000000000000 ) ;
#1706 = CARTESIAN_POINT ( 'NONE',  ( 1.730533223946688848, 50.02584187274266014, 16.69398848823935921 ) ) ;
#1707 = VERTEX_POINT ( 'NONE', #1695 ) ;
#1708 = VECTOR ( 'NONE', #4001, 1000.000000000000000 ) ;
#1709 = CARTESIAN_POINT ( 'NONE',  ( -53.79999999999999716, -2.314123766397086009E-15, 15.90000000000000036 ) ) ;
#1710 = CARTESIAN_POINT ( 'NONE',  ( -49.19492830156058005, 1.639371838067198883, 14.93253148211977788 ) ) ;
#1711 = VERTEX_POINT ( 'NONE', #901 ) ;
#1712 = ORIENTED_EDGE ( 'NONE', *, *, #4110, .F. ) ;
#1713 = CARTESIAN_POINT ( 'NONE',  ( -1.712441557954462512, -50.02091157030950797, 18.01694388500479604 ) ) ;
#1714 = DIRECTION ( 'NONE',  ( 1.000000000000000000, 0.000000000000000000, 0.000000000000000000 ) ) ;
#1715 = CARTESIAN_POINT ( 'NONE',  ( 1.293479412410475371, 49.21581802288405072, 14.50349468514810347 ) ) ;
#1716 = DIRECTION ( 'NONE',  ( 0.000000000000000000, 0.000000000000000000, 1.000000000000000000 ) ) ;
#1717 = CARTESIAN_POINT ( 'NONE',  ( 6.000000000000166089, 49.68905815166954909, 21.60000000000000142 ) ) ;
#1718 = ORIENTED_EDGE ( 'NONE', *, *, #2036, .T. ) ;
#1719 = ADVANCED_FACE ( 'NONE', ( #3213 ), #3596, .T. ) ;
#1720 = CARTESIAN_POINT ( 'NONE',  ( 49.98298699177631477, 2.590108001569574991, 16.80865189790808500 ) ) ;
#1721 = CARTESIAN_POINT ( 'NONE',  ( -49.68905815166957041, -6.000000000000004441, 10.40000000000000036 ) ) ;
#1722 = CARTESIAN_POINT ( 'NONE',  ( -50.03030153552982284, -1.411855934660222411, 13.57810659768523642 ) ) ;
#1723 = CARTESIAN_POINT ( 'NONE',  ( -6.000000000000512479, -49.68905815166950646, 10.40000000000000036 ) ) ;
#1724 = EDGE_CURVE ( 'NONE', #4591, #136, #1271, .T. ) ;
#1725 = CARTESIAN_POINT ( 'NONE',  ( 49.98158382133610900, -2.616910333980272618, 16.73094834001637210 ) ) ;
#1726 = FACE_OUTER_BOUND ( 'NONE', #3503, .T. ) ;
#1727 = DIRECTION ( 'NONE',  ( 1.047444401652940007E-14, 1.000000000000000000, 0.000000000000000000 ) ) ;
#1728 = DIRECTION ( 'NONE',  ( 0.000000000000000000, -0.000000000000000000, -1.000000000000000000 ) ) ;
#1729 = CARTESIAN_POINT ( 'NONE',  ( 2.614978331201319950, -49.98168505308019860, 15.06332222756640604 ) ) ;
#1730 = ORIENTED_EDGE ( 'NONE', *, *, #2957, .F. ) ;
#1731 = EDGE_CURVE ( 'NONE', #2258, #1569, #4842, .T. ) ;
#1732 = CARTESIAN_POINT ( 'NONE',  ( 1.899999999999514078, -49.17593415482821229, 15.96741309702351685 ) ) ;
#1733 = CARTESIAN_POINT ( 'NONE',  ( 2.395844106355180081, 49.99272005433851263, 17.22782065563925968 ) ) ;
#1734 = LINE ( 'NONE', #1397, #586 ) ;
#1735 = ORIENTED_EDGE ( 'NONE', *, *, #4300, .T. ) ;
#1736 = ORIENTED_EDGE ( 'NONE', *, *, #2684, .T. ) ;
#1737 = CARTESIAN_POINT ( 'NONE',  ( -0.4102508577058854300, -50.04862407195405183, 18.57545237568398377 ) ) ;
#1738 = FACE_OUTER_BOUND ( 'NONE', #3344, .T. ) ;
#1739 = CARTESIAN_POINT ( 'NONE',  ( 0.3737102366157282196, 49.24739349028959623, 14.03352253710535891 ) ) ;
#1740 = FACE_OUTER_BOUND ( 'NONE', #742, .T. ) ;
#1741 = CIRCLE ( 'NONE', #2325, 45.54999999999999716 ) ;
#1742 = ORIENTED_EDGE ( 'NONE', *, *, #5069, .F. ) ;
#1743 = CARTESIAN_POINT ( 'NONE',  ( 49.99448150115601663, 2.358952538400666654, 17.29022453316295582 ) ) ;
#1744 = CARTESIAN_POINT ( 'NONE',  ( -49.58668971447639251, 5.999999999999992006, 22.00412165438076073 ) ) ;
#1745 = CARTESIAN_POINT ( 'NONE',  ( -49.20795770978875083, -1.441984854373788982, 17.15854999839476847 ) ) ;
#1746 = CARTESIAN_POINT ( 'NONE',  ( 2.764148234520297898, -49.97365393832104274, 15.76873058590958898 ) ) ;
#1747 = VERTEX_POINT ( 'NONE', #2604 ) ;
#1748 = CARTESIAN_POINT ( 'NONE',  ( 50.02112219127475612, -1.897971740149836162, 15.74970850742204220 ) ) ;
#1749 = FACE_OUTER_BOUND ( 'NONE', #575, .T. ) ;
#1750 = CYLINDRICAL_SURFACE ( 'NONE', #882, 3.000000000000000000 ) ;
#1751 = DIRECTION ( 'NONE',  ( 1.000000000000000000, 0.000000000000000000, 0.000000000000000000 ) ) ;
#1752 = EDGE_LOOP ( 'NONE', ( #1832, #869, #3869, #3176, #3597 ) ) ;
#1753 = CARTESIAN_POINT ( 'NONE',  ( 9.260925935892961685E-15, -9.000000000000005329, 10.40000000000000036 ) ) ;
#1754 = CARTESIAN_POINT ( 'NONE',  ( 2.994678959731756240, 44.50607404799428224, 3.200000000000000178 ) ) ;
#1755 = ORIENTED_EDGE ( 'NONE', *, *, #3829, .T. ) ;
#1756 = EDGE_CURVE ( 'NONE', #3720, #2471, #4375, .T. ) ;
#1757 = ORIENTED_EDGE ( 'NONE', *, *, #2134, .F. ) ;
#1758 = DIRECTION ( 'NONE',  ( 1.000000000000000000, -3.243663699417875537E-15, 0.000000000000000000 ) ) ;
#1759 = FACE_OUTER_BOUND ( 'NONE', #488, .T. ) ;
#1760 = CARTESIAN_POINT ( 'NONE',  ( -10.00000000000000000, 0.000000000000000000, -38.35374729631401891 ) ) ;
#1761 = CARTESIAN_POINT ( 'NONE',  ( -49.19327545642094890, 1.664302208596506016, 16.82510995434200396 ) ) ;
#1762 = CARTESIAN_POINT ( 'NONE',  ( -49.60076422399269092, -6.000000000000006217, 22.01968219540036387 ) ) ;
#1763 = CARTESIAN_POINT ( 'NONE',  ( 49.24298097365141302, -0.6283356578848143803, 17.70833448449575087 ) ) ;
#1764 = ORIENTED_EDGE ( 'NONE', *, *, #2803, .F. ) ;
#1765 = CARTESIAN_POINT ( 'NONE',  ( 49.97459726737902486, 2.746294888764445385, 15.76503687523373287 ) ) ;
#1766 = CARTESIAN_POINT ( 'NONE',  ( 0.000000000000000000, 9.000000000000005329, 12.75000000000000000 ) ) ;
#1767 = CARTESIAN_POINT ( 'NONE',  ( -49.22373131257211298, -1.136002728792858463, 14.37255774220788318 ) ) ;
#1768 = FACE_OUTER_BOUND ( 'NONE', #3641, .T. ) ;
#1769 = ORIENTED_EDGE ( 'NONE', *, *, #2508, .F. ) ;
#1770 = CARTESIAN_POINT ( 'NONE',  ( 49.17580240385930779, -1.901688834378002291, 15.99599329667139536 ) ) ;
#1771 = CARTESIAN_POINT ( 'NONE',  ( 44.65201563199583035, -8.999999999999994671, 12.75000000000001066 ) ) ;
#1772 = DIRECTION ( 'NONE',  ( 0.000000000000000000, -1.000000000000000000, 0.000000000000000000 ) ) ;
#1773 = CARTESIAN_POINT ( 'NONE',  ( 2.444501164150733263, 49.99031923371087771, 14.66110678387002331 ) ) ;
#1774 = CARTESIAN_POINT ( 'NONE',  ( -50.04999999999999716, -2.314123766397086009E-15, 13.19999999999999929 ) ) ;
#1775 = EDGE_LOOP ( 'NONE', ( #775, #3714, #1712, #2213, #3321 ) ) ;
#1776 = CIRCLE ( 'NONE', #2439, 43.14999999999999147 ) ;
#1777 = VECTOR ( 'NONE', #434, 1000.000000000000000 ) ;
#1778 = CARTESIAN_POINT ( 'NONE',  ( -1.249359322232003189, -49.21816076932142181, 17.33610948226749571 ) ) ;
#1779 = AXIS2_PLACEMENT_3D ( 'NONE', #4571, #4960, #3409 ) ;
#1780 = EDGE_CURVE ( 'NONE', #3293, #1123, #2548, .T. ) ;
#1781 = CARTESIAN_POINT ( 'NONE',  ( -49.22572507809784526, 1.092475371560870823, 14.34119041186654542 ) ) ;
#1782 = ORIENTED_EDGE ( 'NONE', *, *, #1302, .F. ) ;
#1783 = AXIS2_PLACEMENT_3D ( 'NONE', #3323, #4568, #4207 ) ;
#1784 = CIRCLE ( 'NONE', #2199, 50.05000000000000426 ) ;
#1785 = EDGE_CURVE ( 'NONE', #3005, #5064, #4190, .T. ) ;
#1786 = CARTESIAN_POINT ( 'NONE',  ( -1.858562985708399617, 50.02226199897540937, 16.29476088703287218 ) ) ;
#1787 = CARTESIAN_POINT ( 'NONE',  ( 10.00000000000000000, -24.00000000000000355, 12.75000000000000000 ) ) ;
#1788 = CARTESIAN_POINT ( 'NONE',  ( 49.68905815166957041, 6.000000000000004441, 21.60000000000000142 ) ) ;
#1789 = FACE_OUTER_BOUND ( 'NONE', #3852, .T. ) ;
#1790 = CARTESIAN_POINT ( 'NONE',  ( -34.44641746455027942, 7.242640687119281218, 12.75000000000000178 ) ) ;
#1791 = EDGE_LOOP ( 'NONE', ( #716, #4737, #5091, #1583, #1742 ) ) ;
#1792 = ADVANCED_FACE ( 'NONE', ( #2959 ), #647, .T. ) ;
#1793 = VERTEX_POINT ( 'NONE', #568 ) ;
#1794 = LINE ( 'NONE', #4129, #633 ) ;
#1795 = CARTESIAN_POINT ( 'NONE',  ( -49.59321451291352645, -6.747984984505039030, 8.408309482229309850 ) ) ;
#1796 = CARTESIAN_POINT ( 'NONE',  ( 0.4352846882044787979, 49.24722164038590222, 17.76416327257970451 ) ) ;
#1797 = CARTESIAN_POINT ( 'NONE',  ( 1.530103729571467230, -49.20207293921549052, 14.76663869005568941 ) ) ;
#1798 = CARTESIAN_POINT ( 'NONE',  ( 0.5377091329410064180, 50.04773188599157407, 17.72675656450657655 ) ) ;
#1799 = ORIENTED_EDGE ( 'NONE', *, *, #704, .F. ) ;
#1800 = CARTESIAN_POINT ( 'NONE',  ( 50.02107570532925962, -1.707745355136875087, 18.02070847935299724 ) ) ;
#1801 = CYLINDRICAL_SURFACE ( 'NONE', #3906, 3.000000000000002665 ) ;
#1802 = DIRECTION ( 'NONE',  ( -0.000000000000000000, -0.000000000000000000, -1.000000000000000000 ) ) ;
#1803 = DIRECTION ( 'NONE',  ( -1.000000000000000000, -2.478176394252582127E-16, 0.000000000000000000 ) ) ;
#1804 = CARTESIAN_POINT ( 'NONE',  ( 49.58668971447639251, -5.999999999999992006, 22.00412165438076073 ) ) ;
#1805 = ORIENTED_EDGE ( 'NONE', *, *, #2044, .T. ) ;
#1806 = B_SPLINE_CURVE_WITH_KNOTS ( 'NONE', 3,
 ( #128, #2527, #930, #2501, #4089, #4924, #4010, #3626, #3705, #571, #3265, #3240, #4038, #1364, #4062, #2938, #4819, #4506, #4114, #2117, #1287, #597, #2166, #206, #1392, #4426, #905, #2474, #2298, #4195, #4587, #5002, #4249, #3863 ),
 .UNSPECIFIED., .F., .F.,
 ( 4, 2, 2, 2, 2, 2, 2, 2, 2, 2, 2, 2, 2, 2, 2, 2, 4 ),
 ( 0.01664199111734970121, 0.01718005277460286570, 0.01771811443185602672, 0.01825617608910919121, 0.01879423774636235223, 0.01933229940361551671, 0.01987036106086868120, 0.02040842271812184222, 0.02094648437537500324, 0.02148454603262816773, 0.02202260768988132875, 0.02256066934713449670, 0.02309873100438766466, 0.02363679266164082915, 0.02417485431889399711, 0.02471291597614716506, 0.02525097763340033302 ),
 .UNSPECIFIED. ) ;
#1807 = DIRECTION ( 'NONE',  ( 1.000000000000000000, 0.000000000000000000, 0.000000000000000000 ) ) ;
#1808 = LINE ( 'NONE', #4095, #4205 ) ;
#1809 = EDGE_LOOP ( 'NONE', ( #31, #3796, #2853, #1735, #1244, #52, #3274, #2098, #1932, #4037, #837, #4316 ) ) ;
#1810 = DIRECTION ( 'NONE',  ( 0.000000000000000000, 0.000000000000000000, 1.000000000000000000 ) ) ;
#1811 = B_SPLINE_CURVE_WITH_KNOTS ( 'NONE', 3,
 ( #1527, #2320, #4250, #4638, #2713, #3783, #340, #1112 ),
 .UNSPECIFIED., .F., .F.,
 ( 4, 2, 2, 4 ),
 ( 0.000000000000000000, 0.0003135887679035424640, 0.0006271775358070849279, 0.001254355071614169856 ),
 .UNSPECIFIED. ) ;
#1812 = DIRECTION ( 'NONE',  ( 1.047444401652940007E-14, 1.000000000000000000, 0.000000000000000000 ) ) ;
#1813 = DIRECTION ( 'NONE',  ( 0.000000000000000000, 0.000000000000000000, 1.000000000000000000 ) ) ;
#1814 = CARTESIAN_POINT ( 'NONE',  ( -3.149807816272653938, 43.03488368564030253, 4.336808689942017736E-16 ) ) ;
#1815 = CARTESIAN_POINT ( 'NONE',  ( 47.70851601129508879, 6.000000000000004441, 10.40000000000000036 ) ) ;
#1816 = CARTESIAN_POINT ( 'NONE',  ( 0.02927716515517029411, -49.25108859587179211, 17.81408471970824792 ) ) ;
#1817 = VERTEX_POINT ( 'NONE', #4920 ) ;
#1818 = ORIENTED_EDGE ( 'NONE', *, *, #3804, .F. ) ;
#1819 = CARTESIAN_POINT ( 'NONE',  ( -7.024380544854424535, -49.55482053164801926, 8.133889355553723277 ) ) ;
#1820 = CARTESIAN_POINT ( 'NONE',  ( 5.999999999999490186, -49.09319736703189818, 22.37940404551951801 ) ) ;
#1821 = EDGE_CURVE ( 'NONE', #4097, #3202, #3059, .T. ) ;
#1822 = CARTESIAN_POINT ( 'NONE',  ( 3.149807816559535123, -43.03488364941561883, 3.200000000000000178 ) ) ;
#1823 = CARTESIAN_POINT ( 'NONE',  ( -7.242640687119168419, 34.44641746455030784, 12.75000000000000178 ) ) ;
#1824 = CARTESIAN_POINT ( 'NONE',  ( 1.665382063271374946, 49.19319882471057781, 16.82296352842556786 ) ) ;
#1825 = VERTEX_POINT ( 'NONE', #4108 ) ;
#1826 = ADVANCED_FACE ( 'NONE', ( #2187, #1768 ), #3700, .T. ) ;
#1827 = CARTESIAN_POINT ( 'NONE',  ( 49.23061639573887049, -0.9776476794290276384, 17.53392498761606078 ) ) ;
#1828 = CARTESIAN_POINT ( 'NONE',  ( 2.106843152333857105, -46.26521133956567411, -4.336808689942017736E-16 ) ) ;
#1829 = LINE ( 'NONE', #1037, #4173 ) ;
#1830 = CARTESIAN_POINT ( 'NONE',  ( -50.04861970200273902, 0.4081236469926352584, 17.75567149108975684 ) ) ;
#1831 = CARTESIAN_POINT ( 'NONE',  ( -2.030508211598681445, -50.00896182630506104, 14.07547386367111208 ) ) ;
#1832 = ORIENTED_EDGE ( 'NONE', *, *, #613, .F. ) ;
#1833 = CARTESIAN_POINT ( 'NONE',  ( -50.03566056330624434, 1.207788436093949258, 18.32987319516604785 ) ) ;
#1834 = DIRECTION ( 'NONE',  ( 0.000000000000000000, -1.000000000000000000, 0.000000000000000000 ) ) ;
#1835 = ORIENTED_EDGE ( 'NONE', *, *, #2261, .T. ) ;
#1836 = AXIS2_PLACEMENT_3D ( 'NONE', #3507, #1603, #2375 ) ;
#1837 = CARTESIAN_POINT ( 'NONE',  ( -5.999999999999831246, 49.68905815166958462, 22.39999999999999858 ) ) ;
#1838 = CARTESIAN_POINT ( 'NONE',  ( 6.096683242348133192, 49.67730325297927862, 9.619381606824084940 ) ) ;
#1839 = CARTESIAN_POINT ( 'NONE',  ( 2.994678954432755003, 44.50607405849359566, 4.336808689942017736E-16 ) ) ;
#1840 = CARTESIAN_POINT ( 'NONE',  ( 50.04667816164564442, 0.5766324519660305237, 13.26029554797696086 ) ) ;
#1841 = EDGE_CURVE ( 'NONE', #1917, #361, #2387, .T. ) ;
#1842 = ORIENTED_EDGE ( 'NONE', *, *, #1217, .F. ) ;
#1843 = ORIENTED_EDGE ( 'NONE', *, *, #2519, .T. ) ;
#1844 = DIRECTION ( 'NONE',  ( -3.491481338843133355E-15, -1.000000000000000000, 0.000000000000000000 ) ) ;
#1845 = LINE ( 'NONE', #3518, #2095 ) ;
#1846 = EDGE_CURVE ( 'NONE', #124, #4309, #1060, .T. ) ;
#1847 = DIRECTION ( 'NONE',  ( 1.000000000000000000, 0.000000000000000000, 0.000000000000000000 ) ) ;
#1848 = DIRECTION ( 'NONE',  ( -0.000000000000000000, -0.000000000000000000, -1.000000000000000000 ) ) ;
#1849 = CARTESIAN_POINT ( 'NONE',  ( -0.3081295175404121789, 50.04936433564343190, 18.58874757999760519 ) ) ;
#1850 = ORIENTED_EDGE ( 'NONE', *, *, #3642, .T. ) ;
#1851 = CARTESIAN_POINT ( 'NONE',  ( 49.24780411165593819, 0.3337675016654420013, 14.02834534343224426 ) ) ;
#1852 = CARTESIAN_POINT ( 'NONE',  ( -40.68905815166956330, -2.314123766397086009E-15, 14.00000000000000000 ) ) ;
#1853 = CARTESIAN_POINT ( 'NONE',  ( -1.892688837183363004, -49.17650616852311174, 15.69635223787766520 ) ) ;
#1854 = CARTESIAN_POINT ( 'NONE',  ( 49.61048892218994411, -6.619224128827192466, 8.564076664914223258 ) ) ;
#1855 = CARTESIAN_POINT ( 'NONE',  ( 0.3996972968089920197, -50.04870560056063056, 13.22308529984848313 ) ) ;
#1856 = AXIS2_PLACEMENT_3D ( 'NONE', #3239, #1701, #2008 ) ;
#1857 = ORIENTED_EDGE ( 'NONE', *, *, #1625, .T. ) ;
#1858 = B_SPLINE_CURVE_WITH_KNOTS ( 'NONE', 3,
 ( #1525, #1499, #3068, #5000, #1851, #3754 ),
 .UNSPECIFIED., .F., .F.,
 ( 4, 2, 4 ),
 ( 0.005992954029621701782, 0.006194068776248121827, 0.006395183522874541004 ),
 .UNSPECIFIED. ) ;
#1859 = CARTESIAN_POINT ( 'NONE',  ( -6.000000000000004441, 2.094888803305881591E-14, 22.39999999999999858 ) ) ;
#1860 = AXIS2_PLACEMENT_3D ( 'NONE', #3159, #4270, #3885 ) ;
#1861 = FACE_OUTER_BOUND ( 'NONE', #3994, .T. ) ;
#1862 = EDGE_LOOP ( 'NONE', ( #3412, #238, #4234, #830, #3824 ) ) ;
#1863 = FACE_OUTER_BOUND ( 'NONE', #3369, .T. ) ;
#1864 = ADVANCED_FACE ( 'NONE', ( #952 ), #3509, .T. ) ;
#1865 = FACE_OUTER_BOUND ( 'NONE', #4433, .T. ) ;
#1866 = DIRECTION ( 'NONE',  ( -0.000000000000000000, -0.000000000000000000, -1.000000000000000000 ) ) ;
#1867 = DIRECTION ( 'NONE',  ( 0.000000000000000000, -1.000000000000000000, 0.000000000000000000 ) ) ;
#1868 = CARTESIAN_POINT ( 'NONE',  ( -5.999999999999838352, 47.70851601129511010, 10.40000000000000036 ) ) ;
#1869 = CARTESIAN_POINT ( 'NONE',  ( 1.796258638338215974, -49.18384818677061077, 16.52996199728990945 ) ) ;
#1870 = AXIS2_PLACEMENT_3D ( 'NONE', #1116, #1234, #4298 ) ;
#1871 = VERTEX_POINT ( 'NONE', #2464 ) ;
#1872 = VERTEX_POINT ( 'NONE', #4025 ) ;
#1873 = VECTOR ( 'NONE', #1905, 1000.000000000000000 ) ;
#1874 = CARTESIAN_POINT ( 'NONE',  ( 49.24673125796299900, 0.3992924238185624475, 14.04243020042823353 ) ) ;
#1875 = CARTESIAN_POINT ( 'NONE',  ( -47.70851601129508879, 5.999999999999992006, 10.40000000000000036 ) ) ;
#1876 = CARTESIAN_POINT ( 'NONE',  ( 47.70851601129508879, -5.999999999999992006, 22.39999999999999858 ) ) ;
#1877 = CARTESIAN_POINT ( 'NONE',  ( 0.1590328278356762381, -49.24980192905718468, 14.00254283714508574 ) ) ;
#1878 = CARTESIAN_POINT ( 'NONE',  ( -2.150591194362172054, 50.00388003049085484, 17.58611037294589607 ) ) ;
#1879 = EDGE_LOOP ( 'NONE', ( #4274, #4199 ) ) ;
#1880 = CARTESIAN_POINT ( 'NONE',  ( -44.65201563199583035, -9.000000000000005329, 12.75000000000001066 ) ) ;
#1881 = CARTESIAN_POINT ( 'NONE',  ( 0.000000000000000000, 0.000000000000000000, 10.34999999999999964 ) ) ;
#1882 = B_SPLINE_CURVE_WITH_KNOTS ( 'NONE', 3,
 ( #3827, #227, #330, #1896, #644, #2571, #2260, #3472, #252, #1819, #4604, #277, #2955, #1490, #2980, #3384, #3797, #1079 ),
 .UNSPECIFIED., .F., .F.,
 ( 4, 2, 2, 2, 2, 2, 2, 2, 4 ),
 ( 0.000000000000000000, 0.0005894135379819912066, 0.001178827075963982413, 0.001768240613945973620, 0.002357654151927964827, 0.002947067689909955816, 0.003536481227891947240, 0.004125894765873933459, 0.004715308303855920112 ),
 .UNSPECIFIED. ) ;
#1883 = LINE ( 'NONE', #3808, #1461 ) ;
#1884 = CARTESIAN_POINT ( 'NONE',  ( 0.08906855693614115776, -49.25010786438760846, 13.99857563018801621 ) ) ;
#1885 = ORIENTED_EDGE ( 'NONE', *, *, #1290, .F. ) ;
#1886 = ADVANCED_FACE ( 'NONE', ( #115 ), #1250, .F. ) ;
#1887 = CARTESIAN_POINT ( 'NONE',  ( -49.68905815166957041, 5.999999999999992006, 10.40000000000000036 ) ) ;
#1888 = ADVANCED_FACE ( 'NONE', ( #1304 ), #4725, .F. ) ;
#1889 = CARTESIAN_POINT ( 'NONE',  ( 0.000000000000000000, 0.000000000000000000, -38.35374729631401891 ) ) ;
#1890 = ORIENTED_EDGE ( 'NONE', *, *, #1313, .T. ) ;
#1891 = CARTESIAN_POINT ( 'NONE',  ( -1.914050177811742692, 49.17487425522883626, 15.80762522747963139 ) ) ;
#1892 = CARTESIAN_POINT ( 'NONE',  ( -3.252606517456513302E-16, 47.40652577362288156, 4.336808689942017736E-16 ) ) ;
#1893 = DIRECTION ( 'NONE',  ( 0.000000000000000000, 0.000000000000000000, 1.000000000000000000 ) ) ;
#1894 = ORIENTED_EDGE ( 'NONE', *, *, #4560, .T. ) ;
#1895 = VERTEX_POINT ( 'NONE', #843 ) ;
#1896 = CARTESIAN_POINT ( 'NONE',  ( -6.096683242348484022, -49.67730325297924310, 9.619381606824083164 ) ) ;
#1897 = FACE_OUTER_BOUND ( 'NONE', #486, .T. ) ;
#1898 = CARTESIAN_POINT ( 'NONE',  ( -0.7077002013646594980, 49.23995404503584439, 17.66704852880670273 ) ) ;
#1899 = CARTESIAN_POINT ( 'NONE',  ( -0.9226672567108127332, -49.23276692721449166, 14.23445332589190926 ) ) ;
#1900 = DIRECTION ( 'NONE',  ( 1.047444401652940007E-14, 1.000000000000000000, 0.000000000000000000 ) ) ;
#1901 = CARTESIAN_POINT ( 'NONE',  ( -2.032543251496945480, 50.00887776408675478, 17.72228089474797486 ) ) ;
#1902 = ORIENTED_EDGE ( 'NONE', *, *, #2586, .F. ) ;
#1903 = DIRECTION ( 'NONE',  ( 0.000000000000000000, 0.000000000000000000, 1.000000000000000000 ) ) ;
#1904 = DIRECTION ( 'NONE',  ( -1.000000000000000000, 0.000000000000000000, 0.000000000000000000 ) ) ;
#1905 = DIRECTION ( 'NONE',  ( -0.000000000000000000, -0.000000000000000000, 1.000000000000000000 ) ) ;
#1906 = DIRECTION ( 'NONE',  ( -0.000000000000000000, -0.000000000000000000, -1.000000000000000000 ) ) ;
#1907 = CARTESIAN_POINT ( 'NONE',  ( -1.900000000000561462, -53.80000000000054428, 15.90000000000000036 ) ) ;
#1908 = VERTEX_POINT ( 'NONE', #819 ) ;
#1909 = EDGE_LOOP ( 'NONE', ( #475, #3649, #2772, #4565 ) ) ;
#1910 = AXIS2_PLACEMENT_3D ( 'NONE', #4596, #1019, #2590 ) ;
#1911 = CARTESIAN_POINT ( 'NONE',  ( -50.04914412612655639, 0.3352962976740265777, 13.21524164591230566 ) ) ;
#1912 = CARTESIAN_POINT ( 'NONE',  ( 0.000000000000000000, 0.000000000000000000, 10.34999999999999964 ) ) ;
#1913 = AXIS2_PLACEMENT_3D ( 'NONE', #687, #4178, #4908 ) ;
#1914 = CARTESIAN_POINT ( 'NONE',  ( 0.3116350325281839750, 50.04933887027050332, 13.21171176544178572 ) ) ;
#1915 = LINE ( 'NONE', #2353, #3917 ) ;
#1916 = CARTESIAN_POINT ( 'NONE',  ( 50.00402701153642937, -2.147195424550167431, 14.20966145409481207 ) ) ;
#1917 = VERTEX_POINT ( 'NONE', #3589 ) ;
#1918 = EDGE_CURVE ( 'NONE', #4710, #5035, #1241, .T. ) ;
#1919 = VERTEX_POINT ( 'NONE', #4754 ) ;
#1920 = CIRCLE ( 'NONE', #199, 1.900000000000000577 ) ;
#1921 = CARTESIAN_POINT ( 'NONE',  ( -1.883217736666151998, -49.17725243599210216, 15.61848746891102380 ) ) ;
#1922 = CARTESIAN_POINT ( 'NONE',  ( -45.04001278136632180, 6.962258785694351637, 7.731496770071230706 ) ) ;
#1923 = CARTESIAN_POINT ( 'NONE',  ( -50.02152341769408395, 1.884307312075138574, 15.62772212865963617 ) ) ;
#1924 = CARTESIAN_POINT ( 'NONE',  ( -2.355901697784305249, -49.99462749265126149, 14.50463168787363877 ) ) ;
#1925 = CARTESIAN_POINT ( 'NONE',  ( -2.642462687448729586, 49.98020993513176791, 16.64880639491620329 ) ) ;
#1926 = ORIENTED_EDGE ( 'NONE', *, *, #1991, .F. ) ;
#1927 = PLANE ( 'NONE',  #798 ) ;
#1928 = CARTESIAN_POINT ( 'NONE',  ( 32.68905815166956330, 9.000000000000005329, 12.75000000000000000 ) ) ;
#1929 = CARTESIAN_POINT ( 'NONE',  ( 49.68905815166957041, -5.999999999999992006, 10.40000000000000036 ) ) ;
#1930 = CARTESIAN_POINT ( 'NONE',  ( -0.3737102366160727218, -49.24739349028960333, 14.03352253710536068 ) ) ;
#1931 = PRODUCT_DEFINITION ( 'UNKNOWN', '', #970, #4016 ) ;
#1932 = ORIENTED_EDGE ( 'NONE', *, *, #814, .F. ) ;
#1933 = AXIS2_PLACEMENT_3D ( 'NONE', #1125, #1546, #2630 ) ;
#1934 = AXIS2_PLACEMENT_3D ( 'NONE', #3806, #3704, #3726 ) ;
#1935 = DIRECTION ( 'NONE',  ( -1.000000000000000000, -2.478176394252582127E-16, 0.000000000000000000 ) ) ;
#1936 = VERTEX_POINT ( 'NONE', #2409 ) ;
#1937 = FACE_OUTER_BOUND ( 'NONE', #2065, .T. ) ;
#1938 = EDGE_CURVE ( 'NONE', #1266, #1246, #4000, .T. ) ;
#1939 = DIRECTION ( 'NONE',  ( -1.000000000000000000, 0.000000000000000000, 0.000000000000000000 ) ) ;
#1940 = DIRECTION ( 'NONE',  ( 0.000000000000000000, -1.000000000000000000, 0.000000000000000000 ) ) ;
#1941 = VERTEX_POINT ( 'NONE', #64 ) ;
#1942 = EDGE_CURVE ( 'NONE', #1936, #273, #4032, .T. ) ;
#1943 = AXIS2_PLACEMENT_3D ( 'NONE', #4947, #1109, #1473 ) ;
#1944 = ORIENTED_EDGE ( 'NONE', *, *, #1015, .F. ) ;
#1945 = CYLINDRICAL_SURFACE ( 'NONE', #4071, 53.79999999999999716 ) ;
#1946 = CARTESIAN_POINT ( 'NONE',  ( 8.443872296600973826, -44.76051296219351627, 12.80199695089834755 ) ) ;
#1947 = AXIS2_PLACEMENT_3D ( 'NONE', #1317, #2887, #931 ) ;
#1948 = CARTESIAN_POINT ( 'NONE',  ( -50.04930464797701717, 0.3176635223960396770, 13.21232107714427428 ) ) ;
#1949 = CARTESIAN_POINT ( 'NONE',  ( 1.185028928411273164, -49.22141628430485127, 14.40963313886217634 ) ) ;
#1950 = EDGE_CURVE ( 'NONE', #642, #5064, #3718, .T. ) ;
#1951 = CARTESIAN_POINT ( 'NONE',  ( -32.68905815166956330, 0.000000000000000000, 12.75000000000000000 ) ) ;
#1952 = ORIENTED_EDGE ( 'NONE', *, *, #3666, .T. ) ;
#1953 = AXIS2_PLACEMENT_3D ( 'NONE', #3294, #3345, #1321 ) ;
#1954 = DIRECTION ( 'NONE',  ( 1.047444401652940007E-14, 1.000000000000000000, -0.000000000000000000 ) ) ;
#1955 = CARTESIAN_POINT ( 'NONE',  ( 9.000000000000005329, -9.426999614876463846E-14, 12.75000000000000000 ) ) ;
#1956 = CARTESIAN_POINT ( 'NONE',  ( -49.18117325306135257, -1.831802285132838382, 16.41947886841921189 ) ) ;
#1957 = CARTESIAN_POINT ( 'NONE',  ( -49.30425083707591227, 8.609955037232600361, 7.419025172232384335 ) ) ;
#1958 = CIRCLE ( 'NONE', #559, 1.900000000000000577 ) ;
#1959 = ORIENTED_EDGE ( 'NONE', *, *, #2861, .T. ) ;
#1960 = VERTEX_POINT ( 'NONE', #1815 ) ;
#1961 = FACE_OUTER_BOUND ( 'NONE', #2175, .T. ) ;
#1962 = CARTESIAN_POINT ( 'NONE',  ( 8.225756693056249347, 49.36980254340813445, 7.495022668175028713 ) ) ;
#1963 = CARTESIAN_POINT ( 'NONE',  ( -6.000000000000478728, -46.20076976453462692, 14.24225375323959852 ) ) ;
#1964 = CARTESIAN_POINT ( 'NONE',  ( -9.000000000000337508, -32.68905815166947093, 12.75000000000000000 ) ) ;
#1965 = LINE ( 'NONE', #3223, #5033 ) ;
#1966 = ORIENTED_EDGE ( 'NONE', *, *, #592, .F. ) ;
#1967 = EDGE_LOOP ( 'NONE', ( #897, #4235 ) ) ;
#1968 = DIRECTION ( 'NONE',  ( 1.000000000000000000, -4.440892098500626162E-15, 0.000000000000000000 ) ) ;
#1969 = DIRECTION ( 'NONE',  ( 0.000000000000000000, 0.000000000000000000, 1.000000000000000000 ) ) ;
#1970 = CARTESIAN_POINT ( 'NONE',  ( -50.03917618527238886, 1.153069668734941322, 14.38453906584606123 ) ) ;
#1971 = CARTESIAN_POINT ( 'NONE',  ( 0.3136537826971481091, 50.04932175515781267, 13.21202240496458025 ) ) ;
#1972 = CARTESIAN_POINT ( 'NONE',  ( -49.24972711946914927, 0.1334307650910258047, 17.79650735547636842 ) ) ;
#1973 = ORIENTED_EDGE ( 'NONE', *, *, #704, .T. ) ;
#1974 = EDGE_CURVE ( 'NONE', #1018, #3141, #4964, .T. ) ;
#1975 = CARTESIAN_POINT ( 'NONE',  ( -44.76051296219343101, -8.443872296601444560, 7.451996950898348793 ) ) ;
#1976 = CARTESIAN_POINT ( 'NONE',  ( 44.65201563199583035, 9.000000000000005329, 12.75000000000001066 ) ) ;
#1977 = AXIS2_PLACEMENT_3D ( 'NONE', #4664, #5055, #1113 ) ;
#1978 = CARTESIAN_POINT ( 'NONE',  ( -49.23660983300619165, -0.8162622930101397500, 17.62018510433406959 ) ) ;
#1979 = CARTESIAN_POINT ( 'NONE',  ( 1.899999999999487432, -49.17593415482824071, 15.89999999999924540 ) ) ;
#1980 = VERTEX_POINT ( 'NONE', #4961 ) ;
#1981 = ORIENTED_EDGE ( 'NONE', *, *, #624, .T. ) ;
#1982 = EDGE_CURVE ( 'NONE', #3202, #4097, #1003, .T. ) ;
#1983 = CARTESIAN_POINT ( 'NONE',  ( -9.000000000000005329, 3.142333204958821913E-14, 12.75000000000000000 ) ) ;
#1984 = EDGE_LOOP ( 'NONE', ( #2598, #2015, #2841, #2126 ) ) ;
#1985 = CARTESIAN_POINT ( 'NONE',  ( 8.041331384601496879, -49.40013262277150119, 7.550566888263508858 ) ) ;
#1986 = AXIS2_PLACEMENT_3D ( 'NONE', #3026, #3787, #3487 ) ;
#1987 = CARTESIAN_POINT ( 'NONE',  ( -2.681058570386108730, -49.97813947059412953, 15.32565073085612894 ) ) ;
#1988 = CIRCLE ( 'NONE', #2401, 0.7999999999999986011 ) ;
#1989 = DIRECTION ( 'NONE',  ( 1.000000000000000000, -0.000000000000000000, -0.000000000000000000 ) ) ;
#1990 = CARTESIAN_POINT ( 'NONE',  ( -49.19712544811000043, 1.606963975212782225, 16.92037160967648646 ) ) ;
#1991 = EDGE_CURVE ( 'NONE', #2404, #2626, #248, .T. ) ;
#1992 = VERTEX_POINT ( 'NONE', #3379 ) ;
#1993 = VERTEX_POINT ( 'NONE', #2594 ) ;
#1994 = CARTESIAN_POINT ( 'NONE',  ( -7.030567181065637377E-15, -1.590769094821261254E-15, 21.60000000000000142 ) ) ;
#1995 = CARTESIAN_POINT ( 'NONE',  ( 49.20573139780381666, 1.470705276137784123, 14.69148130746523506 ) ) ;
#1996 = CARTESIAN_POINT ( 'NONE',  ( -49.24587475393661151, 0.4649947181566567722, 14.05357277375996183 ) ) ;
#1997 = CARTESIAN_POINT ( 'NONE',  ( 2.586397816113011228, 49.98317951328939301, 14.98132682988070208 ) ) ;
#1998 = CARTESIAN_POINT ( 'NONE',  ( 1.855275722633641551E-13, 53.80000000000018900, 15.90000000000000036 ) ) ;
#1999 = VERTEX_POINT ( 'NONE', #3328 ) ;
#2000 = EDGE_CURVE ( 'NONE', #1350, #4141, #507, .T. ) ;
#2001 = LINE ( 'NONE', #457, #3254 ) ;
#2002 = CARTESIAN_POINT ( 'NONE',  ( 44.68964868481911168, 8.813289815228342761, 12.75000000000000000 ) ) ;
#2003 = CARTESIAN_POINT ( 'NONE',  ( -50.02739867252819295, -1.672755420001643678, 14.99038300772492249 ) ) ;
#2004 = DIRECTION ( 'NONE',  ( -1.022662637710414146E-14, -1.000000000000000000, -0.000000000000000000 ) ) ;
#2005 = AXIS2_PLACEMENT_3D ( 'NONE', #599, #4900, #3784 ) ;
#2006 = VERTEX_POINT ( 'NONE', #4125 ) ;
#2007 = CARTESIAN_POINT ( 'NONE',  ( 5.999999999999505285, -47.70851601129515274, 12.75000000000001066 ) ) ;
#2008 = DIRECTION ( 'NONE',  ( 1.000000000000000000, 0.000000000000000000, 0.000000000000000000 ) ) ;
#2009 = CARTESIAN_POINT ( 'NONE',  ( -2.405621924969886027, 49.99225042105678796, 14.58917596471351530 ) ) ;
#2010 = CARTESIAN_POINT ( 'NONE',  ( 44.43874998241960839, -10.00000000000000711, -38.35374729631401891 ) ) ;
#2011 = CYLINDRICAL_SURFACE ( 'NONE', #4712, 3.000000000000000000 ) ;
#2012 = ORIENTED_EDGE ( 'NONE', *, *, #3762, .T. ) ;
#2013 = CARTESIAN_POINT ( 'NONE',  ( -6.962258785694205976, 45.04001278136635023, 13.08149677007124012 ) ) ;
#2014 = CARTESIAN_POINT ( 'NONE',  ( -8.443872296601901084, -44.76051296219333864, 12.80199695089834755 ) ) ;
#2015 = ORIENTED_EDGE ( 'NONE', *, *, #5007, .T. ) ;
#2016 = ORIENTED_EDGE ( 'NONE', *, *, #1313, .F. ) ;
#2017 = EDGE_CURVE ( 'NONE', #5063, #1453, #2394, .T. ) ;
#2018 = CARTESIAN_POINT ( 'NONE',  ( 10.00000000000000000, -24.00000000000000711, 10.34999999999999787 ) ) ;
#2019 = CARTESIAN_POINT ( 'NONE',  ( 49.19306156418669929, 1.666776443713017697, 14.98066370024029936 ) ) ;
#2020 = CARTESIAN_POINT ( 'NONE',  ( -49.17610093955293138, 1.897862117920319225, 15.74652392250672506 ) ) ;
#2021 = DIRECTION ( 'NONE',  ( 0.000000000000000000, -0.000000000000000000, 1.000000000000000000 ) ) ;
#2022 = CARTESIAN_POINT ( 'NONE',  ( -50.04667816164564442, 0.5766324519660287473, 18.53970445202304163 ) ) ;
#2023 = AXIS2_PLACEMENT_3D ( 'NONE', #1427, #3350, #3818 ) ;
#2024 = VERTEX_POINT ( 'NONE', #4861 ) ;
#2025 = AXIS2_PLACEMENT_3D ( 'NONE', #1402, #2255, #665 ) ;
#2026 = CARTESIAN_POINT ( 'NONE',  ( -46.20076976453467665, -6.000000000000003553, 8.892253753239591774 ) ) ;
#2027 = CARTESIAN_POINT ( 'NONE',  ( 44.76051296219343101, 8.443872296601444560, 7.451996950898348793 ) ) ;
#2028 = CARTESIAN_POINT ( 'NONE',  ( -50.02130915657500054, -1.891648067304809278, 15.68473803121269761 ) ) ;
#2029 = CARTESIAN_POINT ( 'NONE',  ( -50.03572204901776388, -1.205176558852236735, 13.46891010019725421 ) ) ;
#2030 = ORIENTED_EDGE ( 'NONE', *, *, #810, .T. ) ;
#2031 = AXIS2_PLACEMENT_3D ( 'NONE', #5009, #743, #3074 ) ;
#2032 = DIRECTION ( 'NONE',  ( 1.000000000000000000, 0.000000000000000000, 0.000000000000000000 ) ) ;
#2033 = CARTESIAN_POINT ( 'NONE',  ( 7.030567181065637377E-15, 1.590769094821261254E-15, 22.39999999999999858 ) ) ;
#2034 = CARTESIAN_POINT ( 'NONE',  ( -1.722318446646187606, 49.18918974737459138, 15.08824871858531935 ) ) ;
#2035 = CARTESIAN_POINT ( 'NONE',  ( 2.731450695326566702, -49.97542151283412437, 15.58752269243676025 ) ) ;
#2036 = EDGE_CURVE ( 'NONE', #4261, #4047, #2139, .T. ) ;
#2037 =( BOUNDED_SURFACE ( )  B_SPLINE_SURFACE ( 3, 2, ( 
 ( #673, #3474, #646 ),
 ( #1519, #4580, #4680 ),
 ( #451, #1150, #2724 ),
 ( #2362, #2383, #1224 ),
 ( #1566, #1176, #1948 ),
 ( #1996, #3588, #4286 ),
 ( #379, #3881, #5088 ),
 ( #771, #63, #4339 ),
 ( #3496, #1548, #3205 ),
 ( #406, #1970, #2314 ),
 ( #3927, #2749, #35 ),
 ( #4777, #818, #4312 ),
 ( #3519, #2826, #4724 ),
 ( #3538, #1639, #2776 ),
 ( #3128, #795, #4702 ),
 ( #359, #1249, #4388 ),
 ( #4753, #1588, #12 ),
 ( #4363, #1923, #3560 ),
 ( #2020, #3106, #2801 ),
 ( #3154, #3948, #1199 ),
 ( #428, #1612, #3181 ),
 ( #842, #5067, #2408 ),
 ( #3973, #2337, #3903 ),
 ( #2848, #3692, #2104 ),
 ( #1761, #4463, #531 ),
 ( #4100, #3278, #971 ),
 ( #168, #3251, #195 ),
 ( #2490, #945, #2153 ),
 ( #3301, #4805, #3327 ),
 ( #3637, #3667, #583 ),
 ( #503, #114, #2513 ),
 ( #1381, #142, #2049 ) ),
 .UNSPECIFIED., .F., .F., .F. ) 
 B_SPLINE_SURFACE_WITH_KNOTS ( ( 4, 2, 2, 2, 2, 2, 2, 2, 2, 2, 2, 2, 2, 2, 2, 4 ),
 ( 3, 3 ),
 ( 0.000000000000000000, 0.0005276194881098040992, 0.001055238976219608198, 0.001582858464329412298, 0.002110477952439216397, 0.002638097440549020713, 0.003165716928658824595, 0.003693336416768628477, 0.004220955904878432793, 0.004748575392988237109, 0.005276194881098041425, 0.005803814369207845741, 0.006331433857317649190, 0.006859053345427452639, 0.007386672833537256955, 0.008441911809756865587 ),
 ( 0.000000000000000000, 1.000000000000000000 ),
 .UNSPECIFIED. ) 
 GEOMETRIC_REPRESENTATION_ITEM ( )  RATIONAL_B_SPLINE_SURFACE ( (
 ( 1.000000000000000000, 0.7062501851052345181, 1.000000000000000000),
 ( 1.000000000000000000, 0.7067770659311556347, 1.000000000000000000),
 ( 1.000000000000000000, 0.7070628990111217371, 1.000000000000000000),
 ( 1.000000000000000000, 0.7071413207559221759, 1.000000000000000000),
 ( 1.000000000000000000, 0.7069276997206598301, 1.000000000000000000),
 ( 1.000000000000000000, 0.7060257695815094214, 1.000000000000000000),
 ( 1.000000000000000000, 0.7053457510225429328, 1.000000000000000000),
 ( 1.000000000000000000, 0.7036050047915938244, 1.000000000000000000),
 ( 1.000000000000000000, 0.7025340143380651714, 1.000000000000000000),
 ( 1.000000000000000000, 0.7002096362422163267, 1.000000000000000000),
 ( 1.000000000000000000, 0.6989484632957968513, 1.000000000000000000),
 ( 1.000000000000000000, 0.6963664385072197982, 1.000000000000000000),
 ( 1.000000000000000000, 0.6950669189824110195, 1.000000000000000000),
 ( 1.000000000000000000, 0.6926607077948627733, 1.000000000000000000),
 ( 1.000000000000000000, 0.6915363765416858710, 1.000000000000000000),
 ( 1.000000000000000000, 0.6896334481704743391, 1.000000000000000000),
 ( 1.000000000000000000, 0.6888702479675311574, 1.000000000000000000),
 ( 1.000000000000000000, 0.6878003692680884074, 1.000000000000000000),
 ( 1.000000000000000000, 0.6874958278719908167, 1.000000000000000000),
 ( 1.000000000000000000, 0.6874155573848218514, 1.000000000000000000),
 ( 1.000000000000000000, 0.6876315040181034677, 1.000000000000000000),
 ( 1.000000000000000000, 0.6885526639867948218, 1.000000000000000000),
 ( 1.000000000000000000, 0.6892631061448529772, 1.000000000000000000),
 ( 1.000000000000000000, 0.6910352961232434366, 1.000000000000000000),
 ( 1.000000000000000000, 0.6921014002106030683, 1.000000000000000000),
 ( 1.000000000000000000, 0.6944798749779889091, 1.000000000000000000),
 ( 1.000000000000000000, 0.6957546329281699693, 1.000000000000000000),
 ( 1.000000000000000000, 0.6983147694825172502, 1.000000000000000000),
 ( 1.000000000000000000, 0.6996153235594062547, 1.000000000000000000),
 ( 1.000000000000000000, 0.7032135006241219122, 1.000000000000000000),
 ( 1.000000000000000000, 0.7051965670127711139, 1.000000000000000000),
 ( 1.000000000000000000, 0.7062502353816337841, 1.000000000000000000) ) ) 
 REPRESENTATION_ITEM ( '' )  SURFACE ( )  );
#2038 = CARTESIAN_POINT ( 'NONE',  ( -44.43874998241960839, -10.00000000000000711, 10.34999999999999787 ) ) ;
#2039 = ORIENTED_EDGE ( 'NONE', *, *, #730, .T. ) ;
#2040 = EDGE_CURVE ( 'NONE', #2559, #1246, #2813, .T. ) ;
#2041 = CARTESIAN_POINT ( 'NONE',  ( -2.353570683016147136, 49.99473840270020730, 17.29923146670951439 ) ) ;
#2042 = CARTESIAN_POINT ( 'NONE',  ( 49.45771911054151815, 7.679201388631711644, 7.699295351095010176 ) ) ;
#2043 = VERTEX_POINT ( 'NONE', #4152 ) ;
#2044 = EDGE_CURVE ( 'NONE', #1941, #926, #995, .T. ) ;
#2045 = VERTEX_POINT ( 'NONE', #3003 ) ;
#2046 = CARTESIAN_POINT ( 'NONE',  ( -0.6576938554999994802, -50.04653162672271094, 17.68710168293284113 ) ) ;
#2047 = CARTESIAN_POINT ( 'NONE',  ( 49.24221380565580120, 0.6254517425865159241, 14.10215937474354675 ) ) ;
#2048 = APPLICATION_CONTEXT ( 'automotive_design' ) ;
#2049 = CARTESIAN_POINT ( 'NONE',  ( -50.04667816164564442, 0.5766324519660274150, 18.53970445202304163 ) ) ;
#2050 = CARTESIAN_POINT ( 'NONE',  ( -1.403773625024790306, 50.03052830030174647, 13.57342057409380409 ) ) ;
#2051 = CARTESIAN_POINT ( 'NONE',  ( 2.994678959731756240, 44.50607404799428224, 1.694065894508600678E-18 ) ) ;
#2052 = ORIENTED_EDGE ( 'NONE', *, *, #3014, .T. ) ;
#2053 = CARTESIAN_POINT ( 'NONE',  ( 50.02252790261822213, 1.849371135673227418, 15.44753830551547935 ) ) ;
#2054 = DIRECTION ( 'NONE',  ( -0.000000000000000000, -0.000000000000000000, -1.000000000000000000 ) ) ;
#2055 = CARTESIAN_POINT ( 'NONE',  ( -50.03258696967115782, -1.464677769859361156, 14.68316138301748630 ) ) ;
#2056 = CARTESIAN_POINT ( 'NONE',  ( -49.97589146781698588, -2.722671846292501030, 15.52617263201597275 ) ) ;
#2057 = VERTEX_POINT ( 'NONE', #609 ) ;
#2058 = EDGE_CURVE ( 'NONE', #4141, #1101, #561, .T. ) ;
#2059 = CARTESIAN_POINT ( 'NONE',  ( 49.18005441186710414, -1.846569464350492629, 16.36421739817694743 ) ) ;
#2060 = DIRECTION ( 'NONE',  ( -1.000000000000000000, 0.000000000000000000, 0.000000000000000000 ) ) ;
#2061 = CYLINDRICAL_SURFACE ( 'NONE', #1472, 3.000000000000000888 ) ;
#2062 = CARTESIAN_POINT ( 'NONE',  ( -2.098364288519587006, 50.00614766775481002, 14.15144482860364228 ) ) ;
#2063 = DIRECTION ( 'NONE',  ( -1.000000000000000000, 0.000000000000000000, 0.000000000000000000 ) ) ;
#2064 = CARTESIAN_POINT ( 'NONE',  ( 1.185789904816809903, 49.22137652054303203, 17.38970125242062892 ) ) ;
#2065 = EDGE_LOOP ( 'NONE', ( #668, #3803, #1196, #1233 ) ) ;
#2066 = CIRCLE ( 'NONE', #2316, 50.05000000000000426 ) ;
#2067 = VECTOR ( 'NONE', #2138, 1000.000000000000000 ) ;
#2068 = ADVANCED_FACE ( 'NONE', ( #2540 ), #2179, .F. ) ;
#2069 = VECTOR ( 'NONE', #3871, 1000.000000000000000 ) ;
#2070 = EDGE_CURVE ( 'NONE', #913, #2108, #4563, .T. ) ;
#2071 = CARTESIAN_POINT ( 'NONE',  ( 2.730743374470849361, 49.97546035115991003, 16.21818356083677415 ) ) ;
#2072 = CARTESIAN_POINT ( 'NONE',  ( 49.68905815166957041, 6.000000000000004441, 10.40000000000000036 ) ) ;
#2073 = ORIENTED_EDGE ( 'NONE', *, *, #2170, .T. ) ;
#2074 = ORIENTED_EDGE ( 'NONE', *, *, #3115, .T. ) ;
#2075 = CARTESIAN_POINT ( 'NONE',  ( 1.149438421682476008, -50.03924647379136559, 17.41834325541086415 ) ) ;
#2076 = CARTESIAN_POINT ( 'NONE',  ( 49.23202909357943469, 0.9411821728063324288, 14.24543455583070894 ) ) ;
#2077 = CARTESIAN_POINT ( 'NONE',  ( 0.02870363439520929455, 49.25025719600652963, 13.99668114495611526 ) ) ;
#2078 = CARTESIAN_POINT ( 'NONE',  ( -2.481698544337434420, 49.98847992040752075, 14.73476531156482139 ) ) ;
#2079 = CARTESIAN_POINT ( 'NONE',  ( 40.68905815166956330, 2.314123766397086009E-15, 17.80000000000000071 ) ) ;
#2080 = ORIENTED_EDGE ( 'NONE', *, *, #4269, .T. ) ;
#2081 = CARTESIAN_POINT ( 'NONE',  ( 49.19116345153357628, 1.694293348758838080, 16.76890624622085468 ) ) ;
#2082 = CARTESIAN_POINT ( 'NONE',  ( 44.68964868481911168, 8.813289815228342761, 7.399999999999999467 ) ) ;
#2083 = CARTESIAN_POINT ( 'NONE',  ( -49.22584911896205995, -1.098733757251606047, 17.46717980760939071 ) ) ;
#2084 = CARTESIAN_POINT ( 'NONE',  ( -50.04215778526058500, -0.8990971580724356205, 13.34386078467155379 ) ) ;
#2085 = ORIENTED_EDGE ( 'NONE', *, *, #2305, .T. ) ;
#2086 = CIRCLE ( 'NONE', #3399, 26.00000000000000355 ) ;
#2087 = CARTESIAN_POINT ( 'NONE',  ( 49.19335386534183385, -1.663123077450944232, 16.82702867943401159 ) ) ;
#2088 = ORIENTED_EDGE ( 'NONE', *, *, #2418, .F. ) ;
#2089 = AXIS2_PLACEMENT_3D ( 'NONE', #270, #2622, #3437 ) ;
#2090 = CARTESIAN_POINT ( 'NONE',  ( -7.030567181065637377E-15, -1.590769094821261254E-15, 21.60000000000000142 ) ) ;
#2091 = FACE_OUTER_BOUND ( 'NONE', #304, .T. ) ;
#2092 = CARTESIAN_POINT ( 'NONE',  ( 7.030567181065637377E-15, 9.000000000000005329, 7.400000000000000355 ) ) ;
#2093 = CARTESIAN_POINT ( 'NONE',  ( 1.892326701108396847, 50.02128936739237020, 16.10965450718554237 ) ) ;
#2094 = ORIENTED_EDGE ( 'NONE', *, *, #3816, .F. ) ;
#2095 = VECTOR ( 'NONE', #3415, 1000.000000000000000 ) ;
#2096 = CYLINDRICAL_SURFACE ( 'NONE', #3513, 3.000000000000000000 ) ;
#2097 = CARTESIAN_POINT ( 'NONE',  ( 2.106843152333857994, 46.26521133956566700, 3.200000000000000178 ) ) ;
#2098 = ORIENTED_EDGE ( 'NONE', *, *, #2760, .T. ) ;
#2099 = EDGE_CURVE ( 'NONE', #1447, #4296, #160, .T. ) ;
#2101 = EDGE_LOOP ( 'NONE', ( #4690, #799, #3493, #2530 ) ) ;
#2100 =( BOUNDED_CURVE ( )  B_SPLINE_CURVE ( 3, ( #4723, #2748, #1587, #4803 ),
 .UNSPECIFIED., .F., .F. ) 
 B_SPLINE_CURVE_WITH_KNOTS ( ( 4, 4 ),
 ( 4.712388980384689674, 6.283185307179586232 ),
 .UNSPECIFIED. ) 
 CURVE ( )  GEOMETRIC_REPRESENTATION_ITEM ( )  RATIONAL_B_SPLINE_CURVE ( ( 1.000000000000000000, 0.8047378541243649375, 0.8047378541243649375, 1.000000000000000000 ) ) 
 REPRESENTATION_ITEM ( '' )  );
#2102 = CARTESIAN_POINT ( 'NONE',  ( -1.281251221204480428, -49.21648769621219088, 17.30854577150626383 ) ) ;
#2103 = CARTESIAN_POINT ( 'NONE',  ( 46.20076976453467665, 6.000000000000003553, 8.892253753239591774 ) ) ;
#2104 = CARTESIAN_POINT ( 'NONE',  ( -49.98830484516069106, 2.485201225674693148, 17.05784011280650958 ) ) ;
#2105 = CARTESIAN_POINT ( 'NONE',  ( -49.24673106620860352, -0.3993041351153283625, 14.04243271785924385 ) ) ;
#2106 = ADVANCED_FACE ( 'NONE', ( #3770 ), #2924, .F. ) ;
#2107 = CARTESIAN_POINT ( 'NONE',  ( 6.000000000000163425, 48.88315149414977867, 22.39999999999999858 ) ) ;
#2108 = VERTEX_POINT ( 'NONE', #3467 ) ;
#2109 = CARTESIAN_POINT ( 'NONE',  ( 49.19536891003865264, 1.633470113448389993, 16.87830615295981218 ) ) ;
#2110 = CARTESIAN_POINT ( 'NONE',  ( -6.000000000000512479, -49.68905815166950646, 22.39999999999999858 ) ) ;
#2111 = EDGE_CURVE ( 'NONE', #4289, #1140, #2925, .T. ) ;
#2112 = CARTESIAN_POINT ( 'NONE',  ( -49.17859001248483253, -1.865887537246572858, 15.52332640731092717 ) ) ;
#2113 = CARTESIAN_POINT ( 'NONE',  ( 1.486905836551550459E-15, -6.000000000000004441, 22.39999999999999858 ) ) ;
#2114 = VECTOR ( 'NONE', #4994, 1000.000000000000000 ) ;
#2115 = CARTESIAN_POINT ( 'NONE',  ( 50.02398496671045081, -1.798199325711654417, 15.27416661813040655 ) ) ;
#2116 = FACE_BOUND ( 'NONE', #1879, .T. ) ;
#2117 = CARTESIAN_POINT ( 'NONE',  ( 49.97459024533534233, 2.746422834645638300, 15.76584654426709342 ) ) ;
#2118 = CARTESIAN_POINT ( 'NONE',  ( 1.641956628195637036, 50.02820496714713983, 14.93578316951611029 ) ) ;
#2119 = CARTESIAN_POINT ( 'NONE',  ( 10.00000000000000000, 44.43874998241961549, 12.75000000000000000 ) ) ;
#2120 = AXIS2_PLACEMENT_3D ( 'NONE', #974, #2492, #3719 ) ;
#2121 = ORIENTED_EDGE ( 'NONE', *, *, #4882, .T. ) ;
#2122 = VECTOR ( 'NONE', #170, 1000.000000000000000 ) ;
#2123 = CARTESIAN_POINT ( 'NONE',  ( 6.000000000000158984, 47.70851601129506747, 15.75000000000000000 ) ) ;
#2124 = CARTESIAN_POINT ( 'NONE',  ( -6.000000000000369482, -35.68905815166950646, 15.75000000000000000 ) ) ;
#2125 = DIRECTION ( 'NONE',  ( 0.2127019323094420100, 0.01141033121619387629, 0.9770505065416866808 ) ) ;
#2126 = ORIENTED_EDGE ( 'NONE', *, *, #2797, .F. ) ;
#2127 = VERTEX_POINT ( 'NONE', #1169 ) ;
#2128 = CARTESIAN_POINT ( 'NONE',  ( 0.8373179938972190595, -50.04327228292903840, 18.47722476159005112 ) ) ;
#2129 = DIRECTION ( 'NONE',  ( 1.000000000000000000, -1.776356839400250465E-15, 0.000000000000000000 ) ) ;
#2130 = CARTESIAN_POINT ( 'NONE',  ( -1.815493519600086092, 49.18241562960090363, 15.32789818776724289 ) ) ;
#2131 = CARTESIAN_POINT ( 'NONE',  ( 53.80000000000000426, 2.314123766397086009E-15, 15.90000000000000036 ) ) ;
#2132 = CARTESIAN_POINT ( 'NONE',  ( 6.000000000000166089, 49.68905815166953488, 21.70603902178096334 ) ) ;
#2133 = ORIENTED_EDGE ( 'NONE', *, *, #3197, .F. ) ;
#2134 = EDGE_CURVE ( 'NONE', #4486, #2486, #766, .T. ) ;
#2135 = CARTESIAN_POINT ( 'NONE',  ( 50.02112234099906374, 1.897966608038254233, 16.04972327797021592 ) ) ;
#2136 = CARTESIAN_POINT ( 'NONE',  ( 8.627905400467446029, -44.72579593317491486, 7.417279921879751825 ) ) ;
#2137 = CARTESIAN_POINT ( 'NONE',  ( -49.17581628917640302, -1.901549696468787465, 15.98647963974159047 ) ) ;
#2138 = DIRECTION ( 'NONE',  ( 1.000000000000000000, 2.478176394252582127E-16, 0.000000000000000000 ) ) ;
#2139 = B_SPLINE_CURVE_WITH_KNOTS ( 'NONE', 3,
 ( #4935, #2976, #1382, #2951, #2105 ),
 .UNSPECIFIED., .F., .F.,
 ( 4, 1, 4 ),
 ( 0.000000000000000000, 0.0002007828514796850894, 0.0004015657029593702873 ),
 .UNSPECIFIED. ) ;
#2140 = CARTESIAN_POINT ( 'NONE',  ( 50.00634027923224778, -2.093811366087746428, 17.65388242200866742 ) ) ;
#2141 = DIRECTION ( 'NONE',  ( -2.342176784895722760E-16, 1.000000000000000000, 0.000000000000000000 ) ) ;
#2142 = FACE_OUTER_BOUND ( 'NONE', #4699, .T. ) ;
#2143 = CARTESIAN_POINT ( 'NONE',  ( 1.791515509180972909, 49.18420631637528828, 15.25517887246083859 ) ) ;
#2144 = CARTESIAN_POINT ( 'NONE',  ( -1.628814032050283966, -50.02371501105163532, 13.72011281297023366 ) ) ;
#2145 = ORIENTED_EDGE ( 'NONE', *, *, #3978, .T. ) ;
#2146 = EDGE_CURVE ( 'NONE', #1292, #902, #1002, .T. ) ;
#2147 = CARTESIAN_POINT ( 'NONE',  ( -46.20076976453467665, 5.999999999999992006, 14.24225375323960030 ) ) ;
#2148 = CARTESIAN_POINT ( 'NONE',  ( -3.252606517456513302E-16, 47.40652577362288156, 3.200000000000000178 ) ) ;
#2149 = ORIENTED_EDGE ( 'NONE', *, *, #973, .T. ) ;
#2150 = ORIENTED_EDGE ( 'NONE', *, *, #3492, .T. ) ;
#2151 = FACE_OUTER_BOUND ( 'NONE', #3095, .T. ) ;
#2152 = CARTESIAN_POINT ( 'NONE',  ( 44.43874998241960839, -10.00000000000000711, 12.75000000000000000 ) ) ;
#2153 = CARTESIAN_POINT ( 'NONE',  ( -50.01607981757743460, 1.846549432852827799, 17.90482285935058826 ) ) ;
#2154 = CARTESIAN_POINT ( 'NONE',  ( -48.88315149414979999, -6.000000000000004441, 22.39999999999999858 ) ) ;
#2155 = CARTESIAN_POINT ( 'NONE',  ( -3.149807816559536011, -43.03488364941561883, 0.000000000000000000 ) ) ;
#2156 = ORIENTED_EDGE ( 'NONE', *, *, #3077, .T. ) ;
#2157 = CARTESIAN_POINT ( 'NONE',  ( 50.04930464797701717, 0.3176635223959300425, 18.58767892285588275 ) ) ;
#2158 = CARTESIAN_POINT ( 'NONE',  ( -49.40013262277139461, -8.041331384602010246, 7.550566888263505305 ) ) ;
#2159 = CARTESIAN_POINT ( 'NONE',  ( -50.04193629590857029, -0.9948698854521487167, 14.27631455052183185 ) ) ;
#2160 = CARTESIAN_POINT ( 'NONE',  ( 1.722318446645846768, -49.18918974737459848, 15.08824871858532646 ) ) ;
#2161 = EDGE_CURVE ( 'NONE', #276, #724, #1741, .T. ) ;
#2162 = ORIENTED_EDGE ( 'NONE', *, *, #3816, .T. ) ;
#2163 = EDGE_CURVE ( 'NONE', #1084, #273, #2734, .T. ) ;
#2164 = CARTESIAN_POINT ( 'NONE',  ( 49.97602724837000210, -2.720406607070434024, 15.50618057612153677 ) ) ;
#2165 = CARTESIAN_POINT ( 'NONE',  ( 3.146085575092232745, -43.50489301306120637, 3.199999999999999289 ) ) ;
#2166 = CARTESIAN_POINT ( 'NONE',  ( 49.98164787016192889, 2.615684623308156098, 15.06547692478026867 ) ) ;
#2167 = CYLINDRICAL_SURFACE ( 'NONE', #4660, 2.999999999999999112 ) ;
#2168 = CARTESIAN_POINT ( 'NONE',  ( 2.088359782746672444, -50.00656838487255129, 14.13987937885307389 ) ) ;
#2169 = ORIENTED_EDGE ( 'NONE', *, *, #3804, .T. ) ;
#2170 = EDGE_CURVE ( 'NONE', #1413, #3720, #1988, .T. ) ;
#2171 = DIRECTION ( 'NONE',  ( 1.000000000000000000, 0.000000000000000000, 0.000000000000000000 ) ) ;
#2172 = EDGE_CURVE ( 'NONE', #2417, #1277, #2700, .T. ) ;
#2173 = FACE_OUTER_BOUND ( 'NONE', #4092, .T. ) ;
#2174 = CIRCLE ( 'NONE', #4798, 45.54999999999999716 ) ;
#2175 = EDGE_LOOP ( 'NONE', ( #4890, #4768, #344, #1769, #1161 ) ) ;
#2176 = LINE ( 'NONE', #3406, #1423 ) ;
#2177 = CARTESIAN_POINT ( 'NONE',  ( 0.000000000000000000, 0.000000000000000000, 10.34999999999999787 ) ) ;
#2178 = DIRECTION ( 'NONE',  ( 0.000000000000000000, 0.000000000000000000, 1.000000000000000000 ) ) ;
#2179 = CYLINDRICAL_SURFACE ( 'NONE', #2241, 1.899999999999999023 ) ;
#2180 = CARTESIAN_POINT ( 'NONE',  ( 6.000000000000166978, 49.66793714652349934, 21.81011177045875016 ) ) ;
#2181 = ORIENTED_EDGE ( 'NONE', *, *, #2327, .T. ) ;
#2182 = B_SPLINE_CURVE_WITH_KNOTS ( 'NONE', 3,
 ( #2022, #2339, #3905, #3521, #5090, #1568 ),
 .UNSPECIFIED., .F., .F.,
 ( 4, 2, 4 ),
 ( 0.008027141475313165353, 0.008318531649236782927, 0.008609921823160402235 ),
 .UNSPECIFIED. ) ;
#2183 = ORIENTED_EDGE ( 'NONE', *, *, #592, .T. ) ;
#2184 = LINE ( 'NONE', #4187, #2357 ) ;
#2185 = CARTESIAN_POINT ( 'NONE',  ( 6.962258785693891561, -45.04001278136642128, 7.731496770071229818 ) ) ;
#2186 = CARTESIAN_POINT ( 'NONE',  ( -49.23483845438801154, -0.8673748792569572208, 14.20501239070900290 ) ) ;
#2187 = FACE_BOUND ( 'NONE', #198, .T. ) ;
#2188 = CARTESIAN_POINT ( 'NONE',  ( 2.668242542667324635, 49.97883558142963523, 16.55390203231892698 ) ) ;
#2189 = DIRECTION ( 'NONE',  ( -0.000000000000000000, -0.000000000000000000, -1.000000000000000000 ) ) ;
#2190 = CARTESIAN_POINT ( 'NONE',  ( -8.041331384601843268, 49.40013262277143724, 7.550566888263507082 ) ) ;
#2191 = DIRECTION ( 'NONE',  ( -3.491481338843133355E-15, -1.000000000000000000, 0.000000000000000000 ) ) ;
#2192 = DIRECTION ( 'NONE',  ( 1.047444401652940007E-14, 1.000000000000000000, -0.000000000000000000 ) ) ;
#2193 = CARTESIAN_POINT ( 'NONE',  ( -2.586397816113359394, -49.98317951328937170, 14.98132682988069675 ) ) ;
#2194 = EDGE_LOOP ( 'NONE', ( #4069, #1764, #423, #1642 ) ) ;
#2195 = CYLINDRICAL_SURFACE ( 'NONE', #4255, 1.900000000000000577 ) ;
#2196 = VECTOR ( 'NONE', #4443, 1000.000000000000000 ) ;
#2197 = DIRECTION ( 'NONE',  ( 1.000000000000000000, 0.000000000000000000, 0.000000000000000000 ) ) ;
#2198 = VERTEX_POINT ( 'NONE', #354 ) ;
#2199 = AXIS2_PLACEMENT_3D ( 'NONE', #2483, #3658, #4853 ) ;
#2200 = EDGE_CURVE ( 'NONE', #2006, #3610, #1144, .T. ) ;
#2201 = CARTESIAN_POINT ( 'NONE',  ( -44.43874998241960839, -10.00000000000000711, -38.35374729631401891 ) ) ;
#2202 = CARTESIAN_POINT ( 'NONE',  ( 2.150591194361672009, -50.00388003049087615, 17.58611037294620161 ) ) ;
#2203 = CARTESIAN_POINT ( 'NONE',  ( -1.899999999999814504, 53.80000000000019611, 15.90000000000000036 ) ) ;
#2204 = CARTESIAN_POINT ( 'NONE',  ( 8.443872296600973826, -44.76051296219351627, 12.80199695089834755 ) ) ;
#2205 = CARTESIAN_POINT ( 'NONE',  ( 1.292458587236132495, -49.21587250458039620, 17.29745498316238539 ) ) ;
#2206 = ORIENTED_EDGE ( 'NONE', *, *, #4592, .T. ) ;
#2207 = EDGE_LOOP ( 'NONE', ( #2753, #1782, #5042, #2886 ) ) ;
#2208 = CARTESIAN_POINT ( 'NONE',  ( 49.23515797892977730, 0.8751552159264406328, 14.19524801168586947 ) ) ;
#2209 = DIRECTION ( 'NONE',  ( 3.491481338843133355E-15, 1.000000000000000000, -0.000000000000000000 ) ) ;
#2210 = DIRECTION ( 'NONE',  ( 0.000000000000000000, 0.000000000000000000, 1.000000000000000000 ) ) ;
#2211 = CARTESIAN_POINT ( 'NONE',  ( 1.590769094821236799E-15, -7.030567181065643688E-15, 22.39999999999999858 ) ) ;
#2212 = CARTESIAN_POINT ( 'NONE',  ( 0.4102508577055364869, 50.04862407195405893, 18.57545237568398377 ) ) ;
#2213 = ORIENTED_EDGE ( 'NONE', *, *, #2163, .F. ) ;
#2214 = CARTESIAN_POINT ( 'NONE',  ( -1.870951056018064440, 49.17818754613566767, 16.23785604258870308 ) ) ;
#2215 = PLANE ( 'NONE',  #1934 ) ;
#2216 = CARTESIAN_POINT ( 'NONE',  ( 9.000000000000110134, 32.68905815166952777, 12.75000000000000000 ) ) ;
#2217 = CARTESIAN_POINT ( 'NONE',  ( -49.24673125796299900, 0.3992924238185600050, 17.75756979957176895 ) ) ;
#2218 = CARTESIAN_POINT ( 'NONE',  ( -1.169744575274175968, -50.03660747546310716, 13.45127666699806568 ) ) ;
#2219 = EDGE_CURVE ( 'NONE', #5035, #2568, #508, .T. ) ;
#2220 = ORIENTED_EDGE ( 'NONE', *, *, #2418, .T. ) ;
#2221 = EDGE_CURVE ( 'NONE', #4495, #3231, #1167, .T. ) ;
#2222 = CARTESIAN_POINT ( 'NONE',  ( -50.04349483044139646, 0.8216952472120128137, 13.31874178552026855 ) ) ;
#2223 = CYLINDRICAL_SURFACE ( 'NONE', #1580, 51.25000000000000711 ) ;
#2224 = VERTEX_POINT ( 'NONE', #2743 ) ;
#2225 = EDGE_CURVE ( 'NONE', #2946, #2288, #763, .T. ) ;
#2226 =( BOUNDED_CURVE ( )  B_SPLINE_CURVE ( 3, ( #2237, #1922, #2336, #1875 ),
 .UNSPECIFIED., .F., .T. ) 
 B_SPLINE_CURVE_WITH_KNOTS ( ( 4, 4 ),
 ( 3.328047033415127753, 4.712388980384690562 ),
 .UNSPECIFIED. ) 
 CURVE ( )  GEOMETRIC_REPRESENTATION_ITEM ( )  RATIONAL_B_SPLINE_CURVE ( ( 1.000000000000000000, 0.8465748621659205941, 0.8465748621659205941, 1.000000000000000000 ) ) 
 REPRESENTATION_ITEM ( '' )  );
#2227 = EDGE_CURVE ( 'NONE', #1344, #2258, #3570, .T. ) ;
#2228 = CARTESIAN_POINT ( 'NONE',  ( 50.05105468385842471, -0.1406468198272340653, 13.18038741715103690 ) ) ;
#2229 = CARTESIAN_POINT ( 'NONE',  ( 2.681062256846688197, -49.97813927283519320, 16.47433260623380491 ) ) ;
#2230 = DIRECTION ( 'NONE',  ( -0.000000000000000000, -1.000000000000000000, -0.000000000000000000 ) ) ;
#2231 = CARTESIAN_POINT ( 'NONE',  ( 0.000000000000000000, 0.000000000000000000, 3.200000000000000178 ) ) ;
#2232 = CARTESIAN_POINT ( 'NONE',  ( 50.01883242004907260, -1.770748391247256581, 13.83002430576146935 ) ) ;
#2233 = CARTESIAN_POINT ( 'NONE',  ( 49.17567939442329106, -1.903283681450203435, 15.93138596251687389 ) ) ;
#2234 = VERTEX_POINT ( 'NONE', #2014 ) ;
#2235 = ORIENTED_EDGE ( 'NONE', *, *, #493, .F. ) ;
#2236 = CARTESIAN_POINT ( 'NONE',  ( -7.030567181065637377E-15, -1.590769094821261254E-15, 21.60000000000000142 ) ) ;
#2237 = CARTESIAN_POINT ( 'NONE',  ( -44.76051296219343811, 8.443872296601433902, 7.451996950898348793 ) ) ;
#2238 = CARTESIAN_POINT ( 'NONE',  ( -1.590769094821187693E-15, 7.030567181065654732E-15, 22.39999999999999858 ) ) ;
#2239 = DIRECTION ( 'NONE',  ( 0.000000000000000000, 0.000000000000000000, -1.000000000000000000 ) ) ;
#2240 = CARTESIAN_POINT ( 'NONE',  ( 0.6441203142794796888, 49.24176288599251450, 17.69185294549052756 ) ) ;
#2241 = AXIS2_PLACEMENT_3D ( 'NONE', #2131, #3693, #4101 ) ;
#2242 = CARTESIAN_POINT ( 'NONE',  ( 49.24472154728172768, -0.5220325907629159712, 17.73118547605084672 ) ) ;
#2243 = DIRECTION ( 'NONE',  ( -1.000000000000000000, -2.342176784895722760E-16, 0.000000000000000000 ) ) ;
#2244 = DIRECTION ( 'NONE',  ( 1.000000000000000000, 0.000000000000000000, 0.000000000000000000 ) ) ;
#2245 = DIRECTION ( 'NONE',  ( 0.000000000000000000, 0.000000000000000000, -1.000000000000000000 ) ) ;
#2246 = LINE ( 'NONE', #2991, #525 ) ;
#2247 = ORIENTED_EDGE ( 'NONE', *, *, #3701, .T. ) ;
#2248 = CARTESIAN_POINT ( 'NONE',  ( -50.00520829253670030, 2.119303049758613167, 17.62288455528662823 ) ) ;
#2249 = CARTESIAN_POINT ( 'NONE',  ( 0.000000000000000000, 0.000000000000000000, 10.34999999999999964 ) ) ;
#2250 = ORIENTED_EDGE ( 'NONE', *, *, #4367, .T. ) ;
#2251 = DIRECTION ( 'NONE',  ( 1.000000000000000000, 0.000000000000000000, 0.000000000000000000 ) ) ;
#2252 = CARTESIAN_POINT ( 'NONE',  ( 44.43874998241961549, 10.00000000000000711, 10.34999999999999787 ) ) ;
#2253 = CARTESIAN_POINT ( 'NONE',  ( 6.155010746065001648, 49.67015404872763895, 9.427885422204550281 ) ) ;
#2254 = CIRCLE ( 'NONE', #1262, 45.54999999999999005 ) ;
#2255 = DIRECTION ( 'NONE',  ( -1.000000000000000000, 0.000000000000000000, 0.000000000000000000 ) ) ;
#2256 = CARTESIAN_POINT ( 'NONE',  ( -6.962258785694205976, 45.04001278136635023, 7.731496770071231595 ) ) ;
#2257 = DIRECTION ( 'NONE',  ( 1.000000000000000000, -0.000000000000000000, -0.000000000000000000 ) ) ;
#2258 = VERTEX_POINT ( 'NONE', #3920 ) ;
#2259 = ORIENTED_EDGE ( 'NONE', *, *, #692, .F. ) ;
#2261 = EDGE_CURVE ( 'NONE', #3441, #3732, #1965, .T. ) ;
#2260 = CARTESIAN_POINT ( 'NONE',  ( -6.399841982065598067, -49.63926632990225585, 8.890733117424263199 ) ) ;
#2262 = CARTESIAN_POINT ( 'NONE',  ( 8.999999999999536371, -44.65201563199591561, 12.75000000000001066 ) ) ;
#2263 = CARTESIAN_POINT ( 'NONE',  ( 1.900000000000169775, 49.17593415482820518, 15.90000000000000036 ) ) ;
#2264 = CARTESIAN_POINT ( 'NONE',  ( -0.1314280301712758003, -50.05015308414258612, 13.19725179325147835 ) ) ;
#2265 = CARTESIAN_POINT ( 'NONE',  ( -1.329681229584388502, 50.03256641918519421, 18.26849802799736011 ) ) ;
#2266 = B_SPLINE_CURVE_WITH_KNOTS ( 'NONE', 3,
 ( #1557, #3119, #3914, #1215, #2791 ),
 .UNSPECIFIED., .F., .F.,
 ( 4, 1, 4 ),
 ( 0.000000000000000000, 0.0002007828514796842221, 0.0004015657029593684441 ),
 .UNSPECIFIED. ) ;
#2267 = EDGE_CURVE ( 'NONE', #891, #4824, #2820, .T. ) ;
#2268 = DIRECTION ( 'NONE',  ( 1.000000000000000000, 0.000000000000000000, 0.000000000000000000 ) ) ;
#2269 = DIRECTION ( 'NONE',  ( -0.000000000000000000, -0.000000000000000000, -1.000000000000000000 ) ) ;
#2270 = CARTESIAN_POINT ( 'NONE',  ( -1.856514268871133799, -49.17928809044477845, 15.49582829208394408 ) ) ;
#2271 = CARTESIAN_POINT ( 'NONE',  ( -50.04825687629156761, -0.4754387517223563897, 17.74398847382961364 ) ) ;
#2272 = CARTESIAN_POINT ( 'NONE',  ( -49.68905815166957041, 5.999999999999992895, 10.20069501929510913 ) ) ;
#2273 = AXIS2_PLACEMENT_3D ( 'NONE', #4442, #411, #3187 ) ;
#2274 = ORIENTED_EDGE ( 'NONE', *, *, #4956, .T. ) ;
#2275 = ORIENTED_EDGE ( 'NONE', *, *, #9, .F. ) ;
#2276 = CARTESIAN_POINT ( 'NONE',  ( 9.000000000000163425, 49.23415988924760001, 7.400000000000000355 ) ) ;
#2277 = ORIENTED_EDGE ( 'NONE', *, *, #4177, .T. ) ;
#2278 = AXIS2_PLACEMENT_3D ( 'NONE', #992, #5014, #4179 ) ;
#2279 = DIRECTION ( 'NONE',  ( 1.000000000000000000, 0.000000000000000000, -0.000000000000000000 ) ) ;
#2280 = EDGE_LOOP ( 'NONE', ( #251, #1434, #813, #3281, #22, #448, #1981 ) ) ;
#2281 = CIRCLE ( 'NONE', #3673, 43.14999999999999147 ) ;
#2282 = PLANE ( 'NONE',  #1910 ) ;
#2283 = CARTESIAN_POINT ( 'NONE',  ( -0.5242782254821108934, 49.24466525343355272, 14.06956556960255433 ) ) ;
#2284 = DIRECTION ( 'NONE',  ( -1.000000000000000000, 0.000000000000000000, 0.000000000000000000 ) ) ;
#2285 = CARTESIAN_POINT ( 'NONE',  ( 49.98020211999707385, -2.642607220134927992, 15.15196140655107371 ) ) ;
#2286 = CARTESIAN_POINT ( 'NONE',  ( 0.7077002013643115541, -49.23995404503585860, 17.66704852880670984 ) ) ;
#2287 = VECTOR ( 'NONE', #3975, 1000.000000000000000 ) ;
#2288 = VERTEX_POINT ( 'NONE', #836 ) ;
#2289 = ORIENTED_EDGE ( 'NONE', *, *, #3918, .F. ) ;
#2290 = CARTESIAN_POINT ( 'NONE',  ( 49.18929098127795640, 1.720891735350842833, 15.08522362442305464 ) ) ;
#2291 = FACE_OUTER_BOUND ( 'NONE', #1092, .T. ) ;
#2292 = CARTESIAN_POINT ( 'NONE',  ( 1.202507745253757587, -50.03822937889842848, 14.42342444250592770 ) ) ;
#2293 = CARTESIAN_POINT ( 'NONE',  ( -1.711716758504485236, 50.02646940833049172, 16.76136652584154163 ) ) ;
#2294 = EDGE_LOOP ( 'NONE', ( #1185, #1395, #311, #172 ) ) ;
#2295 = EDGE_CURVE ( 'NONE', #24, #5019, #2897, .T. ) ;
#2296 = CARTESIAN_POINT ( 'NONE',  ( 10.00000000000000000, 0.000000000000000000, -38.35374729631401891 ) ) ;
#2297 = DIRECTION ( 'NONE',  ( 1.000000000000000000, -1.047444401652940007E-14, 0.000000000000000000 ) ) ;
#2298 = CARTESIAN_POINT ( 'NONE',  ( 50.02126490176180340, 1.702171568382440325, 13.77500706413381337 ) ) ;
#2299 = CARTESIAN_POINT ( 'NONE',  ( 49.30425083707591227, -8.609955037232600361, 7.419025172232384335 ) ) ;
#2300 = FACE_OUTER_BOUND ( 'NONE', #2392, .T. ) ;
#2301 = EDGE_CURVE ( 'NONE', #890, #1711, #3702, .T. ) ;
#2302 = ORIENTED_EDGE ( 'NONE', *, *, #5092, .T. ) ;
#2303 = CARTESIAN_POINT ( 'NONE',  ( 45.04001278136632891, -6.962258785694353413, 13.08149677007124012 ) ) ;
#2304 = ORIENTED_EDGE ( 'NONE', *, *, #4519, .F. ) ;
#2305 = EDGE_CURVE ( 'NONE', #5076, #4261, #262, .T. ) ;
#2306 = PLANE ( 'NONE',  #4697 ) ;
#2307 = CARTESIAN_POINT ( 'NONE',  ( -1.259889496450414370, 50.03441056803092835, 13.49496900195395810 ) ) ;
#2308 = FACE_OUTER_BOUND ( 'NONE', #3672, .T. ) ;
#2309 = CARTESIAN_POINT ( 'NONE',  ( 50.04592732159719048, -0.6622270681242942159, 13.27393124478829556 ) ) ;
#2310 = VERTEX_POINT ( 'NONE', #2945 ) ;
#2311 = ORIENTED_EDGE ( 'NONE', *, *, #2356, .T. ) ;
#2312 = FACE_OUTER_BOUND ( 'NONE', #1791, .T. ) ;
#2313 = CARTESIAN_POINT ( 'NONE',  ( 8.443872296600973826, -44.76051296219351627, 12.80199695089834755 ) ) ;
#2314 = CARTESIAN_POINT ( 'NONE',  ( -50.02335624063231023, 1.639799688434372849, 13.72805476068317354 ) ) ;
#2315 = CARTESIAN_POINT ( 'NONE',  ( -1.424494589346486428, -50.03351785858081513, 14.63633609251531098 ) ) ;
#2316 = AXIS2_PLACEMENT_3D ( 'NONE', #4483, #2588, #4536 ) ;
#2317 = ORIENTED_EDGE ( 'NONE', *, *, #718, .F. ) ;
#2318 = CARTESIAN_POINT ( 'NONE',  ( -44.43874998241961549, 9.999999999999985789, 10.34999999999999787 ) ) ;
#2319 = CARTESIAN_POINT ( 'NONE',  ( -44.65201563199583035, -9.000000000000005329, 7.400000000000000355 ) ) ;
#2320 = CARTESIAN_POINT ( 'NONE',  ( -6.000000000000512479, -49.68905815166949225, 21.70603902178096689 ) ) ;
#2321 = CARTESIAN_POINT ( 'NONE',  ( -49.67730325297929994, 6.096683242347961773, 9.619381606824084940 ) ) ;
#2322 = EDGE_CURVE ( 'NONE', #1960, #4070, #4929, .T. ) ;
#2323 = ORIENTED_EDGE ( 'NONE', *, *, #978, .T. ) ;
#2324 = EDGE_CURVE ( 'NONE', #3124, #4120, #135, .T. ) ;
#2325 = AXIS2_PLACEMENT_3D ( 'NONE', #5017, #1893, #5041 ) ;
#2326 = CARTESIAN_POINT ( 'NONE',  ( -49.97659212764074255, 2.709810431220532223, 15.44417232274953022 ) ) ;
#2327 = EDGE_CURVE ( 'NONE', #2108, #782, #1734, .T. ) ;
#2328 = CARTESIAN_POINT ( 'NONE',  ( -6.000000000000466294, -45.15310066872477535, 15.75000000000000000 ) ) ;
#2329 = EDGE_CURVE ( 'NONE', #224, #2626, #3873, .T. ) ;
#2330 = CARTESIAN_POINT ( 'NONE',  ( -5.999999999999845457, 46.20076976453469797, 14.24225375323959852 ) ) ;
#2331 = CARTESIAN_POINT ( 'NONE',  ( 50.04328950579188984, -0.8361049959340121074, 13.32246417931579785 ) ) ;
#2332 = ORIENTED_EDGE ( 'NONE', *, *, #3892, .T. ) ;
#2333 = VERTEX_POINT ( 'NONE', #1348 ) ;
#2334 = VECTOR ( 'NONE', #1714, 1000.000000000000000 ) ;
#2335 = CARTESIAN_POINT ( 'NONE',  ( -1.901933749685635666, -49.17578330530089659, 15.98931330256892025 ) ) ;
#2336 = CARTESIAN_POINT ( 'NONE',  ( -46.20076976453469086, 5.999999999999992006, 8.892253753239591774 ) ) ;
#2337 = CARTESIAN_POINT ( 'NONE',  ( -50.02347832764938573, 1.816192342220964706, 16.47137322782213786 ) ) ;
#2338 = CARTESIAN_POINT ( 'NONE',  ( 0.9977430576790551342, -50.04188924914240744, 14.27808465658084103 ) ) ;
#2339 = CARTESIAN_POINT ( 'NONE',  ( -50.04776900079152568, 0.4819571081241083577, 18.55973002598149790 ) ) ;
#2340 = VECTOR ( 'NONE', #817, 1000.000000000000000 ) ;
#2341 = ORIENTED_EDGE ( 'NONE', *, *, #2783, .F. ) ;
#2342 = DIRECTION ( 'NONE',  ( -0.000000000000000000, -0.000000000000000000, 1.000000000000000000 ) ) ;
#2343 = DIRECTION ( 'NONE',  ( 1.000000000000000000, 0.000000000000000000, 0.000000000000000000 ) ) ;
#2344 = APPLICATION_PROTOCOL_DEFINITION ( 'draft international standard', 'automotive_design', 1998, #2653 ) ;
#2345 = CARTESIAN_POINT ( 'NONE',  ( -50.02101610191509451, -1.901606483102189271, 15.80634184542446796 ) ) ;
#2346 = CARTESIAN_POINT ( 'NONE',  ( 1.815493519599744143, -49.18241562960092494, 15.32789818776724644 ) ) ;
#2347 = ORIENTED_EDGE ( 'NONE', *, *, #2477, .T. ) ;
#2348 = CIRCLE ( 'NONE', #2510, 45.54999999999999005 ) ;
#2349 = DIRECTION ( 'NONE',  ( -0.000000000000000000, -0.000000000000000000, -1.000000000000000000 ) ) ;
#2350 = EDGE_LOOP ( 'NONE', ( #726, #1670, #3460, #4972, #4544 ) ) ;
#2351 = CARTESIAN_POINT ( 'NONE',  ( 50.04667816164564442, 0.5766324519660305237, 13.26029554797696086 ) ) ;
#2352 = CARTESIAN_POINT ( 'NONE',  ( 2.642462687448381864, -49.98020993513179633, 16.64880639491619263 ) ) ;
#2353 = CARTESIAN_POINT ( 'NONE',  ( -9.000000000000369482, -35.68905815166947804, 12.75000000000000000 ) ) ;
#2354 = CARTESIAN_POINT ( 'NONE',  ( -2.994678959731756240, -44.50607404799428224, 3.200000000000000178 ) ) ;
#2355 = ORIENTED_EDGE ( 'NONE', *, *, #3277, .F. ) ;
#2356 = EDGE_CURVE ( 'NONE', #1657, #2946, #2066, .T. ) ;
#2357 = VECTOR ( 'NONE', #1844, 1000.000000000000000 ) ;
#2358 = ORIENTED_EDGE ( 'NONE', *, *, #935, .F. ) ;
#2359 = CARTESIAN_POINT ( 'NONE',  ( -1.856514268871133799, -49.17928809044477845, 15.49582829208394408 ) ) ;
#2360 = CARTESIAN_POINT ( 'NONE',  ( 49.23376618269914218, 0.8952329545526406251, 17.57986538943060495 ) ) ;
#2361 = AXIS2_PLACEMENT_3D ( 'NONE', #4074, #4887, #1355 ) ;
#2362 = CARTESIAN_POINT ( 'NONE',  ( -49.25013188420580690, 0.09429873041566090575, 13.99830690665602972 ) ) ;
#2363 = CARTESIAN_POINT ( 'NONE',  ( 0.8888420533570091653, -50.04359388053720181, 14.21587879872403093 ) ) ;
#2364 = ADVANCED_FACE ( 'NONE', ( #2173 ), #2871, .F. ) ;
#2365 = PLANE ( 'NONE',  #4999 ) ;
#2366 = ORIENTED_EDGE ( 'NONE', *, *, #4659, .T. ) ;
#2367 = VECTOR ( 'NONE', #783, 1000.000000000000000 ) ;
#2368 = CARTESIAN_POINT ( 'NONE',  ( -35.68905815166957041, -6.000000000000006217, 13.99264068711928211 ) ) ;
#2369 = CARTESIAN_POINT ( 'NONE',  ( -49.17580240385930779, -1.901688834378006732, 15.80400670332860535 ) ) ;
#2370 = CARTESIAN_POINT ( 'NONE',  ( -0.5975162471132249298, -49.24293673288294571, 14.09268934743325907 ) ) ;
#2371 = ORIENTED_EDGE ( 'NONE', *, *, #4528, .T. ) ;
#2372 = CARTESIAN_POINT ( 'NONE',  ( 53.80000000000000426, 8.179368874234021218E-15, 0.000000000000000000 ) ) ;
#2373 = EDGE_CURVE ( 'NONE', #1707, #1635, #4145, .T. ) ;
#2374 = CARTESIAN_POINT ( 'NONE',  ( 6.306927520964271672, 49.65109289586497709, 9.063462970947513853 ) ) ;
#2375 = DIRECTION ( 'NONE',  ( 1.000000000000000000, 0.000000000000000000, 0.000000000000000000 ) ) ;
#2376 = CARTESIAN_POINT ( 'NONE',  ( 8.443872296601588445, 44.76051296219340259, 141.5848555321889535 ) ) ;
#2377 = CARTESIAN_POINT ( 'NONE',  ( -49.21024452942933181, 1.394767966581768937, 17.19536669780021043 ) ) ;
#2378 = ORIENTED_EDGE ( 'NONE', *, *, #3892, .F. ) ;
#2379 = EDGE_CURVE ( 'NONE', #1453, #1711, #964, .T. ) ;
#2380 = ORIENTED_EDGE ( 'NONE', *, *, #3709, .T. ) ;
#2381 = CARTESIAN_POINT ( 'NONE',  ( -1.858560548604309748, -50.02226206886974325, 15.50522763263233372 ) ) ;
#2382 = CARTESIAN_POINT ( 'NONE',  ( 49.24673125796299900, 0.3992924238185625585, 14.04243020042823353 ) ) ;
#2383 = CARTESIAN_POINT ( 'NONE',  ( -50.05005586725086175, 0.09646661549635422717, 13.99822888273284960 ) ) ;
#2384 = CARTESIAN_POINT ( 'NONE',  ( 2.353197134806352508, 49.99475604193054323, 14.50016269059557850 ) ) ;
#2385 = DIRECTION ( 'NONE',  ( -0.000000000000000000, -0.000000000000000000, -1.000000000000000000 ) ) ;
#2386 = ORIENTED_EDGE ( 'NONE', *, *, #1245, .T. ) ;
#2387 =( BOUNDED_CURVE ( )  B_SPLINE_CURVE ( 3, ( #4581, #1823, #3751, #4471 ),
 .UNSPECIFIED., .F., .T. ) 
 B_SPLINE_CURVE_WITH_KNOTS ( ( 4, 4 ),
 ( 4.712388980384689674, 6.283185307179586232 ),
 .UNSPECIFIED. ) 
 CURVE ( )  GEOMETRIC_REPRESENTATION_ITEM ( )  RATIONAL_B_SPLINE_CURVE ( ( 1.000000000000000000, 0.8047378541243649375, 0.8047378541243649375, 1.000000000000000000 ) ) 
 REPRESENTATION_ITEM ( '' )  );
#2388 = CARTESIAN_POINT ( 'NONE',  ( 53.80000000000000426, 2.314123766397086009E-15, 15.90000000000000036 ) ) ;
#2389 = CARTESIAN_POINT ( 'NONE',  ( -49.24999999999999289, -8.964964602689362112E-13, 17.80000000000000071 ) ) ;
#2390 = CARTESIAN_POINT ( 'NONE',  ( -50.02151518459816515, -1.884589860281346674, 16.17031234697255471 ) ) ;
#2391 = CARTESIAN_POINT ( 'NONE',  ( -49.97446619206364460, -2.748708570202179846, 15.85748238194790360 ) ) ;
#2392 = EDGE_LOOP ( 'NONE', ( #5044, #1497, #3051, #3631, #1843, #3957, #2411 ) ) ;
#2393 = VECTOR ( 'NONE', #1389, 1000.000000000000000 ) ;
#2394 = CIRCLE ( 'NONE', #350, 43.14999999999999147 ) ;
#2395 = B_SPLINE_CURVE_WITH_KNOTS ( 'NONE', 3,
 ( #2905, #228, #1359, #1744, #566, #3009, #4918, #4578 ),
 .UNSPECIFIED., .F., .F.,
 ( 4, 2, 2, 4 ),
 ( 0.000000000000000000, 0.0003135887679035463671, 0.0006271775358070927342, 0.001254355071614170723 ),
 .UNSPECIFIED. ) ;
#2396 = CARTESIAN_POINT ( 'NONE',  ( -47.70851601129508879, -6.000000000000004441, 15.75000000000000000 ) ) ;
#2397 = DIRECTION ( 'NONE',  ( -1.000000000000000000, 0.000000000000000000, 0.000000000000000000 ) ) ;
#2398 = CARTESIAN_POINT ( 'NONE',  ( -1.453024296242070079, 49.20684860447524045, 14.66953524994965896 ) ) ;
#2399 = CARTESIAN_POINT ( 'NONE',  ( -7.030567181065637377E-15, -1.590769094821261254E-15, 21.60000000000000142 ) ) ;
#2400 = CARTESIAN_POINT ( 'NONE',  ( 2.028882180385830125, -50.00902666830258880, 17.72620841801385438 ) ) ;
#2401 = AXIS2_PLACEMENT_3D ( 'NONE', #370, #3101, #1120 ) ;
#2402 = ORIENTED_EDGE ( 'NONE', *, *, #4177, .F. ) ;
#2403 = CARTESIAN_POINT ( 'NONE',  ( -3.149807816559536011, -43.03488364941561883, 3.200000000000000178 ) ) ;
#2404 = VERTEX_POINT ( 'NONE', #3735 ) ;
#2405 = ORIENTED_EDGE ( 'NONE', *, *, #348, .F. ) ;
#2406 = CARTESIAN_POINT ( 'NONE',  ( -1.590769094821187693E-15, 7.030567181065654732E-15, 7.400000000000000355 ) ) ;
#2407 = CARTESIAN_POINT ( 'NONE',  ( 49.24999999999998579, 0.2341399635370551291, 17.79999999999999716 ) ) ;
#2408 = CARTESIAN_POINT ( 'NONE',  ( -49.97889611364117712, 2.667111949666959525, 16.55832890819895908 ) ) ;
#2409 = CARTESIAN_POINT ( 'NONE',  ( -2.681062256847036362, 49.97813927283517899, 16.47433260623380846 ) ) ;
#2410 = FACE_OUTER_BOUND ( 'NONE', #2793, .T. ) ;
#2411 = ORIENTED_EDGE ( 'NONE', *, *, #1663, .T. ) ;
#2412 = EDGE_CURVE ( 'NONE', #3610, #942, #2534, .T. ) ;
#2413 = CARTESIAN_POINT ( 'NONE',  ( 44.76051296219343101, 8.443872296601446337, 12.80199695089834755 ) ) ;
#2414 = CARTESIAN_POINT ( 'NONE',  ( -49.99017761247479541, -2.447390892236820825, 17.13344431046085603 ) ) ;
#2415 = CARTESIAN_POINT ( 'NONE',  ( -49.98681670723176751, -2.515265062741632196, 16.99142261635553552 ) ) ;
#2416 = AXIS2_PLACEMENT_3D ( 'NONE', #958, #907, #2063 ) ;
#2417 = VERTEX_POINT ( 'NONE', #240 ) ;
#2418 = EDGE_CURVE ( 'NONE', #402, #39, #1808, .T. ) ;
#2419 = PLANE ( 'NONE',  #643 ) ;
#2420 = CARTESIAN_POINT ( 'NONE',  ( 0.000000000000000000, 0.000000000000000000, 141.5848555321889535 ) ) ;
#2421 = EDGE_CURVE ( 'NONE', #2634, #1936, #2560, .T. ) ;
#2422 = CARTESIAN_POINT ( 'NONE',  ( -1.415983916898938766, 50.03018408964288710, 13.58055012567811382 ) ) ;
#2423 = CARTESIAN_POINT ( 'NONE',  ( 7.679201388631193836, -49.45771911054163184, 7.699295351095012840 ) ) ;
#2424 = EDGE_CURVE ( 'NONE', #1014, #2310, #2669, .T. ) ;
#2425 = CARTESIAN_POINT ( 'NONE',  ( 0.3126273300205861250, -50.04933130997210355, 18.58815159644140280 ) ) ;
#2426 = EDGE_LOOP ( 'NONE', ( #1835, #2554, #862, #4325 ) ) ;
#2427 = VECTOR ( 'NONE', #3880, 1000.000000000000000 ) ;
#2428 =( BOUNDED_CURVE ( )  B_SPLINE_CURVE ( 3, ( #3966, #1322, #551, #2124 ),
 .UNSPECIFIED., .F., .F. ) 
 B_SPLINE_CURVE_WITH_KNOTS ( ( 4, 4 ),
 ( 1.570796326794896336, 3.141592653589793116 ),
 .UNSPECIFIED. ) 
 CURVE ( )  GEOMETRIC_REPRESENTATION_ITEM ( )  RATIONAL_B_SPLINE_CURVE ( ( 1.000000000000000000, 0.8047378541243649375, 0.8047378541243649375, 1.000000000000000000 ) ) 
 REPRESENTATION_ITEM ( '' )  );
#2429 = CARTESIAN_POINT ( 'NONE',  ( -0.1359684250831725005, 50.05013118019597584, 18.60235486828597473 ) ) ;
#2430 = CARTESIAN_POINT ( 'NONE',  ( -49.17867415742759363, 1.864714059383806743, 15.46699542884536527 ) ) ;
#2431 = AXIS2_PLACEMENT_3D ( 'NONE', #3043, #2297, #5053 ) ;
#2432 = ORIENTED_EDGE ( 'NONE', *, *, #2322, .T. ) ;
#2433 = ORIENTED_EDGE ( 'NONE', *, *, #4576, .T. ) ;
#2434 = CARTESIAN_POINT ( 'NONE',  ( 1.246459188511670035, -50.03733674225771466, 17.33949516807736657 ) ) ;
#2435 = DIRECTION ( 'NONE',  ( 1.000000000000000000, 0.000000000000000000, -0.000000000000000000 ) ) ;
#2436 = CARTESIAN_POINT ( 'NONE',  ( -1.847352416859540769, 49.17999394835447902, 15.44087382259988317 ) ) ;
#2437 = CARTESIAN_POINT ( 'NONE',  ( -2.398684287830995299, 49.99258586504875979, 14.57686379848802716 ) ) ;
#2438 = CARTESIAN_POINT ( 'NONE',  ( -49.24780411165593819, 0.3337675016654383375, 17.77165465656776178 ) ) ;
#2439 = AXIS2_PLACEMENT_3D ( 'NONE', #4090, #985, #3314 ) ;
#2440 = VECTOR ( 'NONE', #873, 1000.000000000000000 ) ;
#2441 = ORIENTED_EDGE ( 'NONE', *, *, #1226, .T. ) ;
#2442 = VECTOR ( 'NONE', #4613, 1000.000000000000000 ) ;
#2443 = CARTESIAN_POINT ( 'NONE',  ( 50.03345374438715254, 1.427329586920673909, 17.16053777705573680 ) ) ;
#2444 = CARTESIAN_POINT ( 'NONE',  ( 7.030567181065637377E-15, 1.590769094821261254E-15, 2.399999999999999911 ) ) ;
#2445 = CARTESIAN_POINT ( 'NONE',  ( -50.00138861444214200, -2.207508014379916617, 14.28678413469269337 ) ) ;
#2446 = DIRECTION ( 'NONE',  ( 2.478176394252582620E-16, -1.000000000000000000, 0.000000000000000000 ) ) ;
#2447 = ORIENTED_EDGE ( 'NONE', *, *, #2481, .T. ) ;
#2448 = EDGE_CURVE ( 'NONE', #1895, #261, #4457, .T. ) ;
#2449 = ADVANCED_FACE ( 'NONE', ( #4905 ), #4202, .F. ) ;
#2450 = LINE ( 'NONE', #2007, #2367 ) ;
#2451 = FACE_OUTER_BOUND ( 'NONE', #3330, .T. ) ;
#2452 = AXIS2_PLACEMENT_3D ( 'NONE', #19, #385, #779 ) ;
#2453 = CARTESIAN_POINT ( 'NONE',  ( 0.2208718238089015795, 50.04972292141479073, 14.00865036492366578 ) ) ;
#2454 = CARTESIAN_POINT ( 'NONE',  ( 6.747984984504515005, -49.59321451291357619, 8.408309482229304521 ) ) ;
#2455 = CARTESIAN_POINT ( 'NONE',  ( -1.245735446582134864, -50.03476591439399357, 18.31215024608667363 ) ) ;
#2456 = ORIENTED_EDGE ( 'NONE', *, *, #1071, .F. ) ;
#2457 = CARTESIAN_POINT ( 'NONE',  ( 2.746357932844156302, 49.97459380665810613, 16.03755596648414183 ) ) ;
#2458 = CARTESIAN_POINT ( 'NONE',  ( 49.65099562769485431, 6.307689843926541862, 9.062095880220626398 ) ) ;
#2459 = ORIENTED_EDGE ( 'NONE', *, *, #2295, .T. ) ;
#2460 = VERTEX_POINT ( 'NONE', #4954 ) ;
#2461 = CARTESIAN_POINT ( 'NONE',  ( -0.2906890732985260573, -50.04942483125876151, 17.78189443210035492 ) ) ;
#2462 = CARTESIAN_POINT ( 'NONE',  ( 49.17632370484699322, 1.895957210385770031, 15.63581235612844189 ) ) ;
#2463 = CARTESIAN_POINT ( 'NONE',  ( -1.691615425315080135, 49.19143925801007100, 15.00461959708867532 ) ) ;
#2464 = CARTESIAN_POINT ( 'NONE',  ( -6.000000000000369482, -35.68905815166950646, 15.75000000000000000 ) ) ;
#2465 = CARTESIAN_POINT ( 'NONE',  ( -10.00000000000000000, 24.00000000000000355, -38.35374729631401891 ) ) ;
#2466 = VERTEX_POINT ( 'NONE', #265 ) ;
#2467 = CARTESIAN_POINT ( 'NONE',  ( 50.04317257514642137, 0.8433207793201291658, 18.47536434946542627 ) ) ;
#2468 = PLANE ( 'NONE',  #2273 ) ;
#2469 = CARTESIAN_POINT ( 'NONE',  ( -50.02107570532925962, -1.707745355136899734, 13.77929152064685248 ) ) ;
#2470 = CARTESIAN_POINT ( 'NONE',  ( -49.99231355031199087, -2.403400849748876134, 14.58693906656503003 ) ) ;
#2471 = VERTEX_POINT ( 'NONE', #3432 ) ;
#2472 = CARTESIAN_POINT ( 'NONE',  ( 50.02130915657560450, -1.891648067304881220, 16.11526196878699935 ) ) ;
#2473 = VERTEX_POINT ( 'NONE', #1481 ) ;
#2474 = CARTESIAN_POINT ( 'NONE',  ( 50.01628643944415131, 1.840964455096250729, 13.89021686547443046 ) ) ;
#2475 = DIRECTION ( 'NONE',  ( 1.000000000000000000, -1.047444401652940322E-14, 0.000000000000000000 ) ) ;
#2476 = CARTESIAN_POINT ( 'NONE',  ( 6.080643437823703756, -49.67948819519220649, 9.605366182599203384 ) ) ;
#2477 = EDGE_CURVE ( 'NONE', #1591, #1140, #5011, .T. ) ;
#2478 = CARTESIAN_POINT ( 'NONE',  ( -0.2133660382702228242, 49.24937449606752438, 17.79208162945626981 ) ) ;
#2479 = ORIENTED_EDGE ( 'NONE', *, *, #3639, .F. ) ;
#2480 = VECTOR ( 'NONE', #986, 1000.000000000000000 ) ;
#2481 = EDGE_CURVE ( 'NONE', #3231, #4002, #4645, .T. ) ;
#2482 = CIRCLE ( 'NONE', #1986, 0.8000000000000000444 ) ;
#2483 = CARTESIAN_POINT ( 'NONE',  ( 7.030567181065637377E-15, 1.590769094821261254E-15, 7.400000000000000355 ) ) ;
#2484 = CARTESIAN_POINT ( 'NONE',  ( -3.149807816559536899, 43.03488364941561883, 3.200000000000000178 ) ) ;
#2485 = ORIENTED_EDGE ( 'NONE', *, *, #2754, .F. ) ;
#2486 = VERTEX_POINT ( 'NONE', #3813 ) ;
#2487 = EDGE_CURVE ( 'NONE', #1047, #863, #3878, .T. ) ;
#2488 = CARTESIAN_POINT ( 'NONE',  ( -2.405037724427259160, -49.99227616573097066, 17.21157975054441636 ) ) ;
#2489 = CARTESIAN_POINT ( 'NONE',  ( 48.98918194380789259, 6.000000000000006217, 22.40000000000000213 ) ) ;
#2490 = CARTESIAN_POINT ( 'NONE',  ( -49.21662199797798820, 1.278653666313474657, 17.31080127153330750 ) ) ;
#2491 = CARTESIAN_POINT ( 'NONE',  ( 1.628814032049934690, 50.02371501105166374, 13.72011281297023899 ) ) ;
#2492 = DIRECTION ( 'NONE',  ( -1.000000000000000000, 1.047444401652940007E-14, 0.000000000000000000 ) ) ;
#2493 = ORIENTED_EDGE ( 'NONE', *, *, #4716, .T. ) ;
#2494 = CARTESIAN_POINT ( 'NONE',  ( 50.02335624063231023, 1.639799688434494085, 18.07194523931682539 ) ) ;
#2495 = DIRECTION ( 'NONE',  ( 1.000000000000000000, -1.047444401652940007E-14, 0.000000000000000000 ) ) ;
#2496 = LINE ( 'NONE', #2882, #4327 ) ;
#2497 = CARTESIAN_POINT ( 'NONE',  ( 2.230358754827325098E-15, -9.000000000000005329, 15.75000000000000000 ) ) ;
#2498 = CARTESIAN_POINT ( 'NONE',  ( 50.04439703595340916, -0.8321102694108758469, 14.18717182711602476 ) ) ;
#2499 = CYLINDRICAL_SURFACE ( 'NONE', #1536, 2.999999999999999112 ) ;
#2500 = VECTOR ( 'NONE', #1813, 1000.000000000000000 ) ;
#2501 = CARTESIAN_POINT ( 'NONE',  ( 50.05013792468605516, 0.1355738177888477780, 18.60247597198593539 ) ) ;
#2502 = CARTESIAN_POINT ( 'NONE',  ( 0.000000000000000000, 0.000000000000000000, 10.34999999999999964 ) ) ;
#2503 = LINE ( 'NONE', #2010, #1267 ) ;
#2504 = ORIENTED_EDGE ( 'NONE', *, *, #2373, .F. ) ;
#2505 = CARTESIAN_POINT ( 'NONE',  ( 2.614483840353273525, 49.98171139074233338, 16.73829121147835153 ) ) ;
#2506 = CARTESIAN_POINT ( 'NONE',  ( -49.20774363138266949, 1.437083759288100948, 14.65175100080441162 ) ) ;
#2507 = ORIENTED_EDGE ( 'NONE', *, *, #2099, .F. ) ;
#2508 = EDGE_CURVE ( 'NONE', #724, #915, #7, .T. ) ;
#2509 = ORIENTED_EDGE ( 'NONE', *, *, #4684, .F. ) ;
#2510 = AXIS2_PLACEMENT_3D ( 'NONE', #3837, #2269, #4248 ) ;
#2511 = CARTESIAN_POINT ( 'NONE',  ( 0.08998876814395935508, -49.25015032740695631, 17.80192995080692597 ) ) ;
#2512 = CARTESIAN_POINT ( 'NONE',  ( 44.65201563199583745, -8.999999999999994671, 7.400000000000000355 ) ) ;
#2513 = CARTESIAN_POINT ( 'NONE',  ( -50.04257891911881728, 0.9324110259035468529, 18.46445074966130662 ) ) ;
#2514 = DIRECTION ( 'NONE',  ( 0.000000000000000000, 0.000000000000000000, 1.000000000000000000 ) ) ;
#2515 = ADVANCED_FACE ( 'NONE', ( #4618 ), #2223, .T. ) ;
#2516 = DIRECTION ( 'NONE',  ( 0.000000000000000000, 1.000000000000000000, 0.000000000000000000 ) ) ;
#2517 = ORIENTED_EDGE ( 'NONE', *, *, #4369, .F. ) ;
#2519 = EDGE_CURVE ( 'NONE', #1871, #124, #4256, .T. ) ;
#2518 = CARTESIAN_POINT ( 'NONE',  ( 50.03644154761969531, 1.176787395563683170, 18.34544999510449514 ) ) ;
#2520 = CARTESIAN_POINT ( 'NONE',  ( -49.36899618711918691, -8.230549163176375416, 7.493882910677262643 ) ) ;
#2521 = VECTOR ( 'NONE', #2773, 1000.000000000000000 ) ;
#2522 = CARTESIAN_POINT ( 'NONE',  ( -51.25000000000000000, 1.590769094821261254E-15, 2.399999999999999911 ) ) ;
#2523 = CARTESIAN_POINT ( 'NONE',  ( 1.909816154253693554, -50.02079209523242298, 16.05332174549719326 ) ) ;
#2524 = AXIS2_PLACEMENT_3D ( 'NONE', #3510, #3147, #4280 ) ;
#2525 = CARTESIAN_POINT ( 'NONE',  ( 49.20703813721097220, -1.449871599888446383, 17.13421355671756174 ) ) ;
#2526 = CARTESIAN_POINT ( 'NONE',  ( -50.04667796677646407, -0.5766493646680183049, 13.26029912537892308 ) ) ;
#2527 = CARTESIAN_POINT ( 'NONE',  ( 50.04870359409127190, -0.4008477005786496017, 18.57688729626164559 ) ) ;
#2528 = CARTESIAN_POINT ( 'NONE',  ( 9.000000000000005329, -9.426999614876463846E-14, 15.75000000000000000 ) ) ;
#2529 = FACE_OUTER_BOUND ( 'NONE', #83, .T. ) ;
#2530 = ORIENTED_EDGE ( 'NONE', *, *, #4204, .T. ) ;
#2531 = ADVANCED_FACE ( 'NONE', ( #1937 ), #4446, .T. ) ;
#2532 = DIRECTION ( 'NONE',  ( 1.000000000000000000, -0.000000000000000000, -0.000000000000000000 ) ) ;
#2533 = CARTESIAN_POINT ( 'NONE',  ( -0.3126273300209350126, 50.04933130997210355, 18.58815159644140280 ) ) ;
#2534 = LINE ( 'NONE', #189, #424 ) ;
#2535 = ORIENTED_EDGE ( 'NONE', *, *, #2163, .T. ) ;
#2536 = ORIENTED_EDGE ( 'NONE', *, *, #1690, .T. ) ;
#2537 = CARTESIAN_POINT ( 'NONE',  ( -0.6441203142796761982, -49.24176288599190343, 17.69185294549058796 ) ) ;
#2538 = DIRECTION ( 'NONE',  ( 0.000000000000000000, -0.2101539072729271818, 0.9776683155640883971 ) ) ;
#2539 = CARTESIAN_POINT ( 'NONE',  ( 1.856514268870790296, 49.17928809044479266, 15.49582829208394408 ) ) ;
#2540 = FACE_OUTER_BOUND ( 'NONE', #1054, .T. ) ;
#2541 = PLANE ( 'NONE',  #2619 ) ;
#2542 = ADVANCED_FACE ( 'NONE', ( #1861 ), #744, .F. ) ;
#2543 = EDGE_LOOP ( 'NONE', ( #1902, #526, #1315, #3083, #2441, #4357, #1652, #3226 ) ) ;
#2544 = CARTESIAN_POINT ( 'NONE',  ( 49.17723275003974948, 1.883463929538599313, 16.17914450243441493 ) ) ;
#2545 = CARTESIAN_POINT ( 'NONE',  ( -49.30407481462358987, -8.610919272949523418, 7.419029132148368788 ) ) ;
#2546 = ADVANCED_FACE ( 'NONE', ( #685 ), #2306, .T. ) ;
#2547 = CARTESIAN_POINT ( 'NONE',  ( -50.04777318656158513, -0.5334369408899636289, 14.07187693610099188 ) ) ;
#2548 = LINE ( 'NONE', #3389, #2067 ) ;
#2549 = CARTESIAN_POINT ( 'NONE',  ( 49.23660983300680272, -0.8162622930100850160, 14.17981489566590980 ) ) ;
#2550 = DIRECTION ( 'NONE',  ( -1.000000000000000000, 0.000000000000000000, -0.000000000000000000 ) ) ;
#2551 = FACE_BOUND ( 'NONE', #1665, .T. ) ;
#2552 = DIRECTION ( 'NONE',  ( -0.000000000000000000, -0.000000000000000000, -1.000000000000000000 ) ) ;
#2553 = CARTESIAN_POINT ( 'NONE',  ( -2.681058570386108730, -49.97813947059412953, 15.32565073085612894 ) ) ;
#2554 = ORIENTED_EDGE ( 'NONE', *, *, #1302, .T. ) ;
#2555 = CARTESIAN_POINT ( 'NONE',  ( -1.590769094821187693E-15, 7.030567181065654732E-15, 21.60000000000000142 ) ) ;
#2556 = VECTOR ( 'NONE', #4407, 1000.000000000000000 ) ;
#2557 = VECTOR ( 'NONE', #3011, 1000.000000000000000 ) ;
#2558 = CARTESIAN_POINT ( 'NONE',  ( -3.146085578794156401, 43.50489298858211384, 3.199999999999999734 ) ) ;
#2559 = VERTEX_POINT ( 'NONE', #1069 ) ;
#2560 = CIRCLE ( 'NONE', #3374, 0.7999999999999999334 ) ;
#2561 = AXIS2_PLACEMENT_3D ( 'NONE', #1411, #4867, #1338 ) ;
#2562 = CARTESIAN_POINT ( 'NONE',  ( 0.000000000000000000, 0.000000000000000000, 12.75000000000000000 ) ) ;
#2563 = CARTESIAN_POINT ( 'NONE',  ( -4.238811379285749856E-13, -40.68905815166956330, 15.90000000000000036 ) ) ;
#2564 = CARTESIAN_POINT ( 'NONE',  ( 44.72579593317484381, -8.627905400467909658, 7.417279921879750937 ) ) ;
#2565 = FACE_OUTER_BOUND ( 'NONE', #1615, .T. ) ;
#2566 = DIRECTION ( 'NONE',  ( -1.000000000000000000, -2.342176784895722760E-16, 0.000000000000000000 ) ) ;
#2567 = CARTESIAN_POINT ( 'NONE',  ( 0.000000000000000000, 0.000000000000000000, 12.75000000000000000 ) ) ;
#2568 = VERTEX_POINT ( 'NONE', #4175 ) ;
#2569 = AXIS2_PLACEMENT_3D ( 'NONE', #4696, #3081, #3122 ) ;
#2570 = ORIENTED_EDGE ( 'NONE', *, *, #2221, .T. ) ;
#2571 = CARTESIAN_POINT ( 'NONE',  ( -6.306927520964617173, -49.65109289586494157, 9.063462970947510300 ) ) ;
#2572 = CARTESIAN_POINT ( 'NONE',  ( 8.443872296600975602, -44.76051296219352338, 7.451996950898348793 ) ) ;
#2573 = CARTESIAN_POINT ( 'NONE',  ( -49.23448741417020358, -0.8961500070634936810, 17.59123855485671939 ) ) ;
#2574 = CARTESIAN_POINT ( 'NONE',  ( 2.405621924969565395, -49.99225042105681638, 14.58917596471351530 ) ) ;
#2575 = CARTESIAN_POINT ( 'NONE',  ( 1.723002058367742340, 49.18914145295192242, 16.71036001772963075 ) ) ;
#2576 = ORIENTED_EDGE ( 'NONE', *, *, #660, .T. ) ;
#2577 = CIRCLE ( 'NONE', #4295, 45.54999999999999005 ) ;
#2578 = CARTESIAN_POINT ( 'NONE',  ( 49.19528267870597205, -1.634769396075239190, 14.92377461814220219 ) ) ;
#2579 = CARTESIAN_POINT ( 'NONE',  ( -2.994678954432755447, -44.50607405849359566, 3.200000000000000178 ) ) ;
#2580 = CARTESIAN_POINT ( 'NONE',  ( 6.000000000000120792, 35.68905815166954199, 13.99264068711928211 ) ) ;
#2581 = CARTESIAN_POINT ( 'NONE',  ( 1.776879453181309909, 50.01861510804274502, 13.83506760060813434 ) ) ;
#2582 = CARTESIAN_POINT ( 'NONE',  ( -2.642199646488946563, -49.98022404301026000, 15.15000997206011490 ) ) ;
#2583 = ORIENTED_EDGE ( 'NONE', *, *, #1245, .F. ) ;
#2584 = EDGE_CURVE ( 'NONE', #4047, #136, #2482, .T. ) ;
#2585 = VECTOR ( 'NONE', #3628, 1000.000000000000000 ) ;
#2586 = EDGE_CURVE ( 'NONE', #2224, #4591, #5058, .T. ) ;
#2587 = CARTESIAN_POINT ( 'NONE',  ( 1.856516821577670617, -49.17928789584709648, 16.30415998218185791 ) ) ;
#2588 = DIRECTION ( 'NONE',  ( 0.000000000000000000, 0.000000000000000000, 1.000000000000000000 ) ) ;
#2589 = ORIENTED_EDGE ( 'NONE', *, *, #2487, .F. ) ;
#2590 = DIRECTION ( 'NONE',  ( 0.000000000000000000, 0.000000000000000000, -1.000000000000000000 ) ) ;
#2591 = CARTESIAN_POINT ( 'NONE',  ( -5.999999999999833022, 49.28797840736694269, 22.29961866084090971 ) ) ;
#2592 = DIRECTION ( 'NONE',  ( 1.000000000000000000, -3.652049423109067235E-15, 0.000000000000000000 ) ) ;
#2593 = CARTESIAN_POINT ( 'NONE',  ( 3.149807816272653938, 43.03488368564030253, 4.336808689942017736E-16 ) ) ;
#2594 = CARTESIAN_POINT ( 'NONE',  ( 8.999999999999536371, -44.65201563199591561, 12.75000000000001066 ) ) ;
#2595 = VECTOR ( 'NONE', #3495, 1000.000000000000000 ) ;
#2596 = CARTESIAN_POINT ( 'NONE',  ( 49.20795770978875083, -1.441984854373784763, 14.64145000160523402 ) ) ;
#2597 = EDGE_LOOP ( 'NONE', ( #400, #1543 ) ) ;
#2598 = ORIENTED_EDGE ( 'NONE', *, *, #1138, .T. ) ;
#2599 = ADVANCED_FACE ( 'NONE', ( #2641 ), #2670, .T. ) ;
#2600 = CARTESIAN_POINT ( 'NONE',  ( 49.99235404217199630, 2.403478270035000364, 14.58537006378762690 ) ) ;
#2601 = CARTESIAN_POINT ( 'NONE',  ( 49.68905815166957041, -5.999999999999992006, 22.39999999999999858 ) ) ;
#2602 =( BOUNDED_CURVE ( )  B_SPLINE_CURVE ( 3, ( #445, #2013, #2330, #3875 ),
 .UNSPECIFIED., .F., .F. ) 
 B_SPLINE_CURVE_WITH_KNOTS ( ( 4, 4 ),
 ( 0.1864543798253343876, 1.570796326794895448 ),
 .UNSPECIFIED. ) 
 CURVE ( )  GEOMETRIC_REPRESENTATION_ITEM ( )  RATIONAL_B_SPLINE_CURVE ( ( 1.000000000000000000, 0.8465748621659210382, 0.8465748621659210382, 1.000000000000000000 ) ) 
 REPRESENTATION_ITEM ( '' )  );
#2603 = LINE ( 'NONE', #2631, #640 ) ;
#2604 = CARTESIAN_POINT ( 'NONE',  ( -41.97526057096012408, 9.999999999999985789, 10.34999999999999787 ) ) ;
#2605 = CARTESIAN_POINT ( 'NONE',  ( 0.2288238938238791320, 50.04979840527898460, 18.59638098874837198 ) ) ;
#2606 = FACE_OUTER_BOUND ( 'NONE', #4921, .T. ) ;
#2607 = CARTESIAN_POINT ( 'NONE',  ( 0.000000000000000000, 0.000000000000000000, 3.200000000000000178 ) ) ;
#2608 = ADVANCED_FACE ( 'NONE', ( #658 ), #322, .T. ) ;
#2609 = CARTESIAN_POINT ( 'NONE',  ( 49.68905815166957041, 6.000000000000004441, 22.39999999999999858 ) ) ;
#2610 = DIRECTION ( 'NONE',  ( 0.000000000000000000, 0.000000000000000000, 1.000000000000000000 ) ) ;
#2611 = EDGE_CURVE ( 'NONE', #361, #1817, #3097, .T. ) ;
#2612 = ORIENTED_EDGE ( 'NONE', *, *, #998, .F. ) ;
#2613 = EDGE_CURVE ( 'NONE', #2024, #1941, #521, .T. ) ;
#2614 = CIRCLE ( 'NONE', #4642, 12.20000000000000284 ) ;
#2615 = CARTESIAN_POINT ( 'NONE',  ( -49.99227488758304361, 2.404197385415876909, 17.21159638184218466 ) ) ;
#2616 = TOROIDAL_SURFACE ( 'NONE', #3428, 15.13938769133981666, 3.000000000000000000 ) ;
#2617 = CARTESIAN_POINT ( 'NONE',  ( 9.000000000000005329, -2.919297329476089482E-14, 15.75000000000000000 ) ) ;
#2618 = EDGE_LOOP ( 'NONE', ( #232, #4771, #838, #3708, #1433 ) ) ;
#2619 = AXIS2_PLACEMENT_3D ( 'NONE', #585, #2516, #4465 ) ;
#2620 = CARTESIAN_POINT ( 'NONE',  ( 50.05077749013236144, 0.2208464174578033123, 13.18504026753918978 ) ) ;
#2621 = CARTESIAN_POINT ( 'NONE',  ( -2.758470680563748445, 49.97398672121544649, 16.12443904113186832 ) ) ;
#2622 = DIRECTION ( 'NONE',  ( -0.000000000000000000, 0.000000000000000000, 1.000000000000000000 ) ) ;
#2623 = STYLED_ITEM ( 'NONE', ( #2735 ), #4822 ) ;
#2624 = DIRECTION ( 'NONE',  ( 1.000000000000000000, -1.047444401652940007E-14, 0.000000000000000000 ) ) ;
#2625 = CARTESIAN_POINT ( 'NONE',  ( 0.000000000000000000, 0.000000000000000000, 10.34999999999999964 ) ) ;
#2626 = VERTEX_POINT ( 'NONE', #3552 ) ;
#2627 = ORIENTED_EDGE ( 'NONE', *, *, #3317, .F. ) ;
#2628 = B_SPLINE_CURVE_WITH_KNOTS ( 'NONE', 3,
 ( #308, #4654, #254, #1437, #3388, #3750, #1127, #3360, #3800, #332, #3444, #1898, #4968, #1105, #3010, #1796, #4189, #3062, #5023, #229, #1410, #2706, #4159, #1081, #4216, #2983, #4265, #2263 ),
 .UNSPECIFIED., .F., .F.,
 ( 4, 2, 2, 2, 2, 2, 2, 2, 2, 2, 2, 2, 2, 4 ),
 ( 0.006399290571869472970, 0.006748162541359746351, 0.007097034510850020600, 0.007445906480340293981, 0.007794778449830568230, 0.008143650419320842479, 0.008492522388811115860, 0.009190266327791664358, 0.009888010266772214590, 0.01023688223626248797, 0.01058575420575276135, 0.01093462617524303300, 0.01128349814473330465, 0.01198124208371383927 ),
 .UNSPECIFIED. ) ;
#2629 = CARTESIAN_POINT ( 'NONE',  ( 49.98158421849816335, 2.616884681063591511, 15.06931364557997277 ) ) ;
#2630 = DIRECTION ( 'NONE',  ( 1.000000000000000000, 0.000000000000000000, 0.000000000000000000 ) ) ;
#2631 = CARTESIAN_POINT ( 'NONE',  ( -10.00000000000000000, 44.43874998241961549, -38.35374729631401891 ) ) ;
#2632 = CARTESIAN_POINT ( 'NONE',  ( 1.856516821577670839, -49.17928789584709648, 16.30415998218185791 ) ) ;
#2633 = CARTESIAN_POINT ( 'NONE',  ( 1.850300653620948532, 50.01594333430106332, 17.90161767411990112 ) ) ;
#2634 = VERTEX_POINT ( 'NONE', #3145 ) ;
#2635 = DIRECTION ( 'NONE',  ( 0.000000000000000000, 0.000000000000000000, 1.000000000000000000 ) ) ;
#2636 = CARTESIAN_POINT ( 'NONE',  ( -8.230549163176203109, 49.36899618711922955, 7.493882910677263531 ) ) ;
#2637 = CARTESIAN_POINT ( 'NONE',  ( -10.00000000000000000, -41.97526057096011698, 10.34999999999999787 ) ) ;
#2638 = ORIENTED_EDGE ( 'NONE', *, *, #3657, .F. ) ;
#2639 = FACE_OUTER_BOUND ( 'NONE', #1464, .T. ) ;
#2640 = ADVANCED_FACE ( 'NONE', ( #2840 ), #2011, .F. ) ;
#2641 = FACE_OUTER_BOUND ( 'NONE', #4275, .T. ) ;
#2642 = VERTEX_POINT ( 'NONE', #3916 ) ;
#2643 = B_SPLINE_SURFACE_WITH_KNOTS ( 'NONE', 3, 1, ( 
 ( #2975, #1814 ),
 ( #1485, #3849 ),
 ( #1051, #3769 ),
 ( #1097, #4541 ),
 ( #1074, #1892 ),
 ( #1430, #1022 ),
 ( #4181, #1839 ),
 ( #5040, #1511 ),
 ( #994, #2593 ) ),
 .UNSPECIFIED., .F., .F., .F.,
 ( 4, 1, 1, 1, 1, 1, 4 ),
 ( 2, 2 ),
 ( 1.580053499920619942, 1.942828480755071308, 2.342416538366645540, 3.141592653589793560, 3.940768768812941580, 4.340356826424516257, 4.703131807258967179 ),
 ( 0.000000000000000000, 1.000000000000000000 ),
 .UNSPECIFIED. ) ;
#2644 = EDGE_CURVE ( 'NONE', #4762, #1908, #72, .T. ) ;
#2645 = PLANE ( 'NONE',  #3591 ) ;
#2646 = CARTESIAN_POINT ( 'NONE',  ( 6.399841982065251678, 49.63926632990230559, 8.890733117424263199 ) ) ;
#2647 = LINE ( 'NONE', #3820, #4163 ) ;
#2648 = CARTESIAN_POINT ( 'NONE',  ( 49.97492361080787049, -2.740350302486687983, 15.67482109243175792 ) ) ;
#2649 = CARTESIAN_POINT ( 'NONE',  ( 49.24917645683637346, -0.2307569653865333692, 14.01048281470704104 ) ) ;
#2650 = ORIENTED_EDGE ( 'NONE', *, *, #4198, .F. ) ;
#2651 = EDGE_CURVE ( 'NONE', #1658, #361, #4694, .T. ) ;
#2652 = VERTEX_POINT ( 'NONE', #2038 ) ;
#2653 = APPLICATION_CONTEXT ( 'automotive_design' ) ;
#2654 = B_SPLINE_CURVE_WITH_KNOTS ( 'NONE', 3,
 ( #2262, #3828, #4188, #1946 ),
 .UNSPECIFIED., .F., .F.,
 ( 4, 4 ),
 ( 1.734723475976807094E-18, 0.0005689933005318167231 ),
 .UNSPECIFIED. ) ;
#2655 = DIRECTION ( 'NONE',  ( 0.000000000000000000, 0.000000000000000000, 1.000000000000000000 ) ) ;
#2656 = DIRECTION ( 'NONE',  ( 0.000000000000000000, 0.000000000000000000, -1.000000000000000000 ) ) ;
#2657 = LINE ( 'NONE', #731, #137 ) ;
#2658 = CARTESIAN_POINT ( 'NONE',  ( -1.489246782084731935, -49.20461359298443682, 14.71355580516601513 ) ) ;
#2659 = FACE_OUTER_BOUND ( 'NONE', #2811, .T. ) ;
#2660 = CARTESIAN_POINT ( 'NONE',  ( 0.7599540644474601647, 50.04453563659030380, 18.50034585288953792 ) ) ;
#2661 = ORIENTED_EDGE ( 'NONE', *, *, #1448, .T. ) ;
#2662 = CARTESIAN_POINT ( 'NONE',  ( -1.899999999999830713, 49.17593415482822650, 15.89999999999924540 ) ) ;
#2663 = CARTESIAN_POINT ( 'NONE',  ( -44.76051296219343101, -8.443872296601444560, 7.451996950898348793 ) ) ;
#2664 = DIRECTION ( 'NONE',  ( -1.000000000000000000, -0.000000000000000000, 0.000000000000000000 ) ) ;
#2665 = CARTESIAN_POINT ( 'NONE',  ( -50.05043327159005173, -0.1002389203641547016, 17.81431734471938455 ) ) ;
#2666 = CARTESIAN_POINT ( 'NONE',  ( 32.68905815166956330, -8.999999999999996447, 12.75000000000000000 ) ) ;
#2667 = VERTEX_POINT ( 'NONE', #1166 ) ;
#2668 = CARTESIAN_POINT ( 'NONE',  ( -50.03186535880182362, 1.354433625432516441, 18.25383944883641618 ) ) ;
#2669 = B_SPLINE_CURVE_WITH_KNOTS ( 'NONE', 3,
 ( #2484, #2558, #4046, #524, #2148, #2097, #1754, #939, #2895 ),
 .UNSPECIFIED., .F., .F.,
 ( 4, 1, 1, 1, 1, 1, 4 ),
 ( 1.580053490600652921, 1.942828480755071308, 2.342416538366645540, 3.141592653589793560, 3.940768768812941580, 4.340356826424516257, 4.703131816578931534 ),
 .UNSPECIFIED. ) ;
#2670 = PLANE ( 'NONE',  #3287 ) ;
#2671 = ORIENTED_EDGE ( 'NONE', *, *, #2017, .F. ) ;
#2672 = LINE ( 'NONE', #2201, #267 ) ;
#2673 = CARTESIAN_POINT ( 'NONE',  ( 2.603652673100810055, -49.98229188668435086, 16.82423141492841978 ) ) ;
#2674 = VECTOR ( 'NONE', #557, 1000.000000000000000 ) ;
#2675 = DIRECTION ( 'NONE',  ( -3.491481338843133750E-15, -1.000000000000000000, -0.000000000000000000 ) ) ;
#2676 = CARTESIAN_POINT ( 'NONE',  ( 49.97458241329186279, -2.746565546918504630, 16.03298306272757756 ) ) ;
#2677 = EDGE_CURVE ( 'NONE', #336, #39, #1920, .T. ) ;
#2678 = EDGE_LOOP ( 'NONE', ( #455, #3109 ) ) ;
#2679 = VERTEX_POINT ( 'NONE', #4301 ) ;
#2680 = CARTESIAN_POINT ( 'NONE',  ( 50.00627936455671119, 2.095234889017413504, 14.14781937395295053 ) ) ;
#2681 = LINE ( 'NONE', #378, #2427 ) ;
#2682 = LINE ( 'NONE', #4606, #2771 ) ;
#2683 = CARTESIAN_POINT ( 'NONE',  ( 0.5242782254817763832, -49.24466525343355983, 14.06956556960255611 ) ) ;
#2684 = EDGE_CURVE ( 'NONE', #2234, #124, #4671, .T. ) ;
#2685 = CARTESIAN_POINT ( 'NONE',  ( -0.9376071449980720729, 50.04284604831290295, 17.55748472078493805 ) ) ;
#2686 = ORIENTED_EDGE ( 'NONE', *, *, #5059, .F. ) ;
#2687 = ADVANCED_FACE ( 'NONE', ( #787 ), #264, .T. ) ;
#2688 = DIRECTION ( 'NONE',  ( 0.000000000000000000, 0.000000000000000000, -1.000000000000000000 ) ) ;
#2689 = FACE_OUTER_BOUND ( 'NONE', #1220, .T. ) ;
#2690 =( LENGTH_UNIT ( ) NAMED_UNIT ( * ) SI_UNIT ( .MILLI., .METRE. ) );
#2691 = CARTESIAN_POINT ( 'NONE',  ( -8.443872296601290017, 44.76051296219346654, 7.451996950898348793 ) ) ;
#2692 = CARTESIAN_POINT ( 'NONE',  ( -49.65109289586501973, 6.306927520964097589, 9.063462970947513853 ) ) ;
#2693 = AXIS2_PLACEMENT_3D ( 'NONE', #2814, #4377, #74 ) ;
#2694 = ORIENTED_EDGE ( 'NONE', *, *, #4498, .F. ) ;
#2695 = VECTOR ( 'NONE', #4597, 1000.000000000000000 ) ;
#2696 = DIRECTION ( 'NONE',  ( -1.000000000000000000, 0.000000000000000000, 0.000000000000000000 ) ) ;
#2697 = AXIS2_PLACEMENT_3D ( 'NONE', #757, #3452, #2245 ) ;
#2698 = CARTESIAN_POINT ( 'NONE',  ( 0.8375840164785943731, 50.04327273630958217, 13.32274925233353358 ) ) ;
#2699 = FACE_OUTER_BOUND ( 'NONE', #1809, .T. ) ;
#2700 = LINE ( 'NONE', #4674, #1008 ) ;
#2701 = ORIENTED_EDGE ( 'NONE', *, *, #577, .T. ) ;
#2702 = ORIENTED_EDGE ( 'NONE', *, *, #4260, .F. ) ;
#2703 = CARTESIAN_POINT ( 'NONE',  ( 44.43874998241961549, 10.00000000000000711, -38.35374729631401891 ) ) ;
#2704 = CARTESIAN_POINT ( 'NONE',  ( 3.149807816559535123, -43.03488364941561883, 0.000000000000000000 ) ) ;
#2705 = ADVANCED_FACE ( 'NONE', ( #1096 ), #2282, .F. ) ;
#2706 = CARTESIAN_POINT ( 'NONE',  ( 1.490530328160207807, 49.20455456054368426, 17.08395084444635614 ) ) ;
#2707 = CARTESIAN_POINT ( 'NONE',  ( 0.7571289125042069967, -50.04457859754583637, 13.29885633637103659 ) ) ;
#2708 = CARTESIAN_POINT ( 'NONE',  ( -0.5923098696518139805, 50.04720759136364450, 17.70973970100597583 ) ) ;
#2709 = ORIENTED_EDGE ( 'NONE', *, *, #2070, .T. ) ;
#2710 = ADVANCED_FACE ( 'NONE', ( #4230 ), #1456, .T. ) ;
#2711 = LINE ( 'NONE', #3393, #2851 ) ;
#2712 = LINE ( 'NONE', #3886, #3006 ) ;
#2713 = CARTESIAN_POINT ( 'NONE',  ( -6.000000000000510703, -49.52657685521663922, 22.09289776661391969 ) ) ;
#2714 = CARTESIAN_POINT ( 'NONE',  ( -49.40074561390380836, 8.037535035094544256, 7.551937353726717816 ) ) ;
#2715 = EDGE_LOOP ( 'NONE', ( #99, #1253, #1203, #1850, #4391 ) ) ;
#2716 = EDGE_CURVE ( 'NONE', #625, #2043, #1421, .T. ) ;
#2717 = CARTESIAN_POINT ( 'NONE',  ( -49.98676652308967050, 2.516277928701536215, 14.81065384868476897 ) ) ;
#2718 = CARTESIAN_POINT ( 'NONE',  ( -6.000000000000004441, 2.094888803305881591E-14, 10.40000000000000036 ) ) ;
#2719 = CARTESIAN_POINT ( 'NONE',  ( 1.871008548877831190, 49.17818316486687991, 15.56240602902852999 ) ) ;
#2720 = CARTESIAN_POINT ( 'NONE',  ( -10.00000000000000000, 0.000000000000000000, 10.34999999999999787 ) ) ;
#2721 = ORIENTED_EDGE ( 'NONE', *, *, #1045, .F. ) ;
#2722 = ORIENTED_EDGE ( 'NONE', *, *, #1942, .T. ) ;
#2723 = DIRECTION ( 'NONE',  ( 1.047444401652940164E-14, 1.000000000000000000, 0.000000000000000000 ) ) ;
#2724 = CARTESIAN_POINT ( 'NONE',  ( -50.04982972053843326, -0.2213731120234184724, 13.20305672415804565 ) ) ;
#2725 = CARTESIAN_POINT ( 'NONE',  ( -1.692708746530329433, -49.19127317178836023, 15.02818625522552942 ) ) ;
#2726 = VECTOR ( 'NONE', #4432, 1000.000000000000000 ) ;
#2727 = DIRECTION ( 'NONE',  ( 1.000000000000000000, 0.000000000000000000, 0.000000000000000000 ) ) ;
#2728 = ORIENTED_EDGE ( 'NONE', *, *, #351, .F. ) ;
#2729 = FACE_OUTER_BOUND ( 'NONE', #2678, .T. ) ;
#2730 = CARTESIAN_POINT ( 'NONE',  ( -32.68905815166956330, -9.000000000000005329, 12.75000000000000000 ) ) ;
#2731 = CARTESIAN_POINT ( 'NONE',  ( -50.03155665793869389, -1.507380580936952708, 17.06339604124228160 ) ) ;
#2732 = CARTESIAN_POINT ( 'NONE',  ( -49.26998764853011181, 8.804005596779218124, 7.400000000000001243 ) ) ;
#2733 = ORIENTED_EDGE ( 'NONE', *, *, #5098, .T. ) ;
#2734 = CIRCLE ( 'NONE', #1334, 0.8000000000000002665 ) ;
#2735 = PRESENTATION_STYLE_ASSIGNMENT (( #1163 ) ) ;
#2736 = ORIENTED_EDGE ( 'NONE', *, *, #4245, .T. ) ;
#2737 = CARTESIAN_POINT ( 'NONE',  ( 6.000000000000166089, 49.68905815166954909, 10.40000000000000036 ) ) ;
#2738 = EDGE_CURVE ( 'NONE', #4155, #3298, #4792, .T. ) ;
#2739 = DIRECTION ( 'NONE',  ( 1.000000000000000000, 0.000000000000000000, 0.000000000000000000 ) ) ;
#2740 = EDGE_CURVE ( 'NONE', #4227, #975, #2176, .T. ) ;
#2741 = UNCERTAINTY_MEASURE_WITH_UNIT (LENGTH_MEASURE( 1.000000000000000082E-05 ), #2690, 'distance_accuracy_value', 'NONE');
#2742 = LINE ( 'NONE', #2376, #389 ) ;
#2743 = CARTESIAN_POINT ( 'NONE',  ( -50.04999999999999716, 1.590769094821261254E-15, 21.60000000000000142 ) ) ;
#2744 = ORIENTED_EDGE ( 'NONE', *, *, #2586, .T. ) ;
#2745 = ORIENTED_EDGE ( 'NONE', *, *, #419, .F. ) ;
#2746 = AXIS2_PLACEMENT_3D ( 'NONE', #104, #441, #1628 ) ;
#2747 = CARTESIAN_POINT ( 'NONE',  ( -2.746650464673958236, -49.97457775491847798, 16.02691890365673899 ) ) ;
#2748 = CARTESIAN_POINT ( 'NONE',  ( 7.242640687118928611, -34.44641746455035758, 12.75000000000000178 ) ) ;
#2749 = CARTESIAN_POINT ( 'NONE',  ( -50.03727201772322530, 1.249707691138449039, 14.46322438534284593 ) ) ;
#2750 = CARTESIAN_POINT ( 'NONE',  ( -2.150674475088388160, -50.00387635214681836, 14.21400035391921257 ) ) ;
#2751 = LINE ( 'NONE', #1227, #3678 ) ;
#2752 = AXIS2_PLACEMENT_3D ( 'NONE', #113, #1175, #3636 ) ;
#2753 = ORIENTED_EDGE ( 'NONE', *, *, #4369, .T. ) ;
#2754 = EDGE_CURVE ( 'NONE', #1145, #164, #2577, .T. ) ;
#2755 = CARTESIAN_POINT ( 'NONE',  ( 7.030567181065637377E-15, 1.590769094821261254E-15, 7.400000000000000355 ) ) ;
#2756 = CARTESIAN_POINT ( 'NONE',  ( 32.68905815166956330, 0.000000000000000000, 15.75000000000000000 ) ) ;
#2757 = CARTESIAN_POINT ( 'NONE',  ( -49.18407534365503864, -1.793292129034520288, 16.53994734728626526 ) ) ;
#2758 = CARTESIAN_POINT ( 'NONE',  ( -1.293479412410818652, -49.21581802288404361, 14.50349468514810169 ) ) ;
#2759 = ORIENTED_EDGE ( 'NONE', *, *, #1191, .F. ) ;
#2760 = EDGE_CURVE ( 'NONE', #2652, #3609, #2672, .T. ) ;
#2761 = AXIS2_PLACEMENT_3D ( 'NONE', #1881, #4291, #2343 ) ;
#2762 = ORIENTED_EDGE ( 'NONE', *, *, #2738, .F. ) ;
#2763 = EDGE_CURVE ( 'NONE', #2404, #4120, #1172, .T. ) ;
#2764 = DIRECTION ( 'NONE',  ( 0.000000000000000000, 0.000000000000000000, 1.000000000000000000 ) ) ;
#2765 = ADVANCED_FACE ( 'NONE', ( #4538 ), #2645, .T. ) ;
#2766 = CARTESIAN_POINT ( 'NONE',  ( 1.326974448745594781, -50.03263664855013815, 18.26990842787146718 ) ) ;
#2767 = AXIS2_PLACEMENT_3D ( 'NONE', #1457, #3790, #1020 ) ;
#2768 = CARTESIAN_POINT ( 'NONE',  ( 0.000000000000000000, 9.000000000000005329, 15.75000000000000000 ) ) ;
#2769 = CARTESIAN_POINT ( 'NONE',  ( -49.24221380565579409, 0.6254517425865119273, 17.69784062525645041 ) ) ;
#2770 = ORIENTED_EDGE ( 'NONE', *, *, #2040, .T. ) ;
#2771 = VECTOR ( 'NONE', #1059, 1000.000000000000000 ) ;
#2772 = ORIENTED_EDGE ( 'NONE', *, *, #3895, .T. ) ;
#2773 = DIRECTION ( 'NONE',  ( 0.000000000000000000, -1.000000000000000000, 0.000000000000000000 ) ) ;
#2774 = LINE ( 'NONE', #4338, #2340 ) ;
#2775 = AXIS2_PLACEMENT_3D ( 'NONE', #188, #910, #2171 ) ;
#2776 = CARTESIAN_POINT ( 'NONE',  ( -49.99448150115600953, 2.358952538400754140, 14.50977546683704489 ) ) ;
#2777 = CARTESIAN_POINT ( 'NONE',  ( 2.030508211598333723, 50.00896182630508235, 14.07547386367111031 ) ) ;
#2778 = DIRECTION ( 'NONE',  ( 0.000000000000000000, -1.000000000000000000, 0.000000000000000000 ) ) ;
#2779 = VERTEX_POINT ( 'NONE', #4931 ) ;
#2780 = B_SPLINE_CURVE_WITH_KNOTS ( 'NONE', 3,
 ( #2662, #1415, #2987, #4553, #2214, #410 ),
 .UNSPECIFIED., .F., .F.,
 ( 4, 2, 4 ),
 ( 0.005992104062759392134, 0.006195697317314432552, 0.006399290571869472970 ),
 .UNSPECIFIED. ) ;
#2781 = CARTESIAN_POINT ( 'NONE',  ( -47.70851601129508879, -6.000000000000004441, 10.40000000000000036 ) ) ;
#2782 = CARTESIAN_POINT ( 'NONE',  ( 44.72579593317483670, 8.627905400467916763, 12.76727992187975325 ) ) ;
#2783 = EDGE_CURVE ( 'NONE', #3320, #884, #887, .T. ) ;
#2784 = CARTESIAN_POINT ( 'NONE',  ( -49.22369971560588198, -1.137367116287669067, 17.42712844176748277 ) ) ;
#2785 = CARTESIAN_POINT ( 'NONE',  ( -49.97461621774044005, -2.746008507754646555, 16.02626503854446938 ) ) ;
#2786 = VECTOR ( 'NONE', #4898, 1000.000000000000000 ) ;
#2787 = ORIENTED_EDGE ( 'NONE', *, *, #2161, .F. ) ;
#2788 = CARTESIAN_POINT ( 'NONE',  ( -9.000000000000005329, 9.363040648875866928E-14, 10.40000000000000036 ) ) ;
#2789 = DIRECTION ( 'NONE',  ( 0.000000000000000000, -1.000000000000000000, 0.000000000000000000 ) ) ;
#2790 = CARTESIAN_POINT ( 'NONE',  ( -0.2886330397362854572, 50.04943477662386186, 14.01778913765046042 ) ) ;
#2791 = CARTESIAN_POINT ( 'NONE',  ( 49.24673106620860352, -0.3993041351153223673, 17.75756728214076219 ) ) ;
#2792 = CARTESIAN_POINT ( 'NONE',  ( -2.087841897142742376, -50.00659323181027816, 17.66087952489562340 ) ) ;
#2793 = EDGE_LOOP ( 'NONE', ( #4479, #3133, #2433, #4408 ) ) ;
#2794 = DIRECTION ( 'NONE',  ( 0.000000000000000000, 0.000000000000000000, 1.000000000000000000 ) ) ;
#2795 = CARTESIAN_POINT ( 'NONE',  ( 49.40013262277139461, 8.041331384602010246, 7.550566888263505305 ) ) ;
#2796 = ORIENTED_EDGE ( 'NONE', *, *, #2448, .T. ) ;
#2797 = EDGE_CURVE ( 'NONE', #1067, #4509, #3052, .T. ) ;
#2798 = ORIENTED_EDGE ( 'NONE', *, *, #2611, .T. ) ;
#2799 = DIRECTION ( 'NONE',  ( 0.000000000000000000, 0.000000000000000000, 1.000000000000000000 ) ) ;
#2800 = DIRECTION ( 'NONE',  ( 1.000000000000000000, 0.000000000000000000, 0.000000000000000000 ) ) ;
#2801 = CARTESIAN_POINT ( 'NONE',  ( -49.97490054873345144, 2.740770475063842859, 15.68190241621031333 ) ) ;
#2802 = CARTESIAN_POINT ( 'NONE',  ( 1.900000000000185763, 53.80000000000018190, 15.90000000000000036 ) ) ;
#2803 = EDGE_CURVE ( 'NONE', #942, #2652, #2937, .T. ) ;
#2804 = CARTESIAN_POINT ( 'NONE',  ( -35.68905815166957041, 5.999999999999995559, 15.75000000000000000 ) ) ;
#2805 = ORIENTED_EDGE ( 'NONE', *, *, #3458, .T. ) ;
#2806 = DIRECTION ( 'NONE',  ( 0.000000000000000000, 1.000000000000000000, -0.000000000000000000 ) ) ;
#2807 = VECTOR ( 'NONE', #740, 1000.000000000000000 ) ;
#2808 = SHAPE_DEFINITION_REPRESENTATION ( #3007, #1507 ) ;
#2809 = CARTESIAN_POINT ( 'NONE',  ( -50.03639232751193333, -1.178793534335172533, 18.34447356958051500 ) ) ;
#2810 = CARTESIAN_POINT ( 'NONE',  ( -49.97840517256659609, -2.676545240935414238, 16.51727848786202557 ) ) ;
#2811 = EDGE_LOOP ( 'NONE', ( #1531, #3846, #4048, #2650 ) ) ;
#2812 = AXIS2_PLACEMENT_3D ( 'NONE', #368, #3845, #3893 ) ;
#2813 = CIRCLE ( 'NONE', #4782, 1.900000000000000577 ) ;
#2814 = CARTESIAN_POINT ( 'NONE',  ( 0.000000000000000000, 0.000000000000000000, 10.34999999999999787 ) ) ;
#2815 = CARTESIAN_POINT ( 'NONE',  ( -1.467772975299713067, 50.03251396425718411, 14.68693497689087124 ) ) ;
#2816 = CARTESIAN_POINT ( 'NONE',  ( -2.342176784895721971E-15, 9.999999999999996447, 10.34999999999999787 ) ) ;
#2817 = CARTESIAN_POINT ( 'NONE',  ( -1.697317110382180250, -50.02142753609536641, 18.02865396954655708 ) ) ;
#2818 = ORIENTED_EDGE ( 'NONE', *, *, #2412, .T. ) ;
#2819 = CARTESIAN_POINT ( 'NONE',  ( -1.771299013901125097, 50.01881257103411116, 17.96950662367588336 ) ) ;
#2820 = LINE ( 'NONE', #3199, #2556 ) ;
#2821 = ORIENTED_EDGE ( 'NONE', *, *, #116, .T. ) ;
#2822 = ORIENTED_EDGE ( 'NONE', *, *, #3225, .F. ) ;
#2823 = CARTESIAN_POINT ( 'NONE',  ( 1.634537066815689332, -50.02353489348480764, 18.07595518550321501 ) ) ;
#2824 = CARTESIAN_POINT ( 'NONE',  ( 49.23579251041243054, 0.8392449312509944193, 14.19146590859399559 ) ) ;
#2825 = EDGE_CURVE ( 'NONE', #4526, #642, #2086, .T. ) ;
#2826 = CARTESIAN_POINT ( 'NONE',  ( -50.03157201603820425, 1.506727525932592959, 14.73583317057731001 ) ) ;
#2827 = DIRECTION ( 'NONE',  ( 0.000000000000000000, 0.000000000000000000, 1.000000000000000000 ) ) ;
#2828 = CARTESIAN_POINT ( 'NONE',  ( -8.813289815228801061, -44.68964868481901931, 12.75000000000000000 ) ) ;
#2829 = EDGE_LOOP ( 'NONE', ( #4855, #1440, #2728, #4220, #292 ) ) ;
#2830 = CARTESIAN_POINT ( 'NONE',  ( 50.04970860540881716, 0.2251433508706308928, 17.79090002404809923 ) ) ;
#2831 = LINE ( 'NONE', #1230, #454 ) ;
#2832 = CARTESIAN_POINT ( 'NONE',  ( -50.02327250247478219, -1.642512480500783800, 18.07012989262964808 ) ) ;
#2833 = DIRECTION ( 'NONE',  ( 1.000000000000000000, 2.478176394252582127E-16, 0.000000000000000000 ) ) ;
#2834 = ORIENTED_EDGE ( 'NONE', *, *, #2960, .F. ) ;
#2835 = ADVANCED_FACE ( 'NONE', ( #1863 ), #3456, .T. ) ;
#2836 = DIRECTION ( 'NONE',  ( -3.243663699417875143E-15, -1.000000000000000000, 0.000000000000000000 ) ) ;
#2837 = DIRECTION ( 'NONE',  ( -0.000000000000000000, -0.000000000000000000, -1.000000000000000000 ) ) ;
#2838 = CARTESIAN_POINT ( 'NONE',  ( 0.5799898205549450791, 49.24338026469241925, 14.08637910238008217 ) ) ;
#2839 = LINE ( 'NONE', #2092, #283 ) ;
#2840 = FACE_OUTER_BOUND ( 'NONE', #4268, .T. ) ;
#2841 = ORIENTED_EDGE ( 'NONE', *, *, #4627, .F. ) ;
#2842 = CIRCLE ( 'NONE', #1856, 45.54999999999999716 ) ;
#2843 = DIRECTION ( 'NONE',  ( -0.000000000000000000, -0.000000000000000000, -1.000000000000000000 ) ) ;
#2844 = ORIENTED_EDGE ( 'NONE', *, *, #4519, .T. ) ;
#2845 = ORIENTED_EDGE ( 'NONE', *, *, #911, .T. ) ;
#2846 = CARTESIAN_POINT ( 'NONE',  ( 1.489189115491394544, -49.20461721248370424, 17.08652211486624850 ) ) ;
#2847 = DIRECTION ( 'NONE',  ( 1.000000000000000000, 0.000000000000000000, 0.000000000000000000 ) ) ;
#2848 = CARTESIAN_POINT ( 'NONE',  ( -49.18929098127795640, 1.720891735350902341, 16.71477637557678619 ) ) ;
#2849 = CARTESIAN_POINT ( 'NONE',  ( 0.000000000000000000, 0.000000000000000000, 10.34999999999999964 ) ) ;
#2850 = CARTESIAN_POINT ( 'NONE',  ( 6.000000000000164313, 49.52657685521667474, 22.09289776661392324 ) ) ;
#2851 = VECTOR ( 'NONE', #2189, 1000.000000000000000 ) ;
#2852 = CIRCLE ( 'NONE', #3504, 0.7999999999999999334 ) ;
#2853 = ORIENTED_EDGE ( 'NONE', *, *, #1015, .T. ) ;
#2854 = EDGE_CURVE ( 'NONE', #1711, #66, #649, .T. ) ;
#2855 = CARTESIAN_POINT ( 'NONE',  ( 50.05013402651677978, 0.1361801649501789835, 18.60240597441751120 ) ) ;
#2856 = DIRECTION ( 'NONE',  ( 0.000000000000000000, 0.000000000000000000, -1.000000000000000000 ) ) ;
#2857 = CARTESIAN_POINT ( 'NONE',  ( -49.24593980132367932, -0.4594731688400267577, 17.74727052098709379 ) ) ;
#2858 = CARTESIAN_POINT ( 'NONE',  ( -50.00762165448327323, -2.074153375053728432, 17.69766892212055254 ) ) ;
#2859 = VERTEX_POINT ( 'NONE', #3015 ) ;
#2860 = VECTOR ( 'NONE', #1935, 1000.000000000000000 ) ;
#2861 = EDGE_CURVE ( 'NONE', #2859, #1980, #960, .T. ) ;
#2862 = CARTESIAN_POINT ( 'NONE',  ( 49.97891823999691496, -2.666696922933497582, 16.55967735530007090 ) ) ;
#2863 = PLANE ( 'NONE',  #4147 ) ;
#2864 = LINE ( 'NONE', #490, #1626 ) ;
#2865 = CARTESIAN_POINT ( 'NONE',  ( 0.09100808761805445624, 49.25015063713508567, 13.99806607549390947 ) ) ;
#2866 = CYLINDRICAL_SURFACE ( 'NONE', #2746, 50.05000000000000426 ) ;
#2867 = CARTESIAN_POINT ( 'NONE',  ( 0.8897808509549456346, 50.04358157055524003, 17.58368670807645628 ) ) ;
#2868 = ORIENTED_EDGE ( 'NONE', *, *, #4944, .T. ) ;
#2869 = EDGE_CURVE ( 'NONE', #3273, #4227, #2711, .T. ) ;
#2870 = DIRECTION ( 'NONE',  ( 0.000000000000000000, 0.000000000000000000, 1.000000000000000000 ) ) ;
#2871 = CYLINDRICAL_SURFACE ( 'NONE', #3619, 3.000000000000000000 ) ;
#2872 = ORIENTED_EDGE ( 'NONE', *, *, #533, .T. ) ;
#2873 = EDGE_LOOP ( 'NONE', ( #2289, #2759, #4466, #2094 ) ) ;
#2874 = CARTESIAN_POINT ( 'NONE',  ( -2.211515326167956097, -50.00121081182690119, 17.50789168729949097 ) ) ;
#2875 = CARTESIAN_POINT ( 'NONE',  ( -6.000000000000476952, -46.20076976453461981, 8.892253753239589997 ) ) ;
#2876 = DIRECTION ( 'NONE',  ( 0.000000000000000000, 0.000000000000000000, 1.000000000000000000 ) ) ;
#2877 = CARTESIAN_POINT ( 'NONE',  ( 0.000000000000000000, -6.000000000000004441, 22.39999999999999858 ) ) ;
#2878 = CARTESIAN_POINT ( 'NONE',  ( 35.68905815166957041, -5.999999999999995559, 15.75000000000000000 ) ) ;
#2879 = ORIENTED_EDGE ( 'NONE', *, *, #4838, .T. ) ;
#2880 = CARTESIAN_POINT ( 'NONE',  ( 50.04872014027650096, -0.3994116778317885474, 18.57719104651704356 ) ) ;
#2881 = FACE_OUTER_BOUND ( 'NONE', #3943, .T. ) ;
#2882 = CARTESIAN_POINT ( 'NONE',  ( 10.00000000000000000, 0.000000000000000000, 10.34999999999999964 ) ) ;
#2883 = CARTESIAN_POINT ( 'NONE',  ( -49.97744229395202353, -2.694374551265482864, 15.36333365162031939 ) ) ;
#2884 = VERTEX_POINT ( 'NONE', #3364 ) ;
#2885 = CARTESIAN_POINT ( 'NONE',  ( 49.20435410611086269, -1.493467090346477066, 14.71888060528173803 ) ) ;
#2886 = ORIENTED_EDGE ( 'NONE', *, *, #4277, .F. ) ;
#2887 = DIRECTION ( 'NONE',  ( -1.000000000000000000, 3.491481338843133355E-15, 0.000000000000000000 ) ) ;
#2888 = DIRECTION ( 'NONE',  ( 0.000000000000000000, 0.000000000000000000, 1.000000000000000000 ) ) ;
#2889 = CARTESIAN_POINT ( 'NONE',  ( 0.5262345178355359865, 49.24462297923408016, 17.72987300714261494 ) ) ;
#2890 = ORIENTED_EDGE ( 'NONE', *, *, #2111, .T. ) ;
#2891 = AXIS2_PLACEMENT_3D ( 'NONE', #532, #946, #4912 ) ;
#2892 = VECTOR ( 'NONE', #349, 1000.000000000000000 ) ;
#2893 = CARTESIAN_POINT ( 'NONE',  ( -44.76051296219343811, 8.443872296601435679, 12.80199695089834755 ) ) ;
#2894 = EDGE_CURVE ( 'NONE', #250, #3840, #1858, .T. ) ;
#2895 = CARTESIAN_POINT ( 'NONE',  ( 3.149807816559535123, 43.03488364941561883, 3.200000000000000178 ) ) ;
#2896 = ORIENTED_EDGE ( 'NONE', *, *, #1255, .T. ) ;
#2897 =( BOUNDED_CURVE ( )  B_SPLINE_CURVE ( 3, ( #3967, #107, #3993, #3532 ),
 .UNSPECIFIED., .F., .T. ) 
 B_SPLINE_CURVE_WITH_KNOTS ( ( 4, 4 ),
 ( 3.328047033415127753, 4.712388980384690562 ),
 .UNSPECIFIED. ) 
 CURVE ( )  GEOMETRIC_REPRESENTATION_ITEM ( )  RATIONAL_B_SPLINE_CURVE ( ( 1.000000000000000000, 0.8465748621659205941, 0.8465748621659205941, 1.000000000000000000 ) ) 
 REPRESENTATION_ITEM ( '' )  );
#2898 = EDGE_CURVE ( 'NONE', #3516, #1550, #4869, .T. ) ;
#2899 = ORIENTED_EDGE ( 'NONE', *, *, #4592, .F. ) ;
#2900 = CARTESIAN_POINT ( 'NONE',  ( -1.531376376136934336, -49.20199065869993404, 17.03147933524236635 ) ) ;
#2901 = CARTESIAN_POINT ( 'NONE',  ( -8.443872296601902860, -44.76051296219334574, 141.5848555321889535 ) ) ;
#2902 = CARTESIAN_POINT ( 'NONE',  ( -49.68905815166957041, -6.000000000000004441, 21.60000000000000142 ) ) ;
#2903 = ORIENTED_EDGE ( 'NONE', *, *, #1516, .T. ) ;
#2904 = CARTESIAN_POINT ( 'NONE',  ( 50.02815133125880465, 1.644003350546259457, 16.86061785101366084 ) ) ;
#2905 = CARTESIAN_POINT ( 'NONE',  ( -49.68905815166957041, 5.999999999999992006, 21.60000000000000142 ) ) ;
#2906 = CARTESIAN_POINT ( 'NONE',  ( -49.20569713076285723, -1.471269920167305845, 14.69217240183238005 ) ) ;
#2907 = DIRECTION ( 'NONE',  ( 1.000000000000000000, 0.000000000000000000, 0.000000000000000000 ) ) ;
#2908 = ADVANCED_FACE ( 'NONE', ( #650 ), #4610, .F. ) ;
#2909 = CARTESIAN_POINT ( 'NONE',  ( 49.20216561929263577, -1.528601491098179332, 17.03522597955451090 ) ) ;
#2910 = PLANE ( 'NONE',  #3571 ) ;
#2911 = CIRCLE ( 'NONE', #703, 45.54999999999999005 ) ;
#2912 = DIRECTION ( 'NONE',  ( 1.022662637710414146E-14, 1.000000000000000000, 0.000000000000000000 ) ) ;
#2913 = CARTESIAN_POINT ( 'NONE',  ( 7.181172238712651534, -49.53241785695561816, 8.006242630381372294 ) ) ;
#2914 = ORIENTED_EDGE ( 'NONE', *, *, #4838, .F. ) ;
#2915 = CARTESIAN_POINT ( 'NONE',  ( -1.335649418181379833, -49.21353594036640544, 17.25626726456964022 ) ) ;
#2916 = ADVANCED_FACE ( 'NONE', ( #3805 ), #286, .T. ) ;
#2917 = CARTESIAN_POINT ( 'NONE',  ( 1.697317110381828087, 50.02142753609539483, 18.02865396954655708 ) ) ;
#2918 = CARTESIAN_POINT ( 'NONE',  ( 43.14999999999999147, 5.284350938320828112E-15, 2.399999999999999911 ) ) ;
#2919 = ORIENTED_EDGE ( 'NONE', *, *, #1841, .T. ) ;
#2920 = ORIENTED_EDGE ( 'NONE', *, *, #2058, .F. ) ;
#2921 = CARTESIAN_POINT ( 'NONE',  ( -0.9998269348807967694, -50.04185422327893207, 17.52057546492851969 ) ) ;
#2922 = DIRECTION ( 'NONE',  ( 1.000000000000000000, 0.000000000000000000, 0.000000000000000000 ) ) ;
#2923 = CARTESIAN_POINT ( 'NONE',  ( -1.889539341737528355, 49.17675723276707345, 15.66945960250549419 ) ) ;
#2924 = PLANE ( 'NONE',  #2569 ) ;
#2925 =( BOUNDED_CURVE ( )  B_SPLINE_CURVE ( 3, ( #3876, #2256, #666, #1868 ),
 .UNSPECIFIED., .F., .T. ) 
 B_SPLINE_CURVE_WITH_KNOTS ( ( 4, 4 ),
 ( 0.1864543798253341100, 1.570796326794896558 ),
 .UNSPECIFIED. ) 
 CURVE ( )  GEOMETRIC_REPRESENTATION_ITEM ( )  RATIONAL_B_SPLINE_CURVE ( ( 1.000000000000000000, 0.8465748621659208162, 0.8465748621659208162, 1.000000000000000000 ) ) 
 REPRESENTATION_ITEM ( '' )  );
#2926 = DIRECTION ( 'NONE',  ( -1.000000000000000000, 0.000000000000000000, 0.000000000000000000 ) ) ;
#2927 = ORIENTED_EDGE ( 'NONE', *, *, #4329, .F. ) ;
#2928 = CARTESIAN_POINT ( 'NONE',  ( 50.04825780221382558, 0.4753035954576319000, 17.74401857482326150 ) ) ;
#2929 = CARTESIAN_POINT ( 'NONE',  ( 8.443872296600975602, -44.76051296219352338, 7.451996950898348793 ) ) ;
#2930 = AXIS2_PLACEMENT_3D ( 'NONE', #705, #4247, #3836 ) ;
#2931 = CARTESIAN_POINT ( 'NONE',  ( -50.04861962129534447, -0.4081355946303377169, 14.04433113539563571 ) ) ;
#2932 = CARTESIAN_POINT ( 'NONE',  ( 1.817151812969642455, -50.02345119308013466, 15.33169566793758776 ) ) ;
#2933 = ORIENTED_EDGE ( 'NONE', *, *, #998, .T. ) ;
#2934 = B_SPLINE_CURVE_WITH_KNOTS ( 'NONE', 3,
 ( #4273, #316, #3526, #3935, #758, #2758, #3502, #4320, #3889, #365, #2370, #1930, #413, #781, #1884, #5075, #3453, #3114, #5096, #3865, #1595, #2346, #3911, #3547, #804, #1979 ),
 .UNSPECIFIED., .F., .F.,
 ( 4, 2, 2, 2, 2, 2, 2, 2, 2, 2, 2, 2, 4 ),
 ( 0.0004065181757016033586, 0.001104716411583827294, 0.001453815529524938883, 0.001802914647466050905, 0.002152013765407162493, 0.002501112883348274082, 0.002850212001289385670, 0.003199311119230497692, 0.003897509355112720002, 0.004595707590994943179, 0.005293905826877165488, 0.005643004944818280112, 0.005992104062759393002 ),
 .UNSPECIFIED. ) ;
#2935 = CARTESIAN_POINT ( 'NONE',  ( 50.00861215704757967, -2.039042415814141584, 14.08475886105845198 ) ) ;
#2936 = CARTESIAN_POINT ( 'NONE',  ( 3.146085575092232745, -43.50489301306120637, -1.301042606982605321E-15 ) ) ;
#2937 = CIRCLE ( 'NONE', #1783, 45.54999999999999005 ) ;
#2938 = CARTESIAN_POINT ( 'NONE',  ( 49.98312831747961127, 2.587405514611216262, 16.81626173521517487 ) ) ;
#2939 = CARTESIAN_POINT ( 'NONE',  ( 2.681058570385760120, 49.97813947059415085, 15.32565073085612894 ) ) ;
#2940 = DIRECTION ( 'NONE',  ( 1.000000000000000000, 0.000000000000000000, 0.000000000000000000 ) ) ;
#2941 = VECTOR ( 'NONE', #2257, 1000.000000000000000 ) ;
#2942 = ORIENTED_EDGE ( 'NONE', *, *, #3872, .T. ) ;
#2943 = VECTOR ( 'NONE', #1772, 1000.000000000000000 ) ;
#2944 = DIRECTION ( 'NONE',  ( 1.000000000000000000, 0.000000000000000000, 0.000000000000000000 ) ) ;
#2945 = CARTESIAN_POINT ( 'NONE',  ( 3.149807816559535123, 43.03488364941561883, 3.200000000000000178 ) ) ;
#2946 = VERTEX_POINT ( 'NONE', #3861 ) ;
#2947 = CARTESIAN_POINT ( 'NONE',  ( 50.04667816164564442, 0.5766324519660326331, 13.26029554797696264 ) ) ;
#2948 = CARTESIAN_POINT ( 'NONE',  ( 1.503189189926623870, -50.03165742682802630, 17.06882273127140692 ) ) ;
#2949 = CARTESIAN_POINT ( 'NONE',  ( 7.030567181065637377E-15, 1.590769094821261254E-15, 2.399999999999999911 ) ) ;
#2950 = CARTESIAN_POINT ( 'NONE',  ( 0.9172588862688078049, 49.23297194206105587, 14.23206576790071409 ) ) ;
#2951 = CARTESIAN_POINT ( 'NONE',  ( -49.24780837185500815, -0.3335092383436449315, 14.02828939470588310 ) ) ;
#2952 = ADVANCED_FACE ( 'NONE', ( #2606 ), #3422, .T. ) ;
#2953 = CARTESIAN_POINT ( 'NONE',  ( 34.44641746455027942, -7.242640687119281218, 12.75000000000000178 ) ) ;
#2954 = VERTEX_POINT ( 'NONE', #4661 ) ;
#2955 = CARTESIAN_POINT ( 'NONE',  ( -7.677980399990069316, -49.45790385395822852, 7.699988180959969952 ) ) ;
#2956 = DIRECTION ( 'NONE',  ( 1.000000000000000000, 0.000000000000000000, -0.000000000000000000 ) ) ;
#2957 = EDGE_CURVE ( 'NONE', #1999, #2634, #2780, .T. ) ;
#2958 = CARTESIAN_POINT ( 'NONE',  ( -49.18308192970565074, -1.806305992468158816, 15.29943530019239972 ) ) ;
#2959 = FACE_OUTER_BOUND ( 'NONE', #3255, .T. ) ;
#2960 = EDGE_CURVE ( 'NONE', #1919, #4141, #3694, .T. ) ;
#2961 = CARTESIAN_POINT ( 'NONE',  ( 49.97543868804538647, -2.731129593500676300, 16.21369944726196621 ) ) ;
#2962 = CARTESIAN_POINT ( 'NONE',  ( -6.623039614238764194, 49.60998133710855029, 8.559057985959512393 ) ) ;
#2963 = LINE ( 'NONE', #4138, #1873 ) ;
#2964 = CARTESIAN_POINT ( 'NONE',  ( 1.397509634652602864E-13, 40.68905815166956330, 15.90000000000000036 ) ) ;
#2965 = CARTESIAN_POINT ( 'NONE',  ( 0.2232906608345928690, -50.04982250109210185, 13.20318634864898044 ) ) ;
#2966 = ORIENTED_EDGE ( 'NONE', *, *, #4741, .T. ) ;
#2967 = CARTESIAN_POINT ( 'NONE',  ( 0.000000000000000000, 0.000000000000000000, -38.35374729631401891 ) ) ;
#2968 = VECTOR ( 'NONE', #552, 1000.000000000000000 ) ;
#2969 = DIRECTION ( 'NONE',  ( -3.491481338843133355E-15, -1.000000000000000000, 0.000000000000000000 ) ) ;
#2970 = ORIENTED_EDGE ( 'NONE', *, *, #4743, .F. ) ;
#2971 = EDGE_CURVE ( 'NONE', #4526, #2978, #2001, .T. ) ;
#2972 = DIRECTION ( 'NONE',  ( 1.000000000000000000, -3.552713678800500929E-15, 0.000000000000000000 ) ) ;
#2973 = DIRECTION ( 'NONE',  ( 1.000000000000000000, 0.000000000000000000, 0.000000000000000000 ) ) ;
#2974 = CARTESIAN_POINT ( 'NONE',  ( 1.856514268870790296, 49.17928809044479266, 15.49582829208394408 ) ) ;
#2975 = CARTESIAN_POINT ( 'NONE',  ( -3.149807816272653938, 43.03488368564030253, 3.200000000000000178 ) ) ;
#2976 = CARTESIAN_POINT ( 'NONE',  ( -49.25000000000000000, -0.06730667996825920318, 14.00000000000000355 ) ) ;
#2977 = ORIENTED_EDGE ( 'NONE', *, *, #2379, .F. ) ;
#2978 = VERTEX_POINT ( 'NONE', #1229 ) ;
#2979 = ADVANCED_FACE ( 'NONE', ( #2729, #846 ), #1927, .T. ) ;
#2980 = CARTESIAN_POINT ( 'NONE',  ( -8.225756693056590407, -49.36980254340807051, 7.495022668175027825 ) ) ;
#2981 = LINE ( 'NONE', #1766, #527 ) ;
#2982 = EDGE_CURVE ( 'NONE', #4385, #3066, #4868, .T. ) ;
#2983 = CARTESIAN_POINT ( 'NONE',  ( 1.856644251088460429, 49.17941949088127274, 16.36510148445112378 ) ) ;
#2984 = CARTESIAN_POINT ( 'NONE',  ( 2.209677452936303244, -50.00129442885987885, 14.28943392688022840 ) ) ;
#2985 = CARTESIAN_POINT ( 'NONE',  ( 0.2906890732983381520, 50.04942483125815755, 17.78189443210064269 ) ) ;
#2986 = ADVANCED_FACE ( 'NONE', ( #3979 ), #1592, .F. ) ;
#2987 = CARTESIAN_POINT ( 'NONE',  ( -1.896423166431029150, 49.17621405988669636, 16.03504659514669939 ) ) ;
#2988 = DIRECTION ( 'NONE',  ( -1.000000000000000000, 0.000000000000000000, 0.000000000000000000 ) ) ;
#2989 = CARTESIAN_POINT ( 'NONE',  ( -1.900000000000512834, -49.17593415482819807, 15.90000000000000036 ) ) ;
#2990 = CARTESIAN_POINT ( 'NONE',  ( -8.999999999999849010, 44.65201563199585877, 7.400000000000000355 ) ) ;
#2991 = CARTESIAN_POINT ( 'NONE',  ( 0.000000000000000000, -6.000000000000004441, 10.40000000000000036 ) ) ;
#2992 = ORIENTED_EDGE ( 'NONE', *, *, #1374, .T. ) ;
#2993 = VECTOR ( 'NONE', #76, 1000.000000000000000 ) ;
#2994 = CARTESIAN_POINT ( 'NONE',  ( -50.03744075076969722, 1.131848504401987032, 13.43500292548864294 ) ) ;
#2995 = DIRECTION ( 'NONE',  ( -0.000000000000000000, -0.000000000000000000, -1.000000000000000000 ) ) ;
#2996 = CIRCLE ( 'NONE', #3157, 50.05000000000000426 ) ;
#2997 = ORIENTED_EDGE ( 'NONE', *, *, #1780, .T. ) ;
#2998 = CARTESIAN_POINT ( 'NONE',  ( -3.738230416123251367E-13, -35.68905815166957041, 22.39999999999999858 ) ) ;
#2999 = CARTESIAN_POINT ( 'NONE',  ( -2.681062256841588276, 49.97813927283547031, 16.47433260625842877 ) ) ;
#3000 = B_SPLINE_CURVE_WITH_KNOTS ( 'NONE', 3,
 ( #21, #4735, #4251, #3622 ),
 .UNSPECIFIED., .F., .F.,
 ( 4, 4 ),
 ( 0.000000000000000000, 0.0005689933005318146631 ),
 .UNSPECIFIED. ) ;
#3001 = DIRECTION ( 'NONE',  ( 1.000000000000000000, 0.000000000000000000, -0.000000000000000000 ) ) ;
#3002 = DIRECTION ( 'NONE',  ( -1.000000000000000000, 0.000000000000000000, 0.000000000000000000 ) ) ;
#3003 = CARTESIAN_POINT ( 'NONE',  ( 49.68905815166957041, 6.000000000000004441, 21.60000000000000142 ) ) ;
#3004 = VERTEX_POINT ( 'NONE', #1643 ) ;
#3005 = VERTEX_POINT ( 'NONE', #2318 ) ;
#3006 = VECTOR ( 'NONE', #363, 1000.000000000000000 ) ;
#3007 = PRODUCT_DEFINITION_SHAPE ( 'NONE', 'NONE',  #1931 ) ;
#3008 = CARTESIAN_POINT ( 'NONE',  ( 49.20697819622994018, 1.450857325798210251, 14.66698400403135238 ) ) ;
#3009 = CARTESIAN_POINT ( 'NONE',  ( -49.30337566373447800, 5.999999999999991118, 22.31380907653662504 ) ) ;
#3010 = CARTESIAN_POINT ( 'NONE',  ( -0.02927716515551762738, 49.25108859587179211, 17.81408471970825147 ) ) ;
#3011 = DIRECTION ( 'NONE',  ( -0.000000000000000000, -0.000000000000000000, -1.000000000000000000 ) ) ;
#3012 = CARTESIAN_POINT ( 'NONE',  ( 1.544475429996019944, 50.03065428908711709, 17.01359642369549974 ) ) ;
#3013 = ORIENTED_EDGE ( 'NONE', *, *, #1386, .F. ) ;
#3014 = EDGE_CURVE ( 'NONE', #1101, #1917, #1551, .T. ) ;
#3015 = CARTESIAN_POINT ( 'NONE',  ( 8.999999999999534595, -44.65201563199592272, 7.400000000000000355 ) ) ;
#3016 = DIRECTION ( 'NONE',  ( 0.000000000000000000, 0.000000000000000000, -1.000000000000000000 ) ) ;
#3017 = CARTESIAN_POINT ( 'NONE',  ( -49.24673125796299900, 0.3992924238185593389, 17.75756979957176895 ) ) ;
#3018 = CARTESIAN_POINT ( 'NONE',  ( -50.05031503641050961, 0.1571487238377422546, 17.81084322273518339 ) ) ;
#3019 = FACE_OUTER_BOUND ( 'NONE', #4445, .T. ) ;
#3020 = EDGE_LOOP ( 'NONE', ( #3478, #1842, #4054, #547 ) ) ;
#3021 = ADVANCED_FACE ( 'NONE', ( #4783 ), #4706, .T. ) ;
#3022 = AXIS2_PLACEMENT_3D ( 'NONE', #3126, #1563, #1968 ) ;
#3023 = DIRECTION ( 'NONE',  ( 1.000000000000000000, -3.491481338843133355E-15, 0.000000000000000000 ) ) ;
#3024 = AXIS2_PLACEMENT_3D ( 'NONE', #2231, #4210, #2284 ) ;
#3025 = EDGE_CURVE ( 'NONE', #3124, #990, #4290, .T. ) ;
#3026 = CARTESIAN_POINT ( 'NONE',  ( -49.24673106620860352, -0.5674321920059919311, 13.26029912537892308 ) ) ;
#3027 = ORIENTED_EDGE ( 'NONE', *, *, #3542, .T. ) ;
#3028 = AXIS2_PLACEMENT_3D ( 'NONE', #3108, #3040, #4996 ) ;
#3029 = CARTESIAN_POINT ( 'NONE',  ( -2.603652673100974813, 49.98229188668434375, 16.82423141492785490 ) ) ;
#3030 = CARTESIAN_POINT ( 'NONE',  ( 0.000000000000000000, 0.000000000000000000, 12.75000000000001066 ) ) ;
#3031 = CARTESIAN_POINT ( 'NONE',  ( 6.746618956819291135, 49.59339968800546217, 8.409873481746064527 ) ) ;
#3032 = DIRECTION ( 'NONE',  ( 0.000000000000000000, 0.000000000000000000, 1.000000000000000000 ) ) ;
#3033 = CARTESIAN_POINT ( 'NONE',  ( 50.03042890707981627, -1.407316105619170088, 18.22452474029191194 ) ) ;
#3034 = ORIENTED_EDGE ( 'NONE', *, *, #1509, .F. ) ;
#3035 = ORIENTED_EDGE ( 'NONE', *, *, #4810, .T. ) ;
#3036 = CARTESIAN_POINT ( 'NONE',  ( 50.03491689078606441, 1.263842909531796233, 13.47745769847811736 ) ) ;
#3037 = DIRECTION ( 'NONE',  ( 0.000000000000000000, 0.000000000000000000, 1.000000000000000000 ) ) ;
#3038 = CARTESIAN_POINT ( 'NONE',  ( 49.24999999999999289, -1.590769094821261254E-15, 22.39999999999999858 ) ) ;
#3039 = CARTESIAN_POINT ( 'NONE',  ( -1.641956628195994750, -50.02820496714712561, 14.93578316951610674 ) ) ;
#3040 = DIRECTION ( 'NONE',  ( -0.000000000000000000, -0.000000000000000000, -1.000000000000000000 ) ) ;
#3041 = CARTESIAN_POINT ( 'NONE',  ( 1.883217736665752096, 49.17725243598964369, 15.61848746891076090 ) ) ;
#3042 = CARTESIAN_POINT ( 'NONE',  ( 50.04173134885220264, -0.9244253151590353657, 18.44823068765702345 ) ) ;
#3043 = CARTESIAN_POINT ( 'NONE',  ( -3.423997095627368482E-13, -32.68905815166956330, 15.75000000000000000 ) ) ;
#3044 =( NAMED_UNIT ( * ) SI_UNIT ( $, .STERADIAN. ) SOLID_ANGLE_UNIT ( ) );
#3045 = LINE ( 'NONE', #364, #4330 ) ;
#3046 = CARTESIAN_POINT ( 'NONE',  ( 2.398684287830644024, -49.99258586504877400, 14.57686379848802183 ) ) ;
#3047 = ORIENTED_EDGE ( 'NONE', *, *, #4043, .F. ) ;
#3048 = CARTESIAN_POINT ( 'NONE',  ( -50.04588376339329159, 0.6623969398713731582, 13.27475132875366093 ) ) ;
#3049 = EDGE_CURVE ( 'NONE', #710, #3936, #1571, .T. ) ;
#3050 = CARTESIAN_POINT ( 'NONE',  ( 10.00000000000000000, 0.000000000000000000, 10.34999999999999787 ) ) ;
#3051 = ORIENTED_EDGE ( 'NONE', *, *, #3427, .T. ) ;
#3052 = LINE ( 'NONE', #2998, #4998 ) ;
#3053 = CARTESIAN_POINT ( 'NONE',  ( 47.70851601129508879, 6.000000000000004441, 15.75000000000000000 ) ) ;
#3054 = DIRECTION ( 'NONE',  ( 1.000000000000000000, 0.000000000000000000, 0.000000000000000000 ) ) ;
#3055 = CARTESIAN_POINT ( 'NONE',  ( 49.97608501625702360, -2.719357152622719820, 15.49864976718454379 ) ) ;
#3056 = CARTESIAN_POINT ( 'NONE',  ( 49.24351637583243502, -0.5725974230269139653, 14.08465558025719311 ) ) ;
#3057 = ORIENTED_EDGE ( 'NONE', *, *, #1516, .F. ) ;
#3058 = ADVANCED_FACE ( 'NONE', ( #777 ), #4732, .F. ) ;
#3059 = CIRCLE ( 'NONE', #1498, 51.25000000000000711 ) ;
#3060 = ORIENTED_EDGE ( 'NONE', *, *, #2519, .F. ) ;
#3061 = DIRECTION ( 'NONE',  ( 1.000000000000000000, 0.000000000000000000, 0.000000000000000000 ) ) ;
#3062 = CARTESIAN_POINT ( 'NONE',  ( 0.9690140220208194322, 49.23096547578792581, 17.53845321835990134 ) ) ;
#3063 = CARTESIAN_POINT ( 'NONE',  ( -1.332456743488702466, -50.03248699940731825, 13.53317051515871405 ) ) ;
#3064 = DIRECTION ( 'NONE',  ( 0.000000000000000000, 0.000000000000000000, -1.000000000000000000 ) ) ;
#3065 = CARTESIAN_POINT ( 'NONE',  ( -1.634537066816016848, 50.02353489348480053, 18.07595518550321856 ) ) ;
#3066 = VERTEX_POINT ( 'NONE', #2781 ) ;
#3067 = AXIS2_PLACEMENT_3D ( 'NONE', #3956, #540, #826 ) ;
#3068 = CARTESIAN_POINT ( 'NONE',  ( 49.24972711946914927, 0.1334307650910311616, 14.00349264452363585 ) ) ;
#3069 = CARTESIAN_POINT ( 'NONE',  ( 35.68905815166957041, 6.000000000000006217, 13.99264068711928211 ) ) ;
#3070 = LINE ( 'NONE', #1136, #2442 ) ;
#3071 = LINE ( 'NONE', #4761, #3944 ) ;
#3072 = ORIENTED_EDGE ( 'NONE', *, *, #871, .T. ) ;
#3073 = ORIENTED_EDGE ( 'NONE', *, *, #374, .F. ) ;
#3074 = DIRECTION ( 'NONE',  ( 0.000000000000000000, 0.000000000000000000, 1.000000000000000000 ) ) ;
#3075 = ORIENTED_EDGE ( 'NONE', *, *, #1138, .F. ) ;
#3076 = CARTESIAN_POINT ( 'NONE',  ( -8.443872296601902860, -44.76051296219334574, 7.451996950898348793 ) ) ;
#3077 = EDGE_CURVE ( 'NONE', #5076, #158, #1698, .T. ) ;
#3078 = ADVANCED_FACE ( 'NONE', ( #3544 ), #3564, .T. ) ;
#3079 = CARTESIAN_POINT ( 'NONE',  ( -1.202507745253840410, 50.03822937889841427, 14.42342444250657074 ) ) ;
#3080 = CYLINDRICAL_SURFACE ( 'NONE', #3753, 3.000000000000000000 ) ;
#3081 = DIRECTION ( 'NONE',  ( 1.000000000000000000, 0.000000000000000000, 0.000000000000000000 ) ) ;
#3082 = ORIENTED_EDGE ( 'NONE', *, *, #3385, .T. ) ;
#3083 = ORIENTED_EDGE ( 'NONE', *, *, #1597, .T. ) ;
#3084 = CARTESIAN_POINT ( 'NONE',  ( 7.030567181065637377E-15, 1.590769094821261254E-15, 2.399999999999999911 ) ) ;
#3085 = CARTESIAN_POINT ( 'NONE',  ( -8.999999999999849010, 44.65201563199585166, 12.75000000000001066 ) ) ;
#3086 = LINE ( 'NONE', #1822, #4078 ) ;
#3087 = CARTESIAN_POINT ( 'NONE',  ( -0.9395342342894457133, -50.04281435822549184, 14.24372010323204840 ) ) ;
#3088 = FACE_OUTER_BOUND ( 'NONE', #1270, .T. ) ;
#3089 = CARTESIAN_POINT ( 'NONE',  ( -1.422936980985495259, 50.03355307968772081, 17.16538020396995279 ) ) ;
#3090 = ORIENTED_EDGE ( 'NONE', *, *, #2854, .T. ) ;
#3091 = CARTESIAN_POINT ( 'NONE',  ( 49.23483845438801154, -0.8673748792568390931, 17.59498760929104932 ) ) ;
#3092 = FACE_OUTER_BOUND ( 'NONE', #695, .T. ) ;
#3093 = CARTESIAN_POINT ( 'NONE',  ( 49.48450129220120886, -7.504278549310172686, 7.791994893380008058 ) ) ;
#3094 = CARTESIAN_POINT ( 'NONE',  ( -5.999999999999831246, 49.68905815166958462, 10.40000000000000036 ) ) ;
#3095 = EDGE_LOOP ( 'NONE', ( #3035, #3970, #3931, #495, #1952, #343, #2671, #4192, #2570, #2447, #3165, #4856, #2821, #3491, #4635, #3457, #190, #191 ) ) ;
#3096 = CARTESIAN_POINT ( 'NONE',  ( -6.000000000000369482, -35.68905815166950646, 22.39999999999999858 ) ) ;
#3097 = LINE ( 'NONE', #1238, #1100 ) ;
#3098 = VECTOR ( 'NONE', #3002, 1000.000000000000000 ) ;
#3099 = CARTESIAN_POINT ( 'NONE',  ( -1.543237178860594305, 50.03068534913562360, 14.78452732578244699 ) ) ;
#3100 = CARTESIAN_POINT ( 'NONE',  ( 49.24673106620860352, -0.5674321920059857138, 18.53970087462107941 ) ) ;
#3101 = DIRECTION ( 'NONE',  ( 0.000000000000000000, -1.000000000000000000, 0.000000000000000000 ) ) ;
#3102 = ORIENTED_EDGE ( 'NONE', *, *, #2894, .T. ) ;
#3103 = VERTEX_POINT ( 'NONE', #4344 ) ;
#3104 = CARTESIAN_POINT ( 'NONE',  ( -2.719621903735253365, -49.97607075502220653, 15.49995545182983037 ) ) ;
#3105 = CARTESIAN_POINT ( 'NONE',  ( 53.80000000000000426, 8.179368874234021218E-15, 2.399999999999999911 ) ) ;
#3106 = CARTESIAN_POINT ( 'NONE',  ( -50.02112234099906374, 1.897966608038268888, 15.75027672202977591 ) ) ;
#3107 = CARTESIAN_POINT ( 'NONE',  ( 0.4073458013837258918, -50.04864793972148362, 13.22411790166794532 ) ) ;
#3108 = CARTESIAN_POINT ( 'NONE',  ( 47.70851601129508879, 9.000000000000005329, 141.5848555321889535 ) ) ;
#3109 = ORIENTED_EDGE ( 'NONE', *, *, #1089, .T. ) ;
#3110 = ADVANCED_FACE ( 'NONE', ( #3953 ), #4172, .T. ) ;
#3111 = CARTESIAN_POINT ( 'NONE',  ( -24.00000000000000000, -10.00000000000000711, -38.35374729631401891 ) ) ;
#3112 = CARTESIAN_POINT ( 'NONE',  ( 24.00000000000000000, -10.00000000000000711, -38.35374729631401891 ) ) ;
#3113 = CARTESIAN_POINT ( 'NONE',  ( -50.01841514113119302, -1.782450733387487940, 17.96023483990572700 ) ) ;
#3114 = CARTESIAN_POINT ( 'NONE',  ( 1.071596766043111826, -49.22731749644960075, 14.31415451841409237 ) ) ;
#3115 = EDGE_CURVE ( 'NONE', #2954, #4665, #1882, .T. ) ;
#3116 = ADVANCED_FACE ( 'NONE', ( #4521 ), #725, .T. ) ;
#3117 = ORIENTED_EDGE ( 'NONE', *, *, #577, .F. ) ;
#3118 = SURFACE_SIDE_STYLE ('',( #4399 ) ) ;
#3119 = CARTESIAN_POINT ( 'NONE',  ( 49.24999999999998579, -0.06730667996825424881, 17.80000000000000071 ) ) ;
#3120 = CARTESIAN_POINT ( 'NONE',  ( 1.771299013900778041, -50.01881257103412537, 17.96950662367588336 ) ) ;
#3121 = LINE ( 'NONE', #835, #1547 ) ;
#3122 = DIRECTION ( 'NONE',  ( 0.000000000000000000, 0.000000000000000000, -1.000000000000000000 ) ) ;
#3123 = EDGE_CURVE ( 'NONE', #1047, #1747, #1794, .T. ) ;
#3124 = VERTEX_POINT ( 'NONE', #1027 ) ;
#3125 = VERTEX_POINT ( 'NONE', #1057 ) ;
#3126 = CARTESIAN_POINT ( 'NONE',  ( 1.590769094821236799E-15, -7.030567181065643688E-15, 21.60000000000000142 ) ) ;
#3127 = DIRECTION ( 'NONE',  ( 1.000000000000000000, 0.000000000000000000, 0.000000000000000000 ) ) ;
#3128 = CARTESIAN_POINT ( 'NONE',  ( -49.19116345153357628, 1.694293348758836748, 15.03109375377915313 ) ) ;
#3129 = CARTESIAN_POINT ( 'NONE',  ( 0.5357166412988628723, -50.04774962579254094, 14.07265829309029037 ) ) ;
#3130 = CARTESIAN_POINT ( 'NONE',  ( -49.24999999999999289, -8.964964602689362112E-13, 17.80000000000000071 ) ) ;
#3131 = VECTOR ( 'NONE', #4438, 1000.000000000000000 ) ;
#3132 = B_SPLINE_CURVE_WITH_KNOTS ( 'NONE', 3,
 ( #1976, #2002, #2782, #2413 ),
 .UNSPECIFIED., .F., .F.,
 ( 4, 4 ),
 ( 1.734723475976807094E-18, 0.0005689933005318146631 ),
 .UNSPECIFIED. ) ;
#3133 = ORIENTED_EDGE ( 'NONE', *, *, #9, .T. ) ;
#3134 = EDGE_CURVE ( 'NONE', #2642, #3568, #2184, .T. ) ;
#3135 = AXIS2_PLACEMENT_3D ( 'NONE', #2849, #2827, #452 ) ;
#3136 = EDGE_CURVE ( 'NONE', #3498, #2642, #3506, .T. ) ;
#3137 = DIRECTION ( 'NONE',  ( 0.01126387473446455872, 0.9776062928245521366, -0.2101405752247819392 ) ) ;
#3138 = FACE_OUTER_BOUND ( 'NONE', #2207, .T. ) ;
#3139 = CARTESIAN_POINT ( 'NONE',  ( -50.03072091313428160, -1.541763104003620599, 14.78264871699957617 ) ) ;
#3140 = CARTESIAN_POINT ( 'NONE',  ( -49.48450129220120886, 7.504278549310172686, 7.791994893380008058 ) ) ;
#3141 = VERTEX_POINT ( 'NONE', #3179 ) ;
#3142 = VECTOR ( 'NONE', #4464, 1000.000000000000000 ) ;
#3143 = CARTESIAN_POINT ( 'NONE',  ( 6.000000000000004441, -1.946198219650726742E-14, 22.39999999999999858 ) ) ;
#3144 = CARTESIAN_POINT ( 'NONE',  ( 8.610919272949010050, -49.30407481462367514, 7.419029132148368788 ) ) ;
#3145 = CARTESIAN_POINT ( 'NONE',  ( -1.856516821578014786, 49.17928789584708937, 16.30415998218185436 ) ) ;
#3146 =( BOUNDED_CURVE ( )  B_SPLINE_CURVE ( 3, ( #3473, #4653, #4264, #751 ),
 .UNSPECIFIED., .F., .F. ) 
 B_SPLINE_CURVE_WITH_KNOTS ( ( 4, 4 ),
 ( 3.328047033415127753, 4.712388980384689674 ),
 .UNSPECIFIED. ) 
 CURVE ( )  GEOMETRIC_REPRESENTATION_ITEM ( )  RATIONAL_B_SPLINE_CURVE ( ( 1.000000000000000000, 0.8465748621659209272, 0.8465748621659209272, 1.000000000000000000 ) ) 
 REPRESENTATION_ITEM ( '' )  );
#3147 = DIRECTION ( 'NONE',  ( 0.000000000000000000, -1.000000000000000000, 0.000000000000000000 ) ) ;
#3148 = CARTESIAN_POINT ( 'NONE',  ( 49.53241785695554000, 7.181172238713164901, 8.006242630381368741 ) ) ;
#3149 = ORIENTED_EDGE ( 'NONE', *, *, #2301, .T. ) ;
#3150 = ORIENTED_EDGE ( 'NONE', *, *, #776, .F. ) ;
#3151 = VECTOR ( 'NONE', #932, 1000.000000000000000 ) ;
#3152 = DIRECTION ( 'NONE',  ( 1.000000000000000000, 0.000000000000000000, 0.000000000000000000 ) ) ;
#3153 = LINE ( 'NONE', #4701, #4801 ) ;
#3154 = CARTESIAN_POINT ( 'NONE',  ( -49.17580250587243995, 1.901687528139013539, 15.99497405077309331 ) ) ;
#3155 = CARTESIAN_POINT ( 'NONE',  ( -2.614978331201669448, 49.98168505308016307, 15.06332222756640782 ) ) ;
#3156 = DIRECTION ( 'NONE',  ( 0.000000000000000000, 0.000000000000000000, -1.000000000000000000 ) ) ;
#3157 = AXIS2_PLACEMENT_3D ( 'NONE', #3613, #450, #2847 ) ;
#3158 = ORIENTED_EDGE ( 'NONE', *, *, #2982, .F. ) ;
#3159 = CARTESIAN_POINT ( 'NONE',  ( -1.486905836551550459E-15, 6.000000000000004441, 22.39999999999999858 ) ) ;
#3160 = DIRECTION ( 'NONE',  ( -0.000000000000000000, -0.000000000000000000, -1.000000000000000000 ) ) ;
#3161 = B_SPLINE_CURVE_WITH_KNOTS ( 'NONE', 3,
 ( #3407, #688, #297, #2591, #635, #3376, #4958, #4909 ),
 .UNSPECIFIED., .F., .F.,
 ( 4, 2, 2, 4 ),
 ( 0.000000000000000000, 0.0003135903530309151407, 0.0006271807060618302815, 0.001254361412123645818 ),
 .UNSPECIFIED. ) ;
#3162 = CARTESIAN_POINT ( 'NONE',  ( -49.19113381424026699, -1.694709754291948922, 16.76797932928359813 ) ) ;
#3163 = CARTESIAN_POINT ( 'NONE',  ( -49.59339968800549059, 6.746618956819119717, 8.409873481746064527 ) ) ;
#3164 = ORIENTED_EDGE ( 'NONE', *, *, #1724, .F. ) ;
#3165 = ORIENTED_EDGE ( 'NONE', *, *, #3458, .F. ) ;
#3166 = AXIS2_PLACEMENT_3D ( 'NONE', #2420, #464, #515 ) ;
#3167 = DIRECTION ( 'NONE',  ( 0.000000000000000000, 1.000000000000000000, 0.000000000000000000 ) ) ;
#3168 = CARTESIAN_POINT ( 'NONE',  ( -7.030567181065637377E-15, -1.590769094821261254E-15, 22.39999999999999858 ) ) ;
#3169 = DIRECTION ( 'NONE',  ( -0.000000000000000000, -0.000000000000000000, -1.000000000000000000 ) ) ;
#3170 = EDGE_CURVE ( 'NONE', #4665, #948, #1451, .T. ) ;
#3171 = CARTESIAN_POINT ( 'NONE',  ( 4.800208426238313068E-15, 9.000000000000005329, 10.40000000000000036 ) ) ;
#3172 = EDGE_CURVE ( 'NONE', #2043, #625, #1202, .T. ) ;
#3173 = VECTOR ( 'NONE', #3210, 1000.000000000000000 ) ;
#3174 = CARTESIAN_POINT ( 'NONE',  ( 0.000000000000000000, 0.000000000000000000, 141.5848555321889535 ) ) ;
#3175 = CARTESIAN_POINT ( 'NONE',  ( 49.30407481462358987, 8.610919272949523418, 7.419029132148368788 ) ) ;
#3176 = ORIENTED_EDGE ( 'NONE', *, *, #1534, .T. ) ;
#3177 = AXIS2_PLACEMENT_3D ( 'NONE', #4516, #4151, #3466 ) ;
#3178 = ORIENTED_EDGE ( 'NONE', *, *, #116, .F. ) ;
#3179 = CARTESIAN_POINT ( 'NONE',  ( -49.68905815166957041, -6.000000000000004441, 21.60000000000000142 ) ) ;
#3180 = CARTESIAN_POINT ( 'NONE',  ( 49.19492830156059426, 1.639371838067206433, 16.86746851788022639 ) ) ;
#3181 = CARTESIAN_POINT ( 'NONE',  ( -49.97541269385863671, 2.731605566092382809, 16.21025136823523027 ) ) ;
#3182 = CARTESIAN_POINT ( 'NONE',  ( -2.642495202849881597, -49.98020818800000598, 15.15134589454873115 ) ) ;
#3183 = CARTESIAN_POINT ( 'NONE',  ( -3.252606517456513302E-16, 47.40652577362288156, 1.694065894508600678E-18 ) ) ;
#3184 = ORIENTED_EDGE ( 'NONE', *, *, #2613, .T. ) ;
#3185 = CIRCLE ( 'NONE', #4502, 51.25000000000000711 ) ;
#3186 = CARTESIAN_POINT ( 'NONE',  ( 8.813289815228486646, 44.68964868481907615, 12.75000000000000000 ) ) ;
#3187 = DIRECTION ( 'NONE',  ( 0.000000000000000000, 0.000000000000000000, 1.000000000000000000 ) ) ;
#3188 = CARTESIAN_POINT ( 'NONE',  ( -49.18267738684563994, -1.812094458531336993, 15.31525857510252386 ) ) ;
#3189 = CYLINDRICAL_SURFACE ( 'NONE', #3067, 26.00000000000000355 ) ;
#3190 = ORIENTED_EDGE ( 'NONE', *, *, #1982, .F. ) ;
#3191 = FACE_OUTER_BOUND ( 'NONE', #3898, .T. ) ;
#3192 = CYLINDRICAL_SURFACE ( 'NONE', #3166, 45.54999999999999005 ) ;
#3193 = CARTESIAN_POINT ( 'NONE',  ( -0.6446451133558588342, 49.24174561741773459, 14.10839125225474255 ) ) ;
#3194 = CARTESIAN_POINT ( 'NONE',  ( 7.507171126455416399, -49.48405839415587337, 7.790465420013690689 ) ) ;
#3195 = CARTESIAN_POINT ( 'NONE',  ( -6.000000000000004441, 2.094888803305881591E-14, 15.75000000000000000 ) ) ;
#3196 = ORIENTED_EDGE ( 'NONE', *, *, #911, .F. ) ;
#3197 = EDGE_CURVE ( 'NONE', #2310, #1014, #4825, .T. ) ;
#3198 = CARTESIAN_POINT ( 'NONE',  ( -0.6636116218622580831, 50.04590812482233986, 18.52571525454381529 ) ) ;
#3199 = CARTESIAN_POINT ( 'NONE',  ( -53.79999999999999716, 1.590769094821261254E-15, 2.399999999999999911 ) ) ;
#3200 = ORIENTED_EDGE ( 'NONE', *, *, #870, .T. ) ;
#3201 = EDGE_CURVE ( 'NONE', #1793, #3297, #134, .T. ) ;
#3202 = VERTEX_POINT ( 'NONE', #1124 ) ;
#3203 = CARTESIAN_POINT ( 'NONE',  ( 0.5923098696518087625, -50.04720759136426977, 17.70973970100717665 ) ) ;
#3204 = CARTESIAN_POINT ( 'NONE',  ( 24.00000000000000000, 10.00000000000000178, 12.75000000000000000 ) ) ;
#3205 = CARTESIAN_POINT ( 'NONE',  ( -50.03230657237778445, 1.339183199939626867, 13.53685000203081046 ) ) ;
#3206 = CARTESIAN_POINT ( 'NONE',  ( -2.088359782747023274, 50.00656838487253708, 14.13987937885307744 ) ) ;
#3207 = EDGE_CURVE ( 'NONE', #4002, #2473, #1197, .T. ) ;
#3208 = CARTESIAN_POINT ( 'NONE',  ( -49.24999999999999289, -2.270201487571823240E-15, 14.00000000000000000 ) ) ;
#3209 = ORIENTED_EDGE ( 'NONE', *, *, #2267, .F. ) ;
#3210 = DIRECTION ( 'NONE',  ( -1.000000000000000000, 3.491481338843133355E-15, 0.000000000000000000 ) ) ;
#3211 = CARTESIAN_POINT ( 'NONE',  ( 6.000000000000158984, 47.70851601129506747, 15.75000000000000000 ) ) ;
#3212 = CARTESIAN_POINT ( 'NONE',  ( -49.98837533256361354, -2.483802044464490155, 14.73901286698489699 ) ) ;
#3213 = FACE_OUTER_BOUND ( 'NONE', #388, .T. ) ;
#3214 = ORIENTED_EDGE ( 'NONE', *, *, #1785, .T. ) ;
#3215 = VECTOR ( 'NONE', #2566, 1000.000000000000000 ) ;
#3216 = LINE ( 'NONE', #3550, #966 ) ;
#3217 = ORIENTED_EDGE ( 'NONE', *, *, #1634, .T. ) ;
#3218 = CARTESIAN_POINT ( 'NONE',  ( 0.2157934522391847798, 49.24934943766449891, 14.00824161273389912 ) ) ;
#3219 = DIRECTION ( 'NONE',  ( 3.491481338843133355E-15, 1.000000000000000000, -0.000000000000000000 ) ) ;
#3220 = CARTESIAN_POINT ( 'NONE',  ( 2.441231525391794666, -49.99048028026290780, 17.14530323640283171 ) ) ;
#3221 = ORIENTED_EDGE ( 'NONE', *, *, #786, .F. ) ;
#3222 = CARTESIAN_POINT ( 'NONE',  ( -1.630757484603128527, 50.02365661584401124, 18.07863516202760223 ) ) ;
#3223 = CARTESIAN_POINT ( 'NONE',  ( 35.68905815166957041, 6.000000000000004441, 22.39999999999999858 ) ) ;
#3224 = ORIENTED_EDGE ( 'NONE', *, *, #471, .T. ) ;
#3225 = EDGE_CURVE ( 'NONE', #3298, #1941, #5045, .T. ) ;
#3226 = ORIENTED_EDGE ( 'NONE', *, *, #4305, .T. ) ;
#3227 = CARTESIAN_POINT ( 'NONE',  ( 0.9376071449980936112, -50.04284604831291006, 17.55748472078553135 ) ) ;
#3228 = CARTESIAN_POINT ( 'NONE',  ( -0.6609315033932583461, 49.24190859866128278, 14.10378312326052885 ) ) ;
#3229 = CARTESIAN_POINT ( 'NONE',  ( 0.1349890347562185677, 50.05013855196142458, 13.19751276224050862 ) ) ;
#3230 = LINE ( 'NONE', #2465, #2122 ) ;
#3231 = VERTEX_POINT ( 'NONE', #2018 ) ;
#3232 = CARTESIAN_POINT ( 'NONE',  ( 50.04982972053843326, -0.2213731120234180560, 18.59694327584195506 ) ) ;
#3233 = DIRECTION ( 'NONE',  ( -1.000000000000000000, 0.000000000000000000, 0.000000000000000000 ) ) ;
#3234 = ADVANCED_FACE ( 'NONE', ( #4700 ), #1945, .T. ) ;
#3235 = CARTESIAN_POINT ( 'NONE',  ( -49.24186351487973923, -0.6401235716385506036, 14.10680062741235119 ) ) ;
#3236 = CARTESIAN_POINT ( 'NONE',  ( -50.03188474057279933, -1.353814066199280353, 13.54573806490876109 ) ) ;
#3237 = ORIENTED_EDGE ( 'NONE', *, *, #4779, .F. ) ;
#3238 = CARTESIAN_POINT ( 'NONE',  ( 50.03345168032255685, -1.427369687894792349, 14.63962121810528316 ) ) ;
#3239 = CARTESIAN_POINT ( 'NONE',  ( 0.000000000000000000, 0.000000000000000000, 7.400000000000000355 ) ) ;
#3240 = CARTESIAN_POINT ( 'NONE',  ( 50.00893690467724895, 2.031162193089028456, 17.72390478921996859 ) ) ;
#3241 = CARTESIAN_POINT ( 'NONE',  ( -2.668201379688761588, 49.97883779410836524, 15.24590964952954764 ) ) ;
#3242 = CARTESIAN_POINT ( 'NONE',  ( 9.000000000000158096, 47.70851601129506037, 141.5848555321889535 ) ) ;
#3243 = CARTESIAN_POINT ( 'NONE',  ( 1.203261533512287595, 50.03821364670492500, 17.37589885158576308 ) ) ;
#3244 = ORIENTED_EDGE ( 'NONE', *, *, #1577, .F. ) ;
#3245 = AXIS2_PLACEMENT_3D ( 'NONE', #4554, #2141, #1036 ) ;
#3246 = CARTESIAN_POINT ( 'NONE',  ( 2.994678959731754464, -44.50607404799427513, 3.200000000000000622 ) ) ;
#3247 = EDGE_LOOP ( 'NONE', ( #5051, #1368, #3548, #1488 ) ) ;
#3248 = ORIENTED_EDGE ( 'NONE', *, *, #1071, .T. ) ;
#3249 = CARTESIAN_POINT ( 'NONE',  ( -1.418984069564543704, -50.03009628837881451, 18.21759568913140370 ) ) ;
#3250 = CARTESIAN_POINT ( 'NONE',  ( 49.24673125796299900, 0.5674155496369052143, 13.26029554797696264 ) ) ;
#3251 = CARTESIAN_POINT ( 'NONE',  ( -50.03256394017125075, 1.465643902802154175, 17.11563461423783394 ) ) ;
#3252 = CARTESIAN_POINT ( 'NONE',  ( -0.9199767915559317055, 50.04181289376037967, 13.35023020510044311 ) ) ;
#3253 = CARTESIAN_POINT ( 'NONE',  ( -3.146085578794155957, -43.50489298858212805, 0.000000000000000000 ) ) ;
#3254 = VECTOR ( 'NONE', #4757, 1000.000000000000000 ) ;
#3255 = EDGE_LOOP ( 'NONE', ( #3541, #78, #2879, #5100 ) ) ;
#3256 = AXIS2_PLACEMENT_3D ( 'NONE', #3174, #1192, #811 ) ;
#3257 = CARTESIAN_POINT ( 'NONE',  ( 50.04946478265745213, -0.2830227238304254267, 17.78317322527883704 ) ) ;
#3258 = CARTESIAN_POINT ( 'NONE',  ( 3.149807816559535123, 43.03488364941561883, 3.200000000000000178 ) ) ;
#3259 = DIRECTION ( 'NONE',  ( 1.000000000000000000, 2.342176784895722760E-16, -0.000000000000000000 ) ) ;
#3260 = DIRECTION ( 'NONE',  ( -1.000000000000000000, -2.478176394252582127E-16, 0.000000000000000000 ) ) ;
#3261 = ORIENTED_EDGE ( 'NONE', *, *, #2898, .F. ) ;
#3262 = AXIS2_PLACEMENT_3D ( 'NONE', #3446, #1900, #3064 ) ;
#3263 = CARTESIAN_POINT ( 'NONE',  ( 50.03914286654992338, -1.154955631208762767, 14.38585174610574846 ) ) ;
#3264 = CARTESIAN_POINT ( 'NONE',  ( -2.342176784895721971E-15, 9.999999999999996447, -38.35374729631401891 ) ) ;
#3265 = CARTESIAN_POINT ( 'NONE',  ( 50.01881088838391065, 1.771425274379916592, 17.96953604219229916 ) ) ;
#3266 = CARTESIAN_POINT ( 'NONE',  ( 1.409025011884075473, 49.20944451623969229, 14.61935200250560030 ) ) ;
#3267 = PLANE ( 'NONE',  #3312 ) ;
#3268 = CARTESIAN_POINT ( 'NONE',  ( 1.469372586844342576, 50.03247741035268348, 17.11124379951681362 ) ) ;
#3269 = EDGE_LOOP ( 'NONE', ( #4883, #4559, #3196, #2402, #4595 ) ) ;
#3270 = ADVANCED_FACE ( 'NONE', ( #1174 ), #4652, .T. ) ;
#3271 = CARTESIAN_POINT ( 'NONE',  ( 24.00000000000000000, -10.00000000000000711, 10.34999999999999787 ) ) ;
#3272 = CARTESIAN_POINT ( 'NONE',  ( 0.000000000000000000, 0.000000000000000000, 0.000000000000000000 ) ) ;
#3273 = VERTEX_POINT ( 'NONE', #4263 ) ;
#3274 = ORIENTED_EDGE ( 'NONE', *, *, #2803, .T. ) ;
#3275 = CARTESIAN_POINT ( 'NONE',  ( 0.5798056113673624168, -49.24337981862409208, 17.71360261026529059 ) ) ;
#3276 = CARTESIAN_POINT ( 'NONE',  ( -44.65201563199583745, 8.999999999999994671, 7.400000000000000355 ) ) ;
#3277 = EDGE_CURVE ( 'NONE', #4097, #4421, #3901, .T. ) ;
#3278 = CARTESIAN_POINT ( 'NONE',  ( -50.03072969033074457, 1.541431636474562383, 17.01796991955314908 ) ) ;
#3279 = DIRECTION ( 'NONE',  ( 1.000000000000000000, 0.000000000000000000, 0.000000000000000000 ) ) ;
#3280 = DIRECTION ( 'NONE',  ( -2.478176394252582620E-16, 1.000000000000000000, 0.000000000000000000 ) ) ;
#3281 = ORIENTED_EDGE ( 'NONE', *, *, #499, .T. ) ;
#3282 = ADVANCED_FACE ( 'NONE', ( #1222 ), #3670, .T. ) ;
#3283 = CARTESIAN_POINT ( 'NONE',  ( 49.17610093955293138, 1.897862117920323666, 16.05347607749327565 ) ) ;
#3284 = CARTESIAN_POINT ( 'NONE',  ( -49.48405839415578100, -7.507171126455931542, 7.790465420013688025 ) ) ;
#3285 = DIRECTION ( 'NONE',  ( 0.000000000000000000, 1.000000000000000000, 0.000000000000000000 ) ) ;
#3286 = CARTESIAN_POINT ( 'NONE',  ( -50.04351692730043055, -0.8203222163315792015, 18.48166952200880786 ) ) ;
#3287 = AXIS2_PLACEMENT_3D ( 'NONE', #2249, #1452, #2279 ) ;
#3288 = ADVANCED_FACE ( 'NONE', ( #2312 ), #94, .T. ) ;
#3289 = CARTESIAN_POINT ( 'NONE',  ( 49.17610051891563927, -1.897867511163788601, 15.74594142064534452 ) ) ;
#3290 = CARTESIAN_POINT ( 'NONE',  ( -7.679201388631543779, 49.45771911054156789, 7.699295351095013729 ) ) ;
#3291 = CARTESIAN_POINT ( 'NONE',  ( 1.858560548603966689, 50.02226206886975746, 15.50522763263233550 ) ) ;
#3292 = CARTESIAN_POINT ( 'NONE',  ( 2.481698544337083590, -49.98847992040754207, 14.73476531156481784 ) ) ;
#3293 = VERTEX_POINT ( 'NONE', #4231 ) ;
#3294 = CARTESIAN_POINT ( 'NONE',  ( 0.000000000000000000, 0.000000000000000000, 10.34999999999999964 ) ) ;
#3295 = CARTESIAN_POINT ( 'NONE',  ( 1.835445882804603634, 50.01649316825896108, 17.91482416992118232 ) ) ;
#3296 = DIRECTION ( 'NONE',  ( -1.000000000000000000, 0.000000000000000000, 0.000000000000000000 ) ) ;
#3297 = VERTEX_POINT ( 'NONE', #245 ) ;
#3298 = VERTEX_POINT ( 'NONE', #2252 ) ;
#3299 = CARTESIAN_POINT ( 'NONE',  ( 0.9207453358048167669, -49.23284507759364459, 17.56672083332100343 ) ) ;
#3300 = CARTESIAN_POINT ( 'NONE',  ( 44.76051296219343811, -8.443872296601433902, 7.451996950898348793 ) ) ;
#3301 = CARTESIAN_POINT ( 'NONE',  ( -49.22153442161109638, 1.182616031296042314, 17.39229297422713572 ) ) ;
#3302 = CARTESIAN_POINT ( 'NONE',  ( 6.962258785693891561, -45.04001278136639996, 13.08149677007123657 ) ) ;
#3303 = CARTESIAN_POINT ( 'NONE',  ( 6.000000000000164313, 49.09518595867977808, 22.39999999999999503 ) ) ;
#3304 = ADVANCED_FACE ( 'NONE', ( #606 ), #193, .F. ) ;
#3305 = ORIENTED_EDGE ( 'NONE', *, *, #4679, .F. ) ;
#3306 = CARTESIAN_POINT ( 'NONE',  ( 49.18405812902879859, 1.793535028643767681, 16.53942170544786450 ) ) ;
#3307 = CARTESIAN_POINT ( 'NONE',  ( -49.67948819519212122, -6.080643437824221564, 9.605366182599201608 ) ) ;
#3308 = DIRECTION ( 'NONE',  ( -1.000000000000000000, 0.000000000000000000, 0.000000000000000000 ) ) ;
#3309 = CARTESIAN_POINT ( 'NONE',  ( 1.847611234969937621, -49.17997525182538254, 15.43971419763805919 ) ) ;
#3310 = CARTESIAN_POINT ( 'NONE',  ( 49.98005525528089521, -2.645371111334342995, 15.16179318711622770 ) ) ;
#3311 = CARTESIAN_POINT ( 'NONE',  ( -6.080643437824049258, 49.67948819519215675, 9.605366182599198055 ) ) ;
#3312 = AXIS2_PLACEMENT_3D ( 'NONE', #1237, #3219, #1675 ) ;
#3313 = DIRECTION ( 'NONE',  ( -0.000000000000000000, -0.000000000000000000, -1.000000000000000000 ) ) ;
#3314 = DIRECTION ( 'NONE',  ( 1.000000000000000000, 0.000000000000000000, 0.000000000000000000 ) ) ;
#3315 = CARTESIAN_POINT ( 'NONE',  ( 49.68905815166957041, -5.999999999999992006, 10.40000000000000036 ) ) ;
#3316 = ORIENTED_EDGE ( 'NONE', *, *, #2305, .F. ) ;
#3317 = EDGE_CURVE ( 'NONE', #4374, #2978, #303, .T. ) ;
#3318 = CARTESIAN_POINT ( 'NONE',  ( -1.900000000000512834, -49.17593415482819807, 15.90000000000000036 ) ) ;
#3319 = CARTESIAN_POINT ( 'NONE',  ( 45.15310066872483930, -5.999999999999992895, 15.75000000000000000 ) ) ;
#3320 = VERTEX_POINT ( 'NONE', #1787 ) ;
#3321 = ORIENTED_EDGE ( 'NONE', *, *, #4076, .F. ) ;
#3322 = ADVANCED_FACE ( 'NONE', ( #1759 ), #3325, .F. ) ;
#3323 = CARTESIAN_POINT ( 'NONE',  ( 0.000000000000000000, 0.000000000000000000, 10.34999999999999787 ) ) ;
#3324 = AXIS2_PLACEMENT_3D ( 'NONE', #3954, #1205, #458 ) ;
#3325 = CYLINDRICAL_SURFACE ( 'NONE', #2023, 2.999999999999999112 ) ;
#3326 = DIRECTION ( 'NONE',  ( 1.000000000000000000, 0.000000000000000000, 0.000000000000000000 ) ) ;
#3327 = CARTESIAN_POINT ( 'NONE',  ( -50.02107203631972254, 1.707858053022407674, 18.02062685694282607 ) ) ;
#3328 = CARTESIAN_POINT ( 'NONE',  ( -1.899999999999830713, 49.17593415482822650, 15.89999999999924540 ) ) ;
#3329 = CARTESIAN_POINT ( 'NONE',  ( 49.22373131257211298, -1.136002728792853356, 17.42744225779213352 ) ) ;
#3330 = EDGE_LOOP ( 'NONE', ( #1025, #110, #4809, #4750, #323, #2311, #3577 ) ) ;
#3331 = CARTESIAN_POINT ( 'NONE',  ( 49.97541269385862961, 2.731605566092425441, 15.58974863176461767 ) ) ;
#3332 = CARTESIAN_POINT ( 'NONE',  ( 15.13938769133981666, 0.000000000000000000, 10.35000000000000142 ) ) ;
#3333 = VECTOR ( 'NONE', #1803, 1000.000000000000000 ) ;
#3334 = CARTESIAN_POINT ( 'NONE',  ( -49.21929231047165842, -1.226528412266530532, 14.44433224427526596 ) ) ;
#3335 = CARTESIAN_POINT ( 'NONE',  ( 2.487261590314420623, -49.98820196684840056, 14.74645870525399083 ) ) ;
#3336 = ORIENTED_EDGE ( 'NONE', *, *, #3895, .F. ) ;
#3337 = AXIS2_PLACEMENT_3D ( 'NONE', #2238, #2210, #1847 ) ;
#3338 = CARTESIAN_POINT ( 'NONE',  ( 49.99017761247478830, -2.447390892236893212, 14.66655568953930100 ) ) ;
#3339 = CARTESIAN_POINT ( 'NONE',  ( -2.994678954432755447, -44.50607405849359566, -4.336808689942017736E-16 ) ) ;
#3340 = CARTESIAN_POINT ( 'NONE',  ( 7.030567181065637377E-15, 1.590769094821261254E-15, 0.000000000000000000 ) ) ;
#3341 = CARTESIAN_POINT ( 'NONE',  ( 1.489246782084388210, 49.20461359298444393, 14.71355580516601513 ) ) ;
#3342 = CARTESIAN_POINT ( 'NONE',  ( 1.699215047776071685, -50.02136554132665225, 13.77272640340256160 ) ) ;
#3343 = ADVANCED_FACE ( 'NONE', ( #4932, #2151 ), #4208, .F. ) ;
#3344 = EDGE_LOOP ( 'NONE', ( #4815, #2818, #768, #4360, #209 ) ) ;
#3345 = DIRECTION ( 'NONE',  ( 0.000000000000000000, 0.000000000000000000, 1.000000000000000000 ) ) ;
#3346 = CARTESIAN_POINT ( 'NONE',  ( -49.24999999999999289, -2.270201487571823240E-15, 14.00000000000000000 ) ) ;
#3347 = VERTEX_POINT ( 'NONE', #4514 ) ;
#3348 = EDGE_CURVE ( 'NONE', #4676, #3942, #1369, .T. ) ;
#3349 = DIRECTION ( 'NONE',  ( 1.047444401652940007E-14, 1.000000000000000000, -0.000000000000000000 ) ) ;
#3350 = DIRECTION ( 'NONE',  ( 1.022662637710414304E-14, 1.000000000000000000, -0.000000000000000000 ) ) ;
#3351 = CARTESIAN_POINT ( 'NONE',  ( 5.999999999999630518, -35.68905815166963436, 22.39999999999999858 ) ) ;
#3352 = EDGE_CURVE ( 'NONE', #1793, #1591, #1049, .T. ) ;
#3353 = CARTESIAN_POINT ( 'NONE',  ( 0.000000000000000000, 0.000000000000000000, 13.35000000000000142 ) ) ;
#3354 = CARTESIAN_POINT ( 'NONE',  ( -49.09319736703184134, -6.000000000000003553, 22.37940404551951801 ) ) ;
#3355 = CARTESIAN_POINT ( 'NONE',  ( 49.18398237927716110, -1.796957458877847413, 15.24101530987559805 ) ) ;
#3356 = ORIENTED_EDGE ( 'NONE', *, *, #4200, .F. ) ;
#3357 = ORIENTED_EDGE ( 'NONE', *, *, #2044, .F. ) ;
#3358 = CARTESIAN_POINT ( 'NONE',  ( 49.18267777766708093, 1.812076694167970015, 15.31544293567657533 ) ) ;
#3359 = CARTESIAN_POINT ( 'NONE',  ( -49.63896329101365978, -6.402204729109691961, 8.886570812665238961 ) ) ;
#3360 = CARTESIAN_POINT ( 'NONE',  ( -1.292458587236477330, 49.21587250458038199, 17.29745498316237828 ) ) ;
#3361 = CARTESIAN_POINT ( 'NONE',  ( 1.543237178860851211, -50.03068534913625598, 14.78452732578218587 ) ) ;
#3362 = CARTESIAN_POINT ( 'NONE',  ( 1.531376376136590833, 49.20199065870055932, 17.03147933524236635 ) ) ;
#3363 = EDGE_LOOP ( 'NONE', ( #3316, #2156, #3305, #498, #3785, #4749 ) ) ;
#3364 = CARTESIAN_POINT ( 'NONE',  ( 24.00000000000000000, 10.00000000000000178, 10.34999999999999787 ) ) ;
#3365 = CARTESIAN_POINT ( 'NONE',  ( 47.70851601129508879, -8.999999999999992895, 141.5848555321889535 ) ) ;
#3366 = CARTESIAN_POINT ( 'NONE',  ( 47.70851601129508879, -5.999999999999992006, 10.40000000000000036 ) ) ;
#3367 = DIRECTION ( 'NONE',  ( -1.000000000000000000, 1.047444401652940007E-14, 0.000000000000000000 ) ) ;
#3368 = CARTESIAN_POINT ( 'NONE',  ( 1.247893711650667870, -50.03470951525095956, 13.48898601287698007 ) ) ;
#3369 = EDGE_LOOP ( 'NONE', ( #2721, #1598, #1130, #165, #4945 ) ) ;
#3370 = CARTESIAN_POINT ( 'NONE',  ( -45.04001278136632180, 6.962258785694352525, 13.08149677007124012 ) ) ;
#3371 = CARTESIAN_POINT ( 'NONE',  ( -2.638208114874090793, 49.17928789584708937, 16.47433260625842877 ) ) ;
#3372 = ORIENTED_EDGE ( 'NONE', *, *, #2760, .F. ) ;
#3373 = B_SPLINE_CURVE_WITH_KNOTS ( 'NONE', 3,
 ( #2512, #993, #2564, #3300 ),
 .UNSPECIFIED., .F., .F.,
 ( 4, 4 ),
 ( 0.000000000000000000, 0.0005689933005318160725 ),
 .UNSPECIFIED. ) ;
#3374 = AXIS2_PLACEMENT_3D ( 'NONE', #3371, #2125, #912 ) ;
#3375 = DIRECTION ( 'NONE',  ( -0.000000000000000000, -0.000000000000000000, 1.000000000000000000 ) ) ;
#3376 = CARTESIAN_POINT ( 'NONE',  ( -5.999999999999831246, 49.60076422399269092, 22.01968219540035676 ) ) ;
#3377 = CARTESIAN_POINT ( 'NONE',  ( 0.000000000000000000, 0.000000000000000000, 10.34999999999999964 ) ) ;
#3378 = CARTESIAN_POINT ( 'NONE',  ( -32.68905815166956330, -9.000000000000005329, 12.75000000000000000 ) ) ;
#3379 = CARTESIAN_POINT ( 'NONE',  ( 5.999999999999492850, -48.88315149414985683, 22.39999999999999858 ) ) ;
#3380 = CARTESIAN_POINT ( 'NONE',  ( 49.24999999999999289, -8.911775405022417717E-13, 14.00000000000000000 ) ) ;
#3381 = ORIENTED_EDGE ( 'NONE', *, *, #3569, .F. ) ;
#3382 = EDGE_CURVE ( 'NONE', #3103, #4070, #295, .T. ) ;
#3383 = ORIENTED_EDGE ( 'NONE', *, *, #4684, .T. ) ;
#3385 = EDGE_CURVE ( 'NONE', #2642, #1793, #3161, .T. ) ;
#3384 = CARTESIAN_POINT ( 'NONE',  ( -8.609955037233117281, -49.30425083707581990, 7.419025172232383447 ) ) ;
#3386 = DIRECTION ( 'NONE',  ( 0.000000000000000000, 0.000000000000000000, 1.000000000000000000 ) ) ;
#3387 = AXIS2_PLACEMENT_3D ( 'NONE', #1483, #634, #2972 ) ;
#3388 = CARTESIAN_POINT ( 'NONE',  ( -1.652343277633148810, 49.19407715275164605, 16.84506489471600332 ) ) ;
#3389 = CARTESIAN_POINT ( 'NONE',  ( -1.486905836551550459E-15, 6.000000000000004441, 22.39999999999999858 ) ) ;
#3390 = CARTESIAN_POINT ( 'NONE',  ( 2.488248817207254326, 49.98815288795746881, 17.05156423535571619 ) ) ;
#3391 = ORIENTED_EDGE ( 'NONE', *, *, #4895, .T. ) ;
#3392 = ADVANCED_FACE ( 'NONE', ( #1865 ), #456, .T. ) ;
#3393 = CARTESIAN_POINT ( 'NONE',  ( 5.999999999999483968, -49.68905815166962725, 22.39999999999999858 ) ) ;
#3394 = CARTESIAN_POINT ( 'NONE',  ( -5.999999999999831246, 49.68905815166958462, 10.40000000000000036 ) ) ;
#3395 = DIRECTION ( 'NONE',  ( 1.000000000000000000, 0.000000000000000000, 0.000000000000000000 ) ) ;
#3396 = DIRECTION ( 'NONE',  ( 1.000000000000000000, 0.000000000000000000, 0.000000000000000000 ) ) ;
#3397 = DIRECTION ( 'NONE',  ( 1.000000000000000000, 2.478176394252582127E-16, -0.000000000000000000 ) ) ;
#3398 = VERTEX_POINT ( 'NONE', #156 ) ;
#3399 = AXIS2_PLACEMENT_3D ( 'NONE', #2562, #3817, #296 ) ;
#3400 = AXIS2_PLACEMENT_3D ( 'NONE', #1889, #5037, #1508 ) ;
#3401 = CIRCLE ( 'NONE', #4134, 50.05000000000000426 ) ;
#3402 = PLANE ( 'NONE',  #5005 ) ;
#3403 = CARTESIAN_POINT ( 'NONE',  ( -8.627905400468369734, -44.72579593317474433, 7.417279921879750937 ) ) ;
#3404 = CIRCLE ( 'NONE', #3814, 0.7999999999999997113 ) ;
#3405 = ORIENTED_EDGE ( 'NONE', *, *, #3701, .F. ) ;
#3406 = CARTESIAN_POINT ( 'NONE',  ( 6.000000000000004441, -6.284666409917645088E-14, 10.40000000000000036 ) ) ;
#3407 = CARTESIAN_POINT ( 'NONE',  ( -5.999999999999833911, 48.88315149414982130, 22.39999999999999858 ) ) ;
#3408 = CARTESIAN_POINT ( 'NONE',  ( 6.619224128827366549, 49.61048892218992279, 8.564076664914223258 ) ) ;
#3409 = DIRECTION ( 'NONE',  ( -1.000000000000000000, 0.000000000000000000, 0.000000000000000000 ) ) ;
#3410 = CARTESIAN_POINT ( 'NONE',  ( 49.97892306568107301, -2.666608890547350175, 16.56036916893367561 ) ) ;
#3411 = ORIENTED_EDGE ( 'NONE', *, *, #3537, .T. ) ;
#3412 = ORIENTED_EDGE ( 'NONE', *, *, #3685, .F. ) ;
#3413 = VECTOR ( 'NONE', #1110, 1000.000000000000000 ) ;
#3414 = CARTESIAN_POINT ( 'NONE',  ( 50.03256394017064679, 1.465643902802169940, 14.68436538576231065 ) ) ;
#3415 = DIRECTION ( 'NONE',  ( -0.000000000000000000, -0.000000000000000000, -1.000000000000000000 ) ) ;
#3416 = DIRECTION ( 'NONE',  ( -1.000000000000000000, 3.491481338843133355E-15, 0.000000000000000000 ) ) ;
#3417 = CARTESIAN_POINT ( 'NONE',  ( -0.5799898205552970198, -49.24338026469180107, 14.08637910238008573 ) ) ;
#3418 = CARTESIAN_POINT ( 'NONE',  ( -2.681062256847036362, 49.97813927283517899, 16.47433260623380846 ) ) ;
#3419 = CARTESIAN_POINT ( 'NONE',  ( 1.858560548603966689, 50.02226206886975746, 15.50522763263233550 ) ) ;
#3420 = VERTEX_POINT ( 'NONE', #207 ) ;
#3421 = ADVANCED_FACE ( 'NONE', ( #4450 ), #517, .F. ) ;
#3422 = TOROIDAL_SURFACE ( 'NONE', #2930, 15.13938769133981666, 3.000000000000000000 ) ;
#3423 = CARTESIAN_POINT ( 'NONE',  ( -47.70851601129508879, -9.000000000000005329, 141.5848555321889535 ) ) ;
#3424 = CARTESIAN_POINT ( 'NONE',  ( -8.627905400467760444, 44.72579593317486513, 7.417279921879751825 ) ) ;
#3425 = DIRECTION ( 'NONE',  ( 1.000000000000000000, 2.342176784895722760E-16, -0.000000000000000000 ) ) ;
#3426 = EDGE_LOOP ( 'NONE', ( #4282, #2341, #3795, #1682 ) ) ;
#3427 = EDGE_CURVE ( 'NONE', #3604, #4509, #236, .T. ) ;
#3428 = AXIS2_PLACEMENT_3D ( 'NONE', #3353, #2178, #3054 ) ;
#3429 = CARTESIAN_POINT ( 'NONE',  ( -50.03373223207744047, 1.283893344902591105, 13.50819596702355874 ) ) ;
#3430 = CIRCLE ( 'NONE', #1953, 43.14999999999999147 ) ;
#3431 = EDGE_CURVE ( 'NONE', #1657, #1980, #4532, .T. ) ;
#3432 = CARTESIAN_POINT ( 'NONE',  ( 48.88315149414979999, 6.000000000000004441, 22.39999999999999858 ) ) ;
#3433 = ORIENTED_EDGE ( 'NONE', *, *, #3207, .T. ) ;
#3434 = VECTOR ( 'NONE', #3167, 1000.000000000000000 ) ;
#3435 = DIRECTION ( 'NONE',  ( 0.000000000000000000, 0.000000000000000000, 1.000000000000000000 ) ) ;
#3436 = DIRECTION ( 'NONE',  ( 0.000000000000000000, 0.000000000000000000, 1.000000000000000000 ) ) ;
#3437 = DIRECTION ( 'NONE',  ( 1.000000000000000000, 0.000000000000000000, 0.000000000000000000 ) ) ;
#3438 = CARTESIAN_POINT ( 'NONE',  ( 50.00651605587022885, -2.089627301378569335, 17.65870798346513837 ) ) ;
#3439 = CARTESIAN_POINT ( 'NONE',  ( 1.706505925174041094, -49.19030172470528584, 16.74334734313931250 ) ) ;
#3440 = ORIENTED_EDGE ( 'NONE', *, *, #109, .F. ) ;
#3441 = VERTEX_POINT ( 'NONE', #1012 ) ;
#3442 = CARTESIAN_POINT ( 'NONE',  ( 49.20218937767354106, 1.528256554172606752, 14.76414694005325501 ) ) ;
#3443 = PLANE ( 'NONE',  #1679 ) ;
#3444 = CARTESIAN_POINT ( 'NONE',  ( -0.9162294532946105852, 49.23300960046880448, 17.56847944760639990 ) ) ;
#3445 = CARTESIAN_POINT ( 'NONE',  ( -0.4695720792367767404, -50.04830109928307991, 14.05456982009962985 ) ) ;
#3446 = CARTESIAN_POINT ( 'NONE',  ( -4.238811379285749856E-13, -40.68905815166956330, 15.90000000000000036 ) ) ;
#3447 = CARTESIAN_POINT ( 'NONE',  ( -1.802914628682231735, 49.18337409562416696, 16.55038270876588058 ) ) ;
#3448 = ORIENTED_EDGE ( 'NONE', *, *, #4460, .T. ) ;
#3449 = CARTESIAN_POINT ( 'NONE',  ( 50.03827795888917507, -1.200025327962009669, 17.37860074803144883 ) ) ;
#3450 = CARTESIAN_POINT ( 'NONE',  ( 35.68905815166957041, 6.000000000000004441, 15.75000000000000000 ) ) ;
#3451 = CARTESIAN_POINT ( 'NONE',  ( 41.97526057096011698, -10.00000000000000711, 10.34999999999999787 ) ) ;
#3452 = DIRECTION ( 'NONE',  ( 0.000000000000000000, -1.000000000000000000, 0.000000000000000000 ) ) ;
#3453 = CARTESIAN_POINT ( 'NONE',  ( 0.6609315033929129557, -49.24190859866126857, 14.10378312326052175 ) ) ;
#3454 = ADVANCED_FACE ( 'NONE', ( #957 ), #2167, .F. ) ;
#3455 = EDGE_LOOP ( 'NONE', ( #2977, #2371, #1478, #1033, #2162, #4020, #805, #4843, #1351, #2133, #3224, #4410 ) ) ;
#3456 =( BOUNDED_SURFACE ( )  B_SPLINE_SURFACE ( 3, 2, ( 
 ( #1376, #661, #2947 ),
 ( #4513, #4621, #2620 ),
 ( #3738, #217, #2228 ),
 ( #605, #1399, #982 ),
 ( #928, #4424, #4896 ),
 ( #2549, #2498, #3650 ),
 ( #204, #1700, #1009 ),
 ( #1339, #3263, #3725 ),
 ( #4504, #903, #4529 ),
 ( #4845, #3238, #2935 ),
 ( #2885, #1314, #3703 ),
 ( #2578, #4870, #4817 ),
 ( #4112, #595, #3338 ),
 ( #4136, #2115, #1362 ),
 ( #4060, #126, #3310 ),
 ( #180, #1671, #2164 ),
 ( #3289, #1748, #4922 ),
 ( #1770, #4447, #3624 ),
 ( #1390, #2472, #2961 ),
 ( #2059, #1285, #2862 ),
 ( #4036, #153, #1725 ),
 ( #100, #514, #3679 ),
 ( #2087, #542, #569 ),
 ( #2909, #4473, #954 ),
 ( #2525, #4087, #2140 ),
 ( #4973, #736, #4164 ),
 ( #678, #3449, #1800 ),
 ( #1827, #4636, #5027 ),
 ( #3091, #4221, #4585 ),
 ( #3780, #1134, #3042 ),
 ( #2242, #3479, #1085 ),
 ( #1441, #1063, #257 ) ),
 .UNSPECIFIED., .F., .F., .T. ) 
 B_SPLINE_SURFACE_WITH_KNOTS ( ( 4, 2, 2, 2, 2, 2, 2, 2, 2, 2, 2, 2, 2, 2, 2, 4 ),
 ( 3, 3 ),
 ( 0.008441911809756867321, 0.009497150785976474219, 0.01002477027408627853, 0.01055238976219608285, 0.01108000925030588717, 0.01160762873841569148, 0.01213524822652549580, 0.01266286771463530011, 0.01319048720274510443, 0.01371810669085490875, 0.01424572617896471306, 0.01477334566707451738, 0.01530096515518432169, 0.01582858464329412601, 0.01635620413140392859, 0.01688382361951373464 ),
 ( 0.000000000000000000, 1.000000000000000000 ),
 .UNSPECIFIED. ) 
 GEOMETRIC_REPRESENTATION_ITEM ( )  RATIONAL_B_SPLINE_SURFACE ( (
 ( 1.000000000000000000, 0.7062502353816337841, 1.000000000000000000),
 ( 1.000000000000000000, 0.7073149109538640067, 1.000000000000000000),
 ( 1.000000000000000000, 0.7073790737769531933, 1.000000000000000000),
 ( 1.000000000000000000, 0.7060251933695070869, 1.000000000000000000),
 ( 1.000000000000000000, 0.7053312446083921383, 1.000000000000000000),
 ( 1.000000000000000000, 0.7035922597105772613, 1.000000000000000000),
 ( 1.000000000000000000, 0.7025407203243706489, 1.000000000000000000),
 ( 1.000000000000000000, 0.7001878776908662116, 1.000000000000000000),
 ( 1.000000000000000000, 0.6989235064968079003, 1.000000000000000000),
 ( 1.000000000000000000, 0.6963648264660829978, 1.000000000000000000),
 ( 1.000000000000000000, 0.6950563522891530788, 1.000000000000000000),
 ( 1.000000000000000000, 0.6926376890385617102, 1.000000000000000000),
 ( 1.000000000000000000, 0.6915284413175872835, 1.000000000000000000),
 ( 1.000000000000000000, 0.6896380563854738188, 1.000000000000000000),
 ( 1.000000000000000000, 0.6888589790462025242, 1.000000000000000000),
 ( 1.000000000000000000, 0.6877941517221439760, 1.000000000000000000),
 ( 1.000000000000000000, 0.6874957147359505027, 1.000000000000000000),
 ( 1.000000000000000000, 0.6874155299421996768, 1.000000000000000000),
 ( 1.000000000000000000, 0.6876383819584466206, 1.000000000000000000),
 ( 1.000000000000000000, 0.6885585110492340455, 1.000000000000000000),
 ( 1.000000000000000000, 0.6892630127168885013, 1.000000000000000000),
 ( 1.000000000000000000, 0.6910538718221864718, 1.000000000000000000),
 ( 1.000000000000000000, 0.6921223335008472866, 1.000000000000000000),
 ( 1.000000000000000000, 0.6944735238541639433, 1.000000000000000000),
 ( 1.000000000000000000, 0.6957705799916291678, 1.000000000000000000),
 ( 1.000000000000000000, 0.6983387598194963353, 1.000000000000000000),
 ( 1.000000000000000000, 0.6996162778229222390, 1.000000000000000000),
 ( 1.000000000000000000, 0.7020140026182001280, 1.000000000000000000),
 ( 1.000000000000000000, 0.7031260796374017019, 1.000000000000000000),
 ( 1.000000000000000000, 0.7049734340462391335, 1.000000000000000000),
 ( 1.000000000000000000, 0.7057231446217068216, 1.000000000000000000),
 ( 1.000000000000000000, 0.7062501851052345181, 1.000000000000000000) ) ) 
 REPRESENTATION_ITEM ( '' )  SURFACE ( )  );
#3457 = ORIENTED_EDGE ( 'NONE', *, *, #3515, .F. ) ;
#3458 = EDGE_CURVE ( 'NONE', #3610, #4002, #1776, .T. ) ;
#3459 = DIRECTION ( 'NONE',  ( -1.000000000000000000, -2.478176394252582127E-16, -0.000000000000000000 ) ) ;
#3460 = ORIENTED_EDGE ( 'NONE', *, *, #4373, .T. ) ;
#3461 = ADVANCED_FACE ( 'NONE', ( #3706 ), #1750, .F. ) ;
#3462 = DIRECTION ( 'NONE',  ( 1.000000000000000000, 0.000000000000000000, -0.000000000000000000 ) ) ;
#3463 = ORIENTED_EDGE ( 'NONE', *, *, #1495, .T. ) ;
#3464 = AXIS2_PLACEMENT_3D ( 'NONE', #2497, #3260, #2446 ) ;
#3465 = CARTESIAN_POINT ( 'NONE',  ( -0.9309550344985842996, 50.04161153637333115, 13.35402967524107964 ) ) ;
#3466 = DIRECTION ( 'NONE',  ( 1.000000000000000000, 1.154631945610162802E-14, 0.000000000000000000 ) ) ;
#3467 = CARTESIAN_POINT ( 'NONE',  ( 5.999999999999505285, -47.70851601129515274, 15.75000000000000000 ) ) ;
#3468 = VERTEX_POINT ( 'NONE', #4950 ) ;
#3469 = AXIS2_PLACEMENT_3D ( 'NONE', #2211, #1848, #3777 ) ;
#3470 = B_SPLINE_CURVE_WITH_KNOTS ( 'NONE', 3,
 ( #346, #5034, #1911, #3048, #2222, #2994, #3429, #4593, #367, #4561, #3842, #1068, #1141, #2717, #3486, #3786, #2326, #761, #4201, #4616, #1044, #2615, #684, #2248, #4174, #3812, #263, #2668, #1833, #1449, #293, #1091 ),
 .UNSPECIFIED., .F., .F.,
 ( 4, 2, 2, 2, 2, 2, 2, 2, 2, 2, 2, 2, 2, 2, 2, 4 ),
 ( 0.000000000000000000, 0.0005016963422070717504, 0.001003392684414143501, 0.001505089026621214817, 0.002006785368828286134, 0.002508481711035357668, 0.003010178053242428334, 0.003511874395449499867, 0.004013570737656571401, 0.005016963422070718805, 0.005518659764277793374, 0.006020356106484867943, 0.006522052448691942513, 0.007023748790899016214, 0.007525445133106090784, 0.008027141475313165353 ),
 .UNSPECIFIED. ) ;
#3471 = ORIENTED_EDGE ( 'NONE', *, *, #537, .T. ) ;
#3472 = CARTESIAN_POINT ( 'NONE',  ( -6.619224128827711162, -49.61048892218988726, 8.564076664914223258 ) ) ;
#3473 = CARTESIAN_POINT ( 'NONE',  ( 8.443872296601588445, 44.76051296219340259, 7.451996950898348793 ) ) ;
#3474 = CARTESIAN_POINT ( 'NONE',  ( -50.04861962129534447, -0.4081355946303377169, 14.04433113539563571 ) ) ;
#3475 = CARTESIAN_POINT ( 'NONE',  ( 1.259889496450007806, -50.03441056803094256, 13.49496900195411087 ) ) ;
#3476 = DIRECTION ( 'NONE',  ( 1.000000000000000000, 0.000000000000000000, 0.000000000000000000 ) ) ;
#3477 = CARTESIAN_POINT ( 'NONE',  ( -1.503189189927050862, 50.03165742682801209, 17.06882273127110139 ) ) ;
#3478 = ORIENTED_EDGE ( 'NONE', *, *, #2170, .F. ) ;
#3479 = CARTESIAN_POINT ( 'NONE',  ( 50.04777318656159224, -0.5334369408899388709, 17.72812306389888093 ) ) ;
#3480 = FACE_OUTER_BOUND ( 'NONE', #82, .T. ) ;
#3481 = LINE ( 'NONE', #5054, #4748 ) ;
#3482 = B_SPLINE_CURVE_WITH_KNOTS ( 'NONE', 3,
 ( #2691, #3424, #3838, #2990 ),
 .UNSPECIFIED., .F., .F.,
 ( 4, 4 ),
 ( 0.000000000000000000, 0.0005689933005318145547 ),
 .UNSPECIFIED. ) ;
#3483 = CARTESIAN_POINT ( 'NONE',  ( -5.999999999999879208, 35.68905815166959172, 22.39999999999999858 ) ) ;
#3484 = CARTESIAN_POINT ( 'NONE',  ( -3.149807816559536011, -43.03488364941561883, 0.000000000000000000 ) ) ;
#3485 = ORIENTED_EDGE ( 'NONE', *, *, #2172, .F. ) ;
#3486 = CARTESIAN_POINT ( 'NONE',  ( -49.98348548859218710, 2.579923758414423673, 14.96603389154180697 ) ) ;
#3487 = DIRECTION ( 'NONE',  ( 0.000000000000000000, -0.2101600711133295440, -0.9776669906003988553 ) ) ;
#3488 = CARTESIAN_POINT ( 'NONE',  ( -1.813079233071107632, 49.18260276907258088, 15.31856671135686909 ) ) ;
#3489 = CARTESIAN_POINT ( 'NONE',  ( 47.70851601129508879, 6.000000000000004441, 15.75000000000000000 ) ) ;
#3490 = CARTESIAN_POINT ( 'NONE',  ( 49.99254823150585736, -2.399416150535443215, 17.22159068560953799 ) ) ;
#3491 = ORIENTED_EDGE ( 'NONE', *, *, #2324, .T. ) ;
#3492 = EDGE_CURVE ( 'NONE', #3568, #361, #1418, .T. ) ;
#3493 = ORIENTED_EDGE ( 'NONE', *, *, #3134, .T. ) ;
#3494 = DIRECTION ( 'NONE',  ( -1.000000000000000000, 0.000000000000000000, 0.000000000000000000 ) ) ;
#3495 = DIRECTION ( 'NONE',  ( -0.000000000000000000, -0.000000000000000000, -1.000000000000000000 ) ) ;
#3496 = CARTESIAN_POINT ( 'NONE',  ( -49.23258938407960272, 0.9273250302980424742, 14.23704259361061553 ) ) ;
#3497 = CARTESIAN_POINT ( 'NONE',  ( -1.701290322755347084, -50.02662922368781295, 15.04515837626730956 ) ) ;
#3498 = VERTEX_POINT ( 'NONE', #1365 ) ;
#3499 = CARTESIAN_POINT ( 'NONE',  ( 7.030567181065637377E-15, 1.590769094821261254E-15, 2.399999999999999911 ) ) ;
#3500 = CARTESIAN_POINT ( 'NONE',  ( -44.65201563199583035, -9.000000000000005329, 7.400000000000000355 ) ) ;
#3501 = CARTESIAN_POINT ( 'NONE',  ( 49.53319818931370122, -7.175816456799223531, 8.010182497569092064 ) ) ;
#3502 = CARTESIAN_POINT ( 'NONE',  ( -1.204861540317970769, -49.22041120449396345, 14.42630762845952042 ) ) ;
#3503 = EDGE_LOOP ( 'NONE', ( #2942, #4384 ) ) ;
#3504 = AXIS2_PLACEMENT_3D ( 'NONE', #1279, #4418, #899 ) ;
#3505 = CARTESIAN_POINT ( 'NONE',  ( -47.70851601129508879, 5.999999999999992006, 15.75000000000000000 ) ) ;
#3506 = CIRCLE ( 'NONE', #3991, 49.25000000000000000 ) ;
#3507 = CARTESIAN_POINT ( 'NONE',  ( 0.000000000000000000, 0.000000000000000000, 12.75000000000001066 ) ) ;
#3508 = CIRCLE ( 'NONE', #1616, 51.25000000000000711 ) ;
#3509 =( BOUNDED_SURFACE ( )  B_SPLINE_SURFACE ( 3, 2, ( 
 ( #2632, #281, #203 ),
 ( #4524, #2523, #4085 ),
 ( #176, #230, #1746 ),
 ( #3309, #3724, #1361 ),
 ( #4942, #2932, #591 ),
 ( #2160, #4132, #3335 ),
 ( #1005, #617, #2574 ),
 ( #1797, #3361, #2984 ),
 ( #4550, #1030, #4607 ),
 ( #4703, #4241, #3520 ),
 ( #1949, #2292, #732 ),
 ( #309, #2338, #380 ),
 ( #3856, #2363, #3475 ),
 ( #407, #3831, #333 ),
 ( #2683, #3129, #2707 ),
 ( #5089, #4655, #3107 ),
 ( #1877, #1549, #1493 ),
 ( #1106, #3904, #2264 ),
 ( #360, #1567, #1082 ),
 ( #4313, #3445, #1520 ),
 ( #3417, #3928, #5048 ),
 ( #4287, #4681, #796 ),
 ( #1899, #3087, #3063 ),
 ( #753, #4995, #1128 ),
 ( #3882, #4266, #1177 ),
 ( #4217, #2315, #1151 ),
 ( #2658, #4632, #2750 ),
 ( #1469, #3039, #1924 ),
 ( #2725, #3497, #700 ),
 ( #772, #5024, #5068 ),
 ( #1225, #429, #3182 ),
 ( #3539, #4414, #3974 ) ),
 .UNSPECIFIED., .F., .F., .T. ) 
 B_SPLINE_SURFACE_WITH_KNOTS ( ( 4, 2, 2, 2, 2, 2, 2, 2, 2, 2, 2, 2, 2, 2, 2, 4 ),
 ( 3, 3 ),
 ( 0.008441908607104304033, 0.009497147182992340952, 0.01002476647093636028, 0.01055238575888037961, 0.01108000504682439893, 0.01160762433476841653, 0.01213524362271243412, 0.01266286291065645345, 0.01319048219860047277, 0.01371810148654449210, 0.01424572077448851143, 0.01477334006243252902, 0.01530095935037654661, 0.01582857863832056594, 0.01635619792626458527, 0.01688381721420860460 ),
 ( 0.000000000000000000, 1.000000000000000000 ),
 .UNSPECIFIED. ) 
 GEOMETRIC_REPRESENTATION_ITEM ( )  RATIONAL_B_SPLINE_SURFACE ( (
 ( 1.000000000000000000, 0.6883524773544048569, 1.000000000000000000),
 ( 1.000000000000000000, 0.6872458716678571111, 1.000000000000000000),
 ( 1.000000000000000000, 0.6871664015279768112, 1.000000000000000000),
 ( 1.000000000000000000, 0.6885372492170673819, 1.000000000000000000),
 ( 1.000000000000000000, 0.6892429765249361573, 1.000000000000000000),
 ( 1.000000000000000000, 0.6910081959478051594, 1.000000000000000000),
 ( 1.000000000000000000, 0.6920741453748961991, 1.000000000000000000),
 ( 1.000000000000000000, 0.6944488527433962943, 1.000000000000000000),
 ( 1.000000000000000000, 0.6957201699385522353, 1.000000000000000000),
 ( 1.000000000000000000, 0.6982807739522101098, 1.000000000000000000),
 ( 1.000000000000000000, 0.6995840710840627308, 1.000000000000000000),
 ( 1.000000000000000000, 0.7019835294241699719, 1.000000000000000000),
 ( 1.000000000000000000, 0.7030790365872545689, 1.000000000000000000),
 ( 1.000000000000000000, 0.7049424787662961212, 1.000000000000000000),
 ( 1.000000000000000000, 0.7057085343503954888, 1.000000000000000000),
 ( 1.000000000000000000, 0.7067584511466151742, 1.000000000000000000),
 ( 1.000000000000000000, 0.7070549077049584907, 1.000000000000000000),
 ( 1.000000000000000000, 0.7071462321102389703, 1.000000000000000000),
 ( 1.000000000000000000, 0.7069365156475677647, 1.000000000000000000),
 ( 1.000000000000000000, 0.7060527446038113997, 1.000000000000000000),
 ( 1.000000000000000000, 0.7053716257824158564, 1.000000000000000000),
 ( 1.000000000000000000, 0.7036270017125556553, 1.000000000000000000),
 ( 1.000000000000000000, 0.7025807913420083484, 1.000000000000000000),
 ( 1.000000000000000000, 0.7002623503548353057, 1.000000000000000000),
 ( 1.000000000000000000, 0.6989756134640429108, 1.000000000000000000),
 ( 1.000000000000000000, 0.6964102183726884610, 1.000000000000000000),
 ( 1.000000000000000000, 0.6951254268688666915, 1.000000000000000000),
 ( 1.000000000000000000, 0.6926990882373145197, 1.000000000000000000),
 ( 1.000000000000000000, 0.6915657158667951609, 1.000000000000000000),
 ( 1.000000000000000000, 0.6896731793293013890, 1.000000000000000000),
 ( 1.000000000000000000, 0.6888995294526218949, 1.000000000000000000),
 ( 1.000000000000000000, 0.6883525296312156261, 1.000000000000000000) ) ) 
 REPRESENTATION_ITEM ( '' )  SURFACE ( )  );
#3510 = CARTESIAN_POINT ( 'NONE',  ( 0.000000000000000000, 6.000000000000004441, 22.39999999999999858 ) ) ;
#3511 = CARTESIAN_POINT ( 'NONE',  ( 6.000000000000158984, 47.70851601129506747, 22.39999999999999858 ) ) ;
#3512 = ADVANCED_FACE ( 'NONE', ( #2091 ), #3653, .F. ) ;
#3513 = AXIS2_PLACEMENT_3D ( 'NONE', #1753, #4903, #212 ) ;
#3514 = EDGE_LOOP ( 'NONE', ( #1482, #3879 ) ) ;
#3515 = EDGE_CURVE ( 'NONE', #1747, #2404, #2281, .T. ) ;
#3516 = VERTEX_POINT ( 'NONE', #1065 ) ;
#3517 = CARTESIAN_POINT ( 'NONE',  ( -1.897565714801538350, -50.02113403987367235, 15.74560454944656485 ) ) ;
#3518 = CARTESIAN_POINT ( 'NONE',  ( -49.68905815166957041, -6.000000000000004441, 22.39999999999999858 ) ) ;
#3519 = CARTESIAN_POINT ( 'NONE',  ( -49.20439384165749885, 1.492803616119617205, 14.71811806674765322 ) ) ;
#3520 = CARTESIAN_POINT ( 'NONE',  ( 1.850064164651723964, -50.01594945458204222, 13.89831330378308216 ) ) ;
#3521 = CARTESIAN_POINT ( 'NONE',  ( -50.04972270246931743, 0.1926763367982855524, 18.59503703412203635 ) ) ;
#3522 = ORIENTED_EDGE ( 'NONE', *, *, #4198, .T. ) ;
#3523 = CARTESIAN_POINT ( 'NONE',  ( 1.141332365209122827E-13, 32.68905815166956330, 12.75000000000000000 ) ) ;
#3524 = CARTESIAN_POINT ( 'NONE',  ( -44.68964868481910457, -8.813289815228344537, 7.399999999999999467 ) ) ;
#3525 = CARTESIAN_POINT ( 'NONE',  ( -49.98158382133610189, -2.616910333980354331, 15.06905165998363039 ) ) ;
#3526 = CARTESIAN_POINT ( 'NONE',  ( -1.716479056974169914, -49.18989511827071937, 15.05268946614808101 ) ) ;
#3527 = ORIENTED_EDGE ( 'NONE', *, *, #2740, .T. ) ;
#3528 = CYLINDRICAL_SURFACE ( 'NONE', #53, 3.000000000000000000 ) ;
#3529 = CARTESIAN_POINT ( 'NONE',  ( 9.000000000000163425, 49.23415988924760001, 7.400000000000000355 ) ) ;
#3530 = CARTESIAN_POINT ( 'NONE',  ( -6.000000000000492939, -47.70851601129502484, 15.75000000000000000 ) ) ;
#3531 = CARTESIAN_POINT ( 'NONE',  ( 1.900000000000169775, 49.17593415482821229, 15.83185362230166859 ) ) ;
#3532 = CARTESIAN_POINT ( 'NONE',  ( 47.70851601129508879, -5.999999999999992006, 10.40000000000000036 ) ) ;
#3533 = ORIENTED_EDGE ( 'NONE', *, *, #4422, .T. ) ;
#3534 = ORIENTED_EDGE ( 'NONE', *, *, #1731, .F. ) ;
#3535 = CARTESIAN_POINT ( 'NONE',  ( -1.847639736560849899, -49.17997307451943101, 16.36015328182952189 ) ) ;
#3536 = LINE ( 'NONE', #865, #4975 ) ;
#3537 = EDGE_CURVE ( 'NONE', #4289, #3347, #3482, .T. ) ;
#3538 = CARTESIAN_POINT ( 'NONE',  ( -49.19536891003743051, 1.633470113448397099, 14.92169384704020629 ) ) ;
#3539 = CARTESIAN_POINT ( 'NONE',  ( -1.856514268871133799, -49.17928809044477845, 15.49582829208394408 ) ) ;
#3540 = CARTESIAN_POINT ( 'NONE',  ( 5.999999999999483968, -49.68905815166962725, 10.40000000000000036 ) ) ;
#3541 = ORIENTED_EDGE ( 'NONE', *, *, #3427, .F. ) ;
#3542 = EDGE_CURVE ( 'NONE', #3297, #2679, #1883, .T. ) ;
#3543 = VECTOR ( 'NONE', #1535, 1000.000000000000000 ) ;
#3544 = FACE_OUTER_BOUND ( 'NONE', #1909, .T. ) ;
#3545 = LINE ( 'NONE', #3258, #38 ) ;
#3546 = CARTESIAN_POINT ( 'NONE',  ( -49.17720963015157309, -1.883761040428474587, 16.17713218708014011 ) ) ;
#3547 = CARTESIAN_POINT ( 'NONE',  ( 1.889539341737185074, -49.17675723276706634, 15.66945960250549064 ) ) ;
#3548 = ORIENTED_EDGE ( 'NONE', *, *, #762, .F. ) ;
#3549 = EDGE_CURVE ( 'NONE', #5063, #535, #3070, .T. ) ;
#3550 = CARTESIAN_POINT ( 'NONE',  ( -51.25000000000000000, 1.590769094821261254E-15, 7.400000000000000355 ) ) ;
#3551 = CARTESIAN_POINT ( 'NONE',  ( 8.609955037232772668, 49.30425083707588385, 7.419025172232382559 ) ) ;
#3552 = CARTESIAN_POINT ( 'NONE',  ( -43.14999999999999147, 0.000000000000000000, 0.000000000000000000 ) ) ;
#3553 = CARTESIAN_POINT ( 'NONE',  ( 1.900000000000169775, 49.17593415482820518, 15.90000000000000036 ) ) ;
#3554 = CARTESIAN_POINT ( 'NONE',  ( -49.19306156418669218, 1.666776443713012812, 16.81933629975970135 ) ) ;
#3555 = ORIENTED_EDGE ( 'NONE', *, *, #1386, .T. ) ;
#3556 = EDGE_LOOP ( 'NONE', ( #2914, #2039, #4863, #3527, #4675, #2181, #3075 ) ) ;
#3557 = VECTOR ( 'NONE', #3397, 1000.000000000000000 ) ;
#3558 = CARTESIAN_POINT ( 'NONE',  ( -1.850118550099617343, -50.02250649844554431, 16.34940981580683328 ) ) ;
#3559 = CARTESIAN_POINT ( 'NONE',  ( 0.000000000000000000, 0.000000000000000000, 10.34999999999999964 ) ) ;
#3560 = CARTESIAN_POINT ( 'NONE',  ( -49.97605074381169743, 2.719977537346129015, 15.50332097036161016 ) ) ;
#3561 = CARTESIAN_POINT ( 'NONE',  ( 2.642199646488598841, 49.98022404301028843, 15.15000997206011668 ) ) ;
#3562 = CARTESIAN_POINT ( 'NONE',  ( -2.106843152333857550, 46.26521133956567411, 1.694065894508600678E-18 ) ) ;
#3563 = ORIENTED_EDGE ( 'NONE', *, *, #2324, .F. ) ;
#3564 = CYLINDRICAL_SURFACE ( 'NONE', #3663, 51.25000000000000711 ) ;
#3565 = FACE_OUTER_BOUND ( 'NONE', #4042, .T. ) ;
#3566 = CARTESIAN_POINT ( 'NONE',  ( -49.99243372476507119, -2.401775443497583762, 14.58264345516572291 ) ) ;
#3567 = CARTESIAN_POINT ( 'NONE',  ( -50.00517505359854198, -2.120085167814255822, 14.17804437517538396 ) ) ;
#3568 = VERTEX_POINT ( 'NONE', #3483 ) ;
#3569 = EDGE_CURVE ( 'NONE', #3815, #3604, #1811, .T. ) ;
#3570 = B_SPLINE_CURVE_WITH_KNOTS ( 'NONE', 3,
 ( #4355, #1268, #3246, #1633, #4307, #789, #2354, #861, #2403 ),
 .UNSPECIFIED., .F., .F.,
 ( 4, 1, 1, 1, 1, 1, 4 ),
 ( 1.580053490600656030, 1.942828480755070641, 2.342416538366644652, 3.141592653589793116, 3.940768768812941136, 4.340356826424515369, 4.703131816578929758 ),
 .UNSPECIFIED. ) ;
#3571 = AXIS2_PLACEMENT_3D ( 'NONE', #2607, #3016, #2550 ) ;
#3572 = LINE ( 'NONE', #1983, #1375 ) ;
#3573 = CARTESIAN_POINT ( 'NONE',  ( 44.76051296219343811, -8.443872296601433902, 7.451996950898348793 ) ) ;
#3574 = CARTESIAN_POINT ( 'NONE',  ( -1.675341651700868129, 50.02733119534953943, 14.99495935613496655 ) ) ;
#3575 = FACE_BOUND ( 'NONE', #749, .T. ) ;
#3576 = CARTESIAN_POINT ( 'NONE',  ( -0.7469441346824425842, -50.04472744553667951, 18.50390301416989658 ) ) ;
#3577 = ORIENTED_EDGE ( 'NONE', *, *, #2225, .T. ) ;
#3578 = EDGE_CURVE ( 'NONE', #4014, #1350, #3045, .T. ) ;
#3579 = AXIS2_PLACEMENT_3D ( 'NONE', #5086, #816, #3152 ) ;
#3580 = CARTESIAN_POINT ( 'NONE',  ( 8.999999999999504396, -47.70851601129518826, 141.5848555321889535 ) ) ;
#3581 = CARTESIAN_POINT ( 'NONE',  ( -49.24486826770431946, 0.5130752186937729276, 17.73311171031717492 ) ) ;
#3582 = ORIENTED_EDGE ( 'NONE', *, *, #1634, .F. ) ;
#3583 = AXIS2_PLACEMENT_3D ( 'NONE', #4500, #4107, #3723 ) ;
#3584 = ORIENTED_EDGE ( 'NONE', *, *, #2869, .F. ) ;
#3585 = CARTESIAN_POINT ( 'NONE',  ( 0.1299559944572499515, -50.05015276922694767, 18.60274256273602234 ) ) ;
#3586 = FACE_OUTER_BOUND ( 'NONE', #2873, .T. ) ;
#3587 = AXIS2_PLACEMENT_3D ( 'NONE', #4008, #3960, #487 ) ;
#3588 = CARTESIAN_POINT ( 'NONE',  ( -50.04825780221381848, 0.4753035954575406952, 14.05598142517658644 ) ) ;
#3589 = CARTESIAN_POINT ( 'NONE',  ( -8.999999999999889866, 32.68905815166959883, 12.75000000000000000 ) ) ;
#3590 = CARTESIAN_POINT ( 'NONE',  ( 8.627905400468060648, 44.72579593317480118, 7.417279921879750937 ) ) ;
#3591 = AXIS2_PLACEMENT_3D ( 'NONE', #4983, #1758, #3789 ) ;
#3592 = VERTEX_POINT ( 'NONE', #4557 ) ;
#3593 = CARTESIAN_POINT ( 'NONE',  ( -47.70851601129508879, -6.000000000000004441, 10.40000000000000036 ) ) ;
#3594 = LINE ( 'NONE', #68, #2440 ) ;
#3595 = CARTESIAN_POINT ( 'NONE',  ( -50.02253574319349383, -1.849096465643418119, 15.44660662606607993 ) ) ;
#3596 = PLANE ( 'NONE',  #4774 ) ;
#3597 = ORIENTED_EDGE ( 'NONE', *, *, #1450, .F. ) ;
#3598 = CARTESIAN_POINT ( 'NONE',  ( 41.97526057096012408, 10.00000000000000711, 10.34999999999999787 ) ) ;
#3599 = CARTESIAN_POINT ( 'NONE',  ( -40.68905815166956330, -2.081440874559089070E-15, 17.80000000000000071 ) ) ;
#3600 = CARTESIAN_POINT ( 'NONE',  ( -1.530103729571793636, 49.20207293921485814, 14.76663869005566276 ) ) ;
#3601 = CARTESIAN_POINT ( 'NONE',  ( 5.999999999999483968, -49.68905815166962725, 10.40000000000000036 ) ) ;
#3602 = EDGE_CURVE ( 'NONE', #3592, #625, #4914, .T. ) ;
#3603 = DIRECTION ( 'NONE',  ( -3.491481338843133355E-15, -1.000000000000000000, -0.000000000000000000 ) ) ;
#3604 = VERTEX_POINT ( 'NONE', #259 ) ;
#3605 = B_SPLINE_CURVE_WITH_KNOTS ( 'NONE', 3,
 ( #157, #4451, #466, #4064, #2035, #546, #1729, #3292, #3046, #4533, #2168, #260, #3342, #3809, #3368, #290, #1066, #1855, #2965, #4589, #4926, #1013, #1039, #2218, #3730, #2144, #1394, #1831, #654, #4091, #573, #2193, #2582, #2553 ),
 .UNSPECIFIED., .F., .F.,
 ( 4, 2, 2, 2, 2, 2, 2, 2, 2, 2, 2, 2, 2, 2, 2, 2, 4 ),
 ( 0.008032138514835770668, 0.008570810344627224214, 0.009109482174418679495, 0.009648154004210133042, 0.01018682583400158659, 0.01072549766379304187, 0.01126416949358449542, 0.01180284132337594896, 0.01234151315316740424, 0.01288018498295885779, 0.01341885681275031134, 0.01395752864254176488, 0.01449620047233321843, 0.01503487230212467024, 0.01557354413191612552, 0.01611221596170758080, 0.01665088779149903261 ),
 .UNSPECIFIED. ) ;
#3606 = EDGE_CURVE ( 'NONE', #4203, #1657, #403, .T. ) ;
#3607 = CARTESIAN_POINT ( 'NONE',  ( -2.441231525392142832, 49.99048028026289359, 17.14530323640283527 ) ) ;
#3608 = DIRECTION ( 'NONE',  ( -0.000000000000000000, -0.000000000000000000, -1.000000000000000000 ) ) ;
#3609 = VERTEX_POINT ( 'NONE', #5074 ) ;
#3610 = VERTEX_POINT ( 'NONE', #2637 ) ;
#3611 = ADVANCED_FACE ( 'NONE', ( #1038 ), #4698, .T. ) ;
#3612 = CARTESIAN_POINT ( 'NONE',  ( -1.544475429997474114, -50.03065428908649181, 17.01359642369602909 ) ) ;
#3613 = CARTESIAN_POINT ( 'NONE',  ( 7.030567181065637377E-15, 1.590769094821261254E-15, 21.60000000000000142 ) ) ;
#3614 = CARTESIAN_POINT ( 'NONE',  ( 1.806726183928054397, 49.18308352757603785, 15.26713269487720304 ) ) ;
#3615 = CARTESIAN_POINT ( 'NONE',  ( -0.7471811530390859435, 50.04472410299820240, 13.29615885591965174 ) ) ;
#3616 = CARTESIAN_POINT ( 'NONE',  ( 3.149807816559535123, 43.03488364941561883, 0.000000000000000000 ) ) ;
#3617 = ORIENTED_EDGE ( 'NONE', *, *, #3549, .T. ) ;
#3618 = CARTESIAN_POINT ( 'NONE',  ( 49.21901416968049148, 1.232470511272817149, 17.35142079211576771 ) ) ;
#3619 = AXIS2_PLACEMENT_3D ( 'NONE', #4068, #2969, #4854 ) ;
#3620 = CARTESIAN_POINT ( 'NONE',  ( 44.43874998241961549, -10.00000000000000888, 10.34999999999999787 ) ) ;
#3621 = CARTESIAN_POINT ( 'NONE',  ( -50.00634027923224068, -2.093811366087791281, 14.14611757799148961 ) ) ;
#3622 = CARTESIAN_POINT ( 'NONE',  ( 44.65201563199583035, -8.999999999999994671, 12.75000000000001066 ) ) ;
#3623 = VERTEX_POINT ( 'NONE', #2522 ) ;
#3624 = CARTESIAN_POINT ( 'NONE',  ( 49.97459716370887861, -2.746296772281455745, 16.03641152687585603 ) ) ;
#3625 = LINE ( 'NONE', #101, #1194 ) ;
#3626 = CARTESIAN_POINT ( 'NONE',  ( 50.03661248531082606, 1.169362358410616309, 18.34881205735140242 ) ) ;
#3627 = CARTESIAN_POINT ( 'NONE',  ( 1.131216664060108901, 49.22398156515970413, 14.36842909103400778 ) ) ;
#3628 = DIRECTION ( 'NONE',  ( 0.000000000000000000, 0.000000000000000000, 1.000000000000000000 ) ) ;
#3629 = CARTESIAN_POINT ( 'NONE',  ( 2.100705678651034525, 50.00605199153887526, 17.64599437427424178 ) ) ;
#3630 = VECTOR ( 'NONE', #1539, 1000.000000000000000 ) ;
#3631 = ORIENTED_EDGE ( 'NONE', *, *, #4627, .T. ) ;
#3632 = CARTESIAN_POINT ( 'NONE',  ( 49.60998133710855740, 6.623039614238940942, 8.559057985959517723 ) ) ;
#3633 = ORIENTED_EDGE ( 'NONE', *, *, #1477, .T. ) ;
#3634 = ORIENTED_EDGE ( 'NONE', *, *, #629, .T. ) ;
#3635 = CARTESIAN_POINT ( 'NONE',  ( 0.2133660382698852331, -49.24937449606753148, 17.79208162945626981 ) ) ;
#3636 = DIRECTION ( 'NONE',  ( 1.000000000000000000, 0.000000000000000000, 0.000000000000000000 ) ) ;
#3637 = CARTESIAN_POINT ( 'NONE',  ( -49.23515797892977730, 0.8751552159263187303, 17.60475198831420940 ) ) ;
#3638 = CARTESIAN_POINT ( 'NONE',  ( -1.247893711651018256, 50.03470951525095956, 13.48898601287698540 ) ) ;
#3639 = EDGE_CURVE ( 'NONE', #1993, #2667, #1455, .T. ) ;
#3640 = CARTESIAN_POINT ( 'NONE',  ( 49.19309914673564776, -1.666232404882482365, 16.82036054395124580 ) ) ;
#3641 = EDGE_LOOP ( 'NONE', ( #1357, #1078, #3027, #909, #580, #302 ) ) ;
#3642 = EDGE_CURVE ( 'NONE', #834, #5035, #2496, .T. ) ;
#3644 = EDGE_CURVE ( 'NONE', #4651, #4628, #979, .T. ) ;
#3643 = CARTESIAN_POINT ( 'NONE',  ( 49.97490054873345855, 2.740770475063809553, 16.11809758378968382 ) ) ;
#3645 = CARTESIAN_POINT ( 'NONE',  ( 6.000000000000155431, 46.20076976453466244, 14.24225375323959852 ) ) ;
#3646 = CARTESIAN_POINT ( 'NONE',  ( -49.24999999999997868, -0.1157152988112093162, 17.79999999999994387 ) ) ;
#3647 = CARTESIAN_POINT ( 'NONE',  ( -50.04478808357982444, -0.7406699663226860020, 13.29499355948716932 ) ) ;
#3648 = CIRCLE ( 'NONE', #1599, 26.00000000000000355 ) ;
#3649 = ORIENTED_EDGE ( 'NONE', *, *, #3277, .T. ) ;
#3650 = CARTESIAN_POINT ( 'NONE',  ( 50.03639232751193333, -1.178793534335097037, 13.45552643041964025 ) ) ;
#3651 = VERTEX_POINT ( 'NONE', #4523 ) ;
#3652 = CARTESIAN_POINT ( 'NONE',  ( -44.72579593317484381, 8.627905400467907882, 12.76727992187975325 ) ) ;
#3653 = CYLINDRICAL_SURFACE ( 'NONE', #1947, 2.999999999999999112 ) ;
#3654 = CARTESIAN_POINT ( 'NONE',  ( 5.999999999999483080, -49.68905815166962014, 10.00131485494783590 ) ) ;
#3655 = CARTESIAN_POINT ( 'NONE',  ( 0.9825835964599840544, 49.23041442931514666, 17.53090067011966013 ) ) ;
#3656 = ORIENTED_EDGE ( 'NONE', *, *, #2971, .F. ) ;
#3657 = EDGE_CURVE ( 'NONE', #4047, #402, #4021, .T. ) ;
#3658 = DIRECTION ( 'NONE',  ( -0.000000000000000000, 0.000000000000000000, 1.000000000000000000 ) ) ;
#3659 = CARTESIAN_POINT ( 'NONE',  ( -49.23745806225441868, 0.7895221462466477380, 14.16793883097109941 ) ) ;
#3660 = ORIENTED_EDGE ( 'NONE', *, *, #3049, .F. ) ;
#3661 = EDGE_CURVE ( 'NONE', #2333, #4416, #467, .T. ) ;
#3662 = ORIENTED_EDGE ( 'NONE', *, *, #3602, .F. ) ;
#3663 = AXIS2_PLACEMENT_3D ( 'NONE', #2755, #801, #3932 ) ;
#3664 = CARTESIAN_POINT ( 'NONE',  ( -0.8733435376728478916, -49.23463000230680109, 17.59201034947673037 ) ) ;
#3665 = DIRECTION ( 'NONE',  ( -0.01126387473446469403, 0.9776062928245522476, 0.2101405752247817171 ) ) ;
#3666 = EDGE_CURVE ( 'NONE', #2884, #4710, #1694, .T. ) ;
#3667 = CARTESIAN_POINT ( 'NONE',  ( -50.04375705287729659, 0.8927703346355374547, 17.59589682833619051 ) ) ;
#3668 = CARTESIAN_POINT ( 'NONE',  ( -2.342176784895721971E-15, 9.999999999999996447, 12.75000000000000000 ) ) ;
#3669 = CARTESIAN_POINT ( 'NONE',  ( -6.000000000000492939, -47.70851601129502484, 10.40000000000000036 ) ) ;
#3670 = TOROIDAL_SURFACE ( 'NONE', #1541, 49.25000000000000000, 0.8000000000000000444 ) ;
#3671 = EDGE_CURVE ( 'NONE', #3604, #1992, #307, .T. ) ;
#3672 = EDGE_LOOP ( 'NONE', ( #3952, #4162 ) ) ;
#3673 = AXIS2_PLACEMENT_3D ( 'NONE', #2502, #4663, #3396 ) ;
#3674 = CARTESIAN_POINT ( 'NONE',  ( 50.02397859866908902, 1.798434526147001167, 16.52531151997137471 ) ) ;
#3675 = LINE ( 'NONE', #2110, #4304 ) ;
#3676 = CARTESIAN_POINT ( 'NONE',  ( -50.04366738321267860, -0.8837496169810389324, 14.21323398421469975 ) ) ;
#3677 = CARTESIAN_POINT ( 'NONE',  ( -15.13938769133981666, 1.854040267725014290E-15, 13.35000000000000142 ) ) ;
#3678 = VECTOR ( 'NONE', #3930, 1000.000000000000000 ) ;
#3679 = CARTESIAN_POINT ( 'NONE',  ( 49.98837533256360643, -2.483802044464562098, 17.06098713301510728 ) ) ;
#3680 = FACE_OUTER_BOUND ( 'NONE', #5085, .T. ) ;
#3681 = CARTESIAN_POINT ( 'NONE',  ( 2.150674475088038662, 50.00387635214683257, 14.21400035391921257 ) ) ;
#3682 = DIRECTION ( 'NONE',  ( 1.000000000000000000, 0.000000000000000000, 0.000000000000000000 ) ) ;
#3683 = ORIENTED_EDGE ( 'NONE', *, *, #4269, .F. ) ;
#3684 = CARTESIAN_POINT ( 'NONE',  ( -1.680255033992567038, -49.19216022949436962, 16.79448559848057698 ) ) ;
#3685 = EDGE_CURVE ( 'NONE', #904, #3942, #2657, .T. ) ;
#3686 = CARTESIAN_POINT ( 'NONE',  ( 51.25000000000001421, 7.867083940451446275E-15, 7.400000000000000355 ) ) ;
#3687 = DIRECTION ( 'NONE',  ( 1.000000000000000000, 2.478176394252582127E-16, -0.000000000000000000 ) ) ;
#3688 = ORIENTED_EDGE ( 'NONE', *, *, #4019, .T. ) ;
#3689 = VERTEX_POINT ( 'NONE', #3776 ) ;
#3690 = CARTESIAN_POINT ( 'NONE',  ( -1.203261533512292480, -50.03821364670612581, 17.37589885158512359 ) ) ;
#3691 = CARTESIAN_POINT ( 'NONE',  ( -5.999999999999838352, 47.70851601129511010, 12.75000000000001066 ) ) ;
#3692 = CARTESIAN_POINT ( 'NONE',  ( -50.02589698871634027, 1.728497629807641323, 16.69835907412451803 ) ) ;
#3693 = DIRECTION ( 'NONE',  ( -1.000000000000000000, -0.000000000000000000, -0.000000000000000000 ) ) ;
#3694 = B_SPLINE_CURVE_WITH_KNOTS ( 'NONE', 3,
 ( #362, #383, #3186, #17 ),
 .UNSPECIFIED., .F., .F.,
 ( 4, 4 ),
 ( 0.000000000000000000, 0.0005689933005318176988 ),
 .UNSPECIFIED. ) ;
#3695 = CARTESIAN_POINT ( 'NONE',  ( 35.68905815166957041, -5.999999999999992895, 13.99264068711928211 ) ) ;
#3696 = EDGE_LOOP ( 'NONE', ( #1857, #4027, #1575, #4454, #3771 ) ) ;
#3697 = CARTESIAN_POINT ( 'NONE',  ( 50.04716647444056576, 0.5965399543662960324, 17.70837545843306060 ) ) ;
#3698 = CARTESIAN_POINT ( 'NONE',  ( -3.423997095627368482E-13, -32.68905815166956330, 12.75000000000000000 ) ) ;
#3699 = CARTESIAN_POINT ( 'NONE',  ( -49.19857810172643298, -1.586810650753220475, 16.97020974088785294 ) ) ;
#3700 = CYLINDRICAL_SURFACE ( 'NONE', #3469, 50.05000000000000426 ) ;
#3701 = EDGE_CURVE ( 'NONE', #3976, #1187, #280, .T. ) ;
#3702 = CIRCLE ( 'NONE', #4527, 43.14999999999999147 ) ;
#3703 = CARTESIAN_POINT ( 'NONE',  ( 50.00361265030567637, -2.156769170750623577, 14.22156717666945625 ) ) ;
#3704 = DIRECTION ( 'NONE',  ( 0.000000000000000000, 0.000000000000000000, 1.000000000000000000 ) ) ;
#3705 = CARTESIAN_POINT ( 'NONE',  ( 50.03252083756884616, 1.331128719552731265, 18.26750267016880969 ) ) ;
#3706 = FACE_OUTER_BOUND ( 'NONE', #3996, .T. ) ;
#3707 = CARTESIAN_POINT ( 'NONE',  ( -1.590769094821187693E-15, 7.030567181065654732E-15, 21.60000000000000142 ) ) ;
#3708 = ORIENTED_EDGE ( 'NONE', *, *, #1042, .F. ) ;
#3709 = EDGE_CURVE ( 'NONE', #261, #5019, #4549, .T. ) ;
#3710 = B_SPLINE_CURVE_WITH_KNOTS ( 'NONE', 3,
 ( #1717, #2132, #2180, #1276, #2850, #4102, #3303, #2107 ),
 .UNSPECIFIED., .F., .F.,
 ( 4, 2, 2, 4 ),
 ( 0.000000000000000000, 0.0003135887679035425724, 0.0006271775358070851448, 0.001254355071614170290 ),
 .UNSPECIFIED. ) ;
#3711 = CARTESIAN_POINT ( 'NONE',  ( -47.70851601129508879, 5.999999999999992006, 15.75000000000000000 ) ) ;
#3712 = CARTESIAN_POINT ( 'NONE',  ( 0.3995729765634103980, 50.04870639761618634, 18.57692880466288088 ) ) ;
#3713 = CARTESIAN_POINT ( 'NONE',  ( 0.000000000000000000, -10.00000000000000711, 10.34999999999999964 ) ) ;
#3714 = ORIENTED_EDGE ( 'NONE', *, *, #2421, .T. ) ;
#3715 = CARTESIAN_POINT ( 'NONE',  ( 45.04001278136632180, 6.962258785694364072, 13.08149677007124012 ) ) ;
#3716 = CARTESIAN_POINT ( 'NONE',  ( -6.000000000000492939, -47.70851601129502484, 10.40000000000000036 ) ) ;
#3717 = CARTESIAN_POINT ( 'NONE',  ( -1.259639615010508251, 49.21794753567822056, 14.45900032853463379 ) ) ;
#3718 = LINE ( 'NONE', #3668, #3215 ) ;
#3719 = DIRECTION ( 'NONE',  ( -1.047444401652940007E-14, -1.000000000000000000, 0.000000000000000000 ) ) ;
#3720 = VERTEX_POINT ( 'NONE', #3038 ) ;
#3721 = CARTESIAN_POINT ( 'NONE',  ( 50.05005586725086175, 0.09646661549637816635, 17.80177111726700190 ) ) ;
#3722 = CARTESIAN_POINT ( 'NONE',  ( -49.65099562769485431, -6.307689843926541862, 9.062095880220626398 ) ) ;
#3723 = DIRECTION ( 'NONE',  ( 1.000000000000000000, 0.000000000000000000, 0.000000000000000000 ) ) ;
#3724 = CARTESIAN_POINT ( 'NONE',  ( 1.850091366552585326, -50.02250727927851415, 15.45046055790826323 ) ) ;
#3725 = CARTESIAN_POINT ( 'NONE',  ( 50.02327250247478929, -1.642512480500606387, 13.72987010737004354 ) ) ;
#3726 = DIRECTION ( 'NONE',  ( 1.000000000000000000, 0.000000000000000000, -0.000000000000000000 ) ) ;
#3727 = CIRCLE ( 'NONE', #4643, 53.79999999999999716 ) ;
#3728 = FACE_OUTER_BOUND ( 'NONE', #1967, .T. ) ;
#3729 = CARTESIAN_POINT ( 'NONE',  ( 1.701290322754978712, 50.02662922368784137, 15.04515837626731134 ) ) ;
#3730 = CARTESIAN_POINT ( 'NONE',  ( -1.328288252207224351, -50.03259686421408503, 13.53094720576614307 ) ) ;
#3731 = ADVANCED_FACE ( 'NONE', ( #1468 ), #1492, .F. ) ;
#3732 = VERTEX_POINT ( 'NONE', #5047 ) ;
#3733 = CIRCLE ( 'NONE', #4478, 43.14999999999999147 ) ;
#3734 = CYLINDRICAL_SURFACE ( 'NONE', #807, 2.999999999999999112 ) ;
#3735 = CARTESIAN_POINT ( 'NONE',  ( -43.14999999999999147, 0.000000000000000000, 10.34999999999999964 ) ) ;
#3736 = ORIENTED_EDGE ( 'NONE', *, *, #1602, .T. ) ;
#3737 = EDGE_CURVE ( 'NONE', #1817, #4486, #2682, .T. ) ;
#3738 = CARTESIAN_POINT ( 'NONE',  ( 49.25103782569169653, -0.09739169065144061277, 13.98619855479130969 ) ) ;
#3739 = EDGE_CURVE ( 'NONE', #3398, #2978, #2603, .T. ) ;
#3740 = CARTESIAN_POINT ( 'NONE',  ( -1.910119264195080380, 49.17520167702848966, 16.05793610850926356 ) ) ;
#3741 = CARTESIAN_POINT ( 'NONE',  ( 49.37726961975243256, 6.000000000000004441, 22.24056743991561191 ) ) ;
#3742 = PLANE ( 'NONE',  #3995 ) ;
#3743 = CARTESIAN_POINT ( 'NONE',  ( 5.999999999999523048, -46.20076976453474771, 14.24225375323959852 ) ) ;
#3744 = CARTESIAN_POINT ( 'NONE',  ( -4.336808689942017736E-16, -47.40652577362286735, 0.000000000000000000 ) ) ;
#3745 = EDGE_LOOP ( 'NONE', ( #2250, #3534, #4294, #2012 ) ) ;
#3746 = ORIENTED_EDGE ( 'NONE', *, *, #698, .T. ) ;
#3747 = CARTESIAN_POINT ( 'NONE',  ( 50.03827650768950974, 1.200103461804996829, 14.42145812089980872 ) ) ;
#3748 = CARTESIAN_POINT ( 'NONE',  ( -49.45771911054151815, -7.679201388631711644, 7.699295351095010176 ) ) ;
#3749 = VECTOR ( 'NONE', #2552, 1000.000000000000000 ) ;
#3750 = CARTESIAN_POINT ( 'NONE',  ( -1.525463210910224632, 49.20235203522116763, 17.03857277085108990 ) ) ;
#3751 = CARTESIAN_POINT ( 'NONE',  ( -5.999999999999877431, 35.68905815166959172, 13.99264068711928211 ) ) ;
#3752 = CARTESIAN_POINT ( 'NONE',  ( 1.261226597881212941, 50.03438033720385647, 18.30443575818298285 ) ) ;
#3753 = AXIS2_PLACEMENT_3D ( 'NONE', #3580, #4695, #1939 ) ;
#3754 = CARTESIAN_POINT ( 'NONE',  ( 49.24673125796299900, 0.3992924238185625585, 14.04243020042823353 ) ) ;
#3755 = CARTESIAN_POINT ( 'NONE',  ( -4.336808689942017736E-16, -47.40652577362286735, 3.200000000000000178 ) ) ;
#3756 = CARTESIAN_POINT ( 'NONE',  ( 1.692708746529985930, 49.19127317178776337, 15.02818625522552942 ) ) ;
#3757 = LINE ( 'NONE', #1419, #4971 ) ;
#3758 = CIRCLE ( 'NONE', #470, 50.05000000000000426 ) ;
#3759 = EDGE_LOOP ( 'NONE', ( #2355, #3190, #2493, #2302 ) ) ;
#3760 = CIRCLE ( 'NONE', #473, 53.79999999999999716 ) ;
#3761 = DIRECTION ( 'NONE',  ( 0.000000000000000000, -1.000000000000000000, 0.000000000000000000 ) ) ;
#3762 = EDGE_CURVE ( 'NONE', #1344, #890, #3086, .T. ) ;
#3763 = DIRECTION ( 'NONE',  ( 0.000000000000000000, 0.000000000000000000, 1.000000000000000000 ) ) ;
#3764 = ORIENTED_EDGE ( 'NONE', *, *, #2261, .F. ) ;
#3765 = EDGE_CURVE ( 'NONE', #2634, #1266, #2628, .T. ) ;
#3766 = CARTESIAN_POINT ( 'NONE',  ( -2.681062256847036362, 49.97813927283517899, 16.47433260623380846 ) ) ;
#3767 = CARTESIAN_POINT ( 'NONE',  ( 1.858562985708049009, -50.02226199897542358, 16.29476088703286507 ) ) ;
#3768 = CARTESIAN_POINT ( 'NONE',  ( 49.09319736703184134, 6.000000000000003553, 22.37940404551951801 ) ) ;
#3769 = CARTESIAN_POINT ( 'NONE',  ( -2.994678954432754114, 44.50607405849358145, 8.673617379884035472E-16 ) ) ;
#3770 = FACE_OUTER_BOUND ( 'NONE', #2350, .T. ) ;
#3771 = ORIENTED_EDGE ( 'NONE', *, *, #2481, .F. ) ;
#3772 = ADVANCED_FACE ( 'NONE', ( #1029 ), #2037, .T. ) ;
#3773 = ORIENTED_EDGE ( 'NONE', *, *, #3644, .T. ) ;
#3774 = CARTESIAN_POINT ( 'NONE',  ( 50.03072969033073747, 1.541431636474627886, 14.78203008044670419 ) ) ;
#3775 = CARTESIAN_POINT ( 'NONE',  ( 5.999999999999492850, -48.88315149414985683, 22.39999999999999858 ) ) ;
#3776 = CARTESIAN_POINT ( 'NONE',  ( -44.76051296219343811, 8.443872296601435679, 12.80199695089834755 ) ) ;
#3777 = DIRECTION ( 'NONE',  ( -1.000000000000000000, 0.000000000000000000, 0.000000000000000000 ) ) ;
#3778 = CARTESIAN_POINT ( 'NONE',  ( 1.901839498435029308, 50.02100930296960257, 15.98714324496490136 ) ) ;
#3779 =( BOUNDED_CURVE ( )  B_SPLINE_CURVE ( 3, ( #562, #2953, #3695, #2878 ),
 .UNSPECIFIED., .F., .T. ) 
 B_SPLINE_CURVE_WITH_KNOTS ( ( 4, 4 ),
 ( 1.570796326794896558, 3.141592653589793116 ),
 .UNSPECIFIED. ) 
 CURVE ( )  GEOMETRIC_REPRESENTATION_ITEM ( )  RATIONAL_B_SPLINE_CURVE ( ( 1.000000000000000000, 0.8047378541243649375, 0.8047378541243649375, 1.000000000000000000 ) ) 
 REPRESENTATION_ITEM ( '' )  );
#3780 = CARTESIAN_POINT ( 'NONE',  ( 49.24186351487973923, -0.6401235716386546315, 17.69319937258759978 ) ) ;
#3781 = CARTESIAN_POINT ( 'NONE',  ( -8.610919272949354664, 49.30407481462361829, 7.419029132148367900 ) ) ;
#3782 = CARTESIAN_POINT ( 'NONE',  ( 7.242640687119400233, 34.44641746455025100, 12.75000000000000178 ) ) ;
#3783 = CARTESIAN_POINT ( 'NONE',  ( -6.000000000000508038, -49.30337566373444247, 22.31380907653662504 ) ) ;
#3784 = DIRECTION ( 'NONE',  ( -0.9771127730898002683, 0.000000000000000000, -0.2127219515347684164 ) ) ;
#3785 = ORIENTED_EDGE ( 'NONE', *, *, #2584, .F. ) ;
#3786 = CARTESIAN_POINT ( 'NONE',  ( -49.97841817032216483, 2.676293216362136906, 15.28208613545237071 ) ) ;
#3787 = DIRECTION ( 'NONE',  ( 0.01126418984362552965, -0.9776049644745664624, 0.2101467379281640457 ) ) ;
#3788 = ORIENTED_EDGE ( 'NONE', *, *, #3762, .F. ) ;
#3789 = DIRECTION ( 'NONE',  ( 3.243663699417875537E-15, 1.000000000000000000, 0.000000000000000000 ) ) ;
#3790 = DIRECTION ( 'NONE',  ( 0.000000000000000000, 1.000000000000000000, 0.000000000000000000 ) ) ;
#3791 = CARTESIAN_POINT ( 'NONE',  ( 6.000000000000166978, 49.68905815166955620, 10.20069501929510913 ) ) ;
#3792 = CARTESIAN_POINT ( 'NONE',  ( -9.000000000000461853, -44.65201563199573798, 12.75000000000001066 ) ) ;
#3793 = CARTESIAN_POINT ( 'NONE',  ( 50.04982457073818125, 0.2218123618613573877, 13.20314919187955915 ) ) ;
#3794 = CARTESIAN_POINT ( 'NONE',  ( 1.205532981876355159, -49.22037795398100002, 17.37314481701904256 ) ) ;
#3795 = ORIENTED_EDGE ( 'NONE', *, *, #1625, .F. ) ;
#3796 = ORIENTED_EDGE ( 'NONE', *, *, #2508, .T. ) ;
#3797 = CARTESIAN_POINT ( 'NONE',  ( -8.804005596779735043, -49.26998764853001234, 7.400000000000003020 ) ) ;
#3798 = CARTESIAN_POINT ( 'NONE',  ( 1.856516821577670617, -49.17928789584709648, 16.30415998218185791 ) ) ;
#3799 = ADVANCED_FACE ( 'NONE', ( #4024 ), #918, .T. ) ;
#3800 = CARTESIAN_POINT ( 'NONE',  ( -1.205532981876699994, 49.22037795398099291, 17.37314481701903901 ) ) ;
#3801 = CARTESIAN_POINT ( 'NONE',  ( -44.43874998241961549, 9.999999999999985789, -38.35374729631401891 ) ) ;
#3802 = CARTESIAN_POINT ( 'NONE',  ( 0.1584504078617198775, 49.24980162752584079, 17.79745328912653690 ) ) ;
#3803 = ORIENTED_EDGE ( 'NONE', *, *, #3201, .F. ) ;
#3804 = EDGE_CURVE ( 'NONE', #1084, #1999, #1454, .T. ) ;
#3805 = FACE_OUTER_BOUND ( 'NONE', #3696, .T. ) ;
#3806 = CARTESIAN_POINT ( 'NONE',  ( 0.000000000000000000, 0.000000000000000000, 12.75000000000000000 ) ) ;
#3807 = LINE ( 'NONE', #4531, #317 ) ;
#3808 = CARTESIAN_POINT ( 'NONE',  ( 6.000000000000166089, 49.68905815166954909, 22.39999999999999858 ) ) ;
#3809 = CARTESIAN_POINT ( 'NONE',  ( 1.403773625024439919, -50.03052830030175357, 13.57342057409380587 ) ) ;
#3810 = ORIENTED_EDGE ( 'NONE', *, *, #2825, .T. ) ;
#3811 =( BOUNDED_CURVE ( )  B_SPLINE_CURVE ( 3, ( #2216, #3782, #2580, #235 ),
 .UNSPECIFIED., .F., .T. ) 
 B_SPLINE_CURVE_WITH_KNOTS ( ( 4, 4 ),
 ( 1.570796326794896558, 3.141592653589793116 ),
 .UNSPECIFIED. ) 
 CURVE ( )  GEOMETRIC_REPRESENTATION_ITEM ( )  RATIONAL_B_SPLINE_CURVE ( ( 1.000000000000000000, 0.8047378541243649375, 0.8047378541243649375, 1.000000000000000000 ) ) 
 REPRESENTATION_ITEM ( '' )  );
#3812 = CARTESIAN_POINT ( 'NONE',  ( -50.01893678959048373, 1.767236059880405108, 17.97191869657186558 ) ) ;
#3813 = CARTESIAN_POINT ( 'NONE',  ( 6.000000000000158984, 47.70851601129506747, 10.40000000000000036 ) ) ;
#3814 = AXIS2_PLACEMENT_3D ( 'NONE', #3250, #3665, #2538 ) ;
#3815 = VERTEX_POINT ( 'NONE', #4490 ) ;
#3816 = EDGE_CURVE ( 'NONE', #2568, #1747, #4993, .T. ) ;
#3817 = DIRECTION ( 'NONE',  ( -0.000000000000000000, 0.000000000000000000, 1.000000000000000000 ) ) ;
#3818 = DIRECTION ( 'NONE',  ( -1.000000000000000000, 1.022662637710414777E-14, 0.000000000000000000 ) ) ;
#3819 = CARTESIAN_POINT ( 'NONE',  ( 8.037535035094713010, 49.40074561390377283, 7.551937353726717816 ) ) ;
#3820 = CARTESIAN_POINT ( 'NONE',  ( -10.00000000000000000, 0.000000000000000000, 12.75000000000000000 ) ) ;
#3821 = CARTESIAN_POINT ( 'NONE',  ( 50.03666489623871172, -1.167074199114794597, 13.45015808599022655 ) ) ;
#3822 = CARTESIAN_POINT ( 'NONE',  ( 49.23448741417022489, -0.8961500070634883519, 14.20876144514328843 ) ) ;
#3823 = ORIENTED_EDGE ( 'NONE', *, *, #1155, .T. ) ;
#3824 = ORIENTED_EDGE ( 'NONE', *, *, #3348, .T. ) ;
#3825 = AXIS2_PLACEMENT_3D ( 'NONE', #3423, #4271, #5001 ) ;
#3826 = EDGE_CURVE ( 'NONE', #4416, #2333, #223, .T. ) ;
#3827 = CARTESIAN_POINT ( 'NONE',  ( -6.000000000000512479, -49.68905815166950646, 10.40000000000000036 ) ) ;
#3828 = CARTESIAN_POINT ( 'NONE',  ( 8.813289815227875579, -44.68964868481919694, 12.75000000000000000 ) ) ;
#3829 = EDGE_CURVE ( 'NONE', #1999, #2559, #247, .T. ) ;
#3830 = CARTESIAN_POINT ( 'NONE',  ( -9.000000000000005329, 3.142333204958821913E-14, 15.75000000000000000 ) ) ;
#3831 = CARTESIAN_POINT ( 'NONE',  ( 0.6582225749313650454, -50.04652452957565600, 14.11315007039470970 ) ) ;
#3832 = DIRECTION ( 'NONE',  ( 0.000000000000000000, 0.000000000000000000, -1.000000000000000000 ) ) ;
#3833 = CARTESIAN_POINT ( 'NONE',  ( -2.458572789473491671, 49.99000062207259987, 17.14998566216500109 ) ) ;
#3834 = VERTEX_POINT ( 'NONE', #3378 ) ;
#3835 = AXIS2_PLACEMENT_3D ( 'NONE', #3030, #3436, #2973 ) ;
#3836 = DIRECTION ( 'NONE',  ( 1.000000000000000000, 0.000000000000000000, 0.000000000000000000 ) ) ;
#3837 = CARTESIAN_POINT ( 'NONE',  ( 0.000000000000000000, 0.000000000000000000, 10.34999999999999787 ) ) ;
#3838 = CARTESIAN_POINT ( 'NONE',  ( -8.813289815228184665, 44.68964868481914010, 7.399999999999999467 ) ) ;
#3839 = CARTESIAN_POINT ( 'NONE',  ( -49.53319818931370122, 7.175816456799223531, 8.010182497569092064 ) ) ;
#3840 = VERTEX_POINT ( 'NONE', #690 ) ;
#3841 = AXIS2_PLACEMENT_3D ( 'NONE', #1119, #4258, #788 ) ;
#3842 = CARTESIAN_POINT ( 'NONE',  ( -50.00739273265450180, 2.067281389597535490, 14.11705279496601051 ) ) ;
#3843 = ORIENTED_EDGE ( 'NONE', *, *, #762, .T. ) ;
#3844 = VECTOR ( 'NONE', #4739, 1000.000000000000000 ) ;
#3845 = DIRECTION ( 'NONE',  ( 0.000000000000000000, 0.000000000000000000, 1.000000000000000000 ) ) ;
#3846 = ORIENTED_EDGE ( 'NONE', *, *, #2322, .F. ) ;
#3847 = EDGE_CURVE ( 'NONE', #3141, #2224, #1126, .T. ) ;
#3848 = CARTESIAN_POINT ( 'NONE',  ( 0.4695720792364226348, 50.04830109928369097, 14.05456982009962985 ) ) ;
#3849 = CARTESIAN_POINT ( 'NONE',  ( -3.146085575092234077, 43.50489301306120637, 4.336808689942017736E-16 ) ) ;
#3850 = CARTESIAN_POINT ( 'NONE',  ( 49.98161364501100934, -2.616355362911956028, 16.73285917759381292 ) ) ;
#3851 = CARTESIAN_POINT ( 'NONE',  ( -0.4352846882048241883, -49.24722164038591643, 17.76416327257970451 ) ) ;
#3852 = EDGE_LOOP ( 'NONE', ( #4213, #2744, #1259, #3633, #3471, #2844, #329, #4836 ) ) ;
#3853 = ORIENTED_EDGE ( 'NONE', *, *, #4297, .F. ) ;
#3854 = CARTESIAN_POINT ( 'NONE',  ( 50.03632596032665703, 1.295565406139026043, 14.50455085309556047 ) ) ;
#3855 = CARTESIAN_POINT ( 'NONE',  ( -45.15310066872483930, 8.999999999999994671, 7.400000000000000355 ) ) ;
#3856 = CARTESIAN_POINT ( 'NONE',  ( 0.8724176533847453063, -49.23465975005300521, 14.20757077984546335 ) ) ;
#3857 = DIRECTION ( 'NONE',  ( 1.000000000000000000, 0.000000000000000000, 0.000000000000000000 ) ) ;
#3858 = CARTESIAN_POINT ( 'NONE',  ( -0.8373179938974816272, 50.04327228292903129, 18.47722476158974914 ) ) ;
#3859 = B_SPLINE_CURVE_WITH_KNOTS ( 'NONE', 3,
 ( #4977, #4951, #4140, #623, #184, #1774 ),
 .UNSPECIFIED., .F., .F.,
 ( 4, 2, 4 ),
 ( 0.01664199111734970468, 0.01693291363771843791, 0.01722383615808717114 ),
 .UNSPECIFIED. ) ;
#3860 = ORIENTED_EDGE ( 'NONE', *, *, #1785, .F. ) ;
#3861 = CARTESIAN_POINT ( 'NONE',  ( 49.23415988924762843, 9.000000000000005329, 7.400000000000000355 ) ) ;
#3862 = CARTESIAN_POINT ( 'NONE',  ( 47.70851601129508879, -5.999999999999992006, 15.75000000000000000 ) ) ;
#3863 = CARTESIAN_POINT ( 'NONE',  ( 50.04667816164564442, 0.5766324519660305237, 13.26029554797696086 ) ) ;
#3864 = CARTESIAN_POINT ( 'NONE',  ( 49.67015404872766027, -6.155010746064824900, 9.427885422204550281 ) ) ;
#3865 = CARTESIAN_POINT ( 'NONE',  ( 1.567763947207692521, -49.20007198205497900, 14.80214380782285666 ) ) ;
#3866 = ORIENTED_EDGE ( 'NONE', *, *, #927, .F. ) ;
#3867 = ADVANCED_FACE ( 'NONE', ( #721 ), #3742, .F. ) ;
#3868 = CARTESIAN_POINT ( 'NONE',  ( 46.20076976453469086, -5.999999999999993783, 14.24225375323960563 ) ) ;
#3869 = ORIENTED_EDGE ( 'NONE', *, *, #1602, .F. ) ;
#3870 = ADVANCED_FACE ( 'NONE', ( #1789 ), #271, .T. ) ;
#3871 = DIRECTION ( 'NONE',  ( -3.491481338843133355E-15, -1.000000000000000000, 0.000000000000000000 ) ) ;
#3872 = EDGE_CURVE ( 'NONE', #2258, #1344, #4666, .T. ) ;
#3873 = CIRCLE ( 'NONE', #1653, 43.14999999999999147 ) ;
#3874 = CARTESIAN_POINT ( 'NONE',  ( -1.185028928411642424, 49.22141628430423310, 14.40963313886219410 ) ) ;
#3875 = CARTESIAN_POINT ( 'NONE',  ( -5.999999999999838352, 47.70851601129511010, 15.75000000000000000 ) ) ;
#3876 = CARTESIAN_POINT ( 'NONE',  ( -8.443872296601290017, 44.76051296219346654, 7.451996950898348793 ) ) ;
#3877 = ORIENTED_EDGE ( 'NONE', *, *, #4940, .F. ) ;
#3878 = CIRCLE ( 'NONE', #1165, 26.00000000000000355 ) ;
#3879 = ORIENTED_EDGE ( 'NONE', *, *, #2424, .T. ) ;
#3880 = DIRECTION ( 'NONE',  ( 1.000000000000000000, 2.478176394252582127E-16, -0.000000000000000000 ) ) ;
#3881 = CARTESIAN_POINT ( 'NONE',  ( -50.04716647444056576, 0.5965399543663093551, 14.09162454156678557 ) ) ;
#3882 = CARTESIAN_POINT ( 'NONE',  ( -1.230410292641703096, -49.21911676429887450, 14.44689942214467493 ) ) ;
#3883 = VERTEX_POINT ( 'NONE', #3792 ) ;
#3884 = ADVANCED_FACE ( 'NONE', ( #2565 ), #2643, .F. ) ;
#3885 = DIRECTION ( 'NONE',  ( -1.000000000000000000, -2.478176394252582127E-16, 0.000000000000000000 ) ) ;
#3886 = CARTESIAN_POINT ( 'NONE',  ( -24.00000000000000711, 9.999999999999991118, -38.35374729631401891 ) ) ;
#3887 = PRODUCT_CONTEXT ( 'NONE', #2048, 'mechanical' ) ;
#3888 = CARTESIAN_POINT ( 'NONE',  ( 49.68905815166957041, -5.999999999999992895, 10.20069501929510913 ) ) ;
#3889 = CARTESIAN_POINT ( 'NONE',  ( -0.9172588862691518630, -49.23297194206106298, 14.23206576790071587 ) ) ;
#3890 = ORIENTED_EDGE ( 'NONE', *, *, #4277, .T. ) ;
#3891 = CARTESIAN_POINT ( 'NONE',  ( 9.000000000000149214, 44.65201563199580193, 7.400000000000000355 ) ) ;
#3892 = EDGE_CURVE ( 'NONE', #3834, #3516, #220, .T. ) ;
#3893 = DIRECTION ( 'NONE',  ( 1.000000000000000000, 0.000000000000000000, 0.000000000000000000 ) ) ;
#3894 = VECTOR ( 'NONE', #4299, 1000.000000000000000 ) ;
#3895 = EDGE_CURVE ( 'NONE', #4421, #3623, #3508, .T. ) ;
#3896 = CARTESIAN_POINT ( 'NONE',  ( -10.00000000000000000, -44.43874998241961549, 12.75000000000000000 ) ) ;
#3897 = CARTESIAN_POINT ( 'NONE',  ( 50.04177228924196896, -0.9220655202821054219, 18.44899339064895827 ) ) ;
#3898 = EDGE_LOOP ( 'NONE', ( #2386, #520, #1959, #4154, #4927, #145, #2485, #3013, #3965, #2323, #2479, #694 ) ) ;
#3899 = ORIENTED_EDGE ( 'NONE', *, *, #698, .F. ) ;
#3900 = AXIS2_PLACEMENT_3D ( 'NONE', #672, #3037, #331 ) ;
#3901 = LINE ( 'NONE', #4337, #800 ) ;
#3902 = CARTESIAN_POINT ( 'NONE',  ( 44.65201563199583745, 9.000000000000005329, 7.400000000000000355 ) ) ;
#3903 = CARTESIAN_POINT ( 'NONE',  ( -49.98158421849817046, 2.616884681063474272, 16.73068635442033170 ) ) ;
#3904 = CARTESIAN_POINT ( 'NONE',  ( -0.09309819140658102954, -50.05006380956764644, 13.99797698902750653 ) ) ;
#3905 = CARTESIAN_POINT ( 'NONE',  ( -50.04860325317127234, 0.3862371958896637092, 18.57483142713967084 ) ) ;
#3906 = AXIS2_PLACEMENT_3D ( 'NONE', #3365, #1416, #2988 ) ;
#3907 = ORIENTED_EDGE ( 'NONE', *, *, #664, .T. ) ;
#3908 = CARTESIAN_POINT ( 'NONE',  ( -5.612109643228905295E-13, -53.80000000000056559, 15.90000000000000036 ) ) ;
#3909 = DIRECTION ( 'NONE',  ( -1.000000000000000000, 0.000000000000000000, 0.000000000000000000 ) ) ;
#3910 = CARTESIAN_POINT ( 'NONE',  ( -49.98005525528089521, -2.645371111334309688, 16.63820681288392578 ) ) ;
#3911 = CARTESIAN_POINT ( 'NONE',  ( 1.847352416859197710, -49.17999394835448612, 15.44087382259988317 ) ) ;
#3912 = ORIENTED_EDGE ( 'NONE', *, *, #3666, .F. ) ;
#3913 = LINE ( 'NONE', #1623, #3844 ) ;
#3914 = CARTESIAN_POINT ( 'NONE',  ( 49.24944284046242160, -0.2011575199847833451, 17.79286738972220405 ) ) ;
#3915 = AXIS2_PLACEMENT_3D ( 'NONE', #2296, #337, #2688 ) ;
#3916 = CARTESIAN_POINT ( 'NONE',  ( -5.999999999999833911, 48.88315149414982130, 22.39999999999999858 ) ) ;
#3917 = VECTOR ( 'NONE', #3919, 1000.000000000000000 ) ;
#3918 = EDGE_CURVE ( 'NONE', #3398, #2568, #1459, .T. ) ;
#3919 = DIRECTION ( 'NONE',  ( 1.022662637710414146E-14, 1.000000000000000000, -0.000000000000000000 ) ) ;
#3920 = CARTESIAN_POINT ( 'NONE',  ( -3.149807816559536011, -43.03488364941561883, 3.200000000000000178 ) ) ;
#3921 = VECTOR ( 'NONE', #1422, 1000.000000000000000 ) ;
#3922 = ORIENTED_EDGE ( 'NONE', *, *, #4779, .T. ) ;
#3923 = EDGE_CURVE ( 'NONE', #3990, #2466, #2647, .T. ) ;
#3924 = ORIENTED_EDGE ( 'NONE', *, *, #393, .T. ) ;
#3925 = DIRECTION ( 'NONE',  ( -0.000000000000000000, -0.000000000000000000, -1.000000000000000000 ) ) ;
#3926 = CARTESIAN_POINT ( 'NONE',  ( 49.23745806225441868, 0.7895221462466548434, 17.63206116902890130 ) ) ;
#3927 = CARTESIAN_POINT ( 'NONE',  ( -49.21901416968049148, 1.232470511272657054, 14.44857920788408023 ) ) ;
#3928 = CARTESIAN_POINT ( 'NONE',  ( -0.5925030700731572786, -50.04720764391426968, 14.09024394999776320 ) ) ;
#3929 = ADVANCED_FACE ( 'NONE', ( #608 ), #2616, .T. ) ;
#3930 = DIRECTION ( 'NONE',  ( 1.000000000000000000, -3.491481338843133355E-15, 0.000000000000000000 ) ) ;
#3931 = ORIENTED_EDGE ( 'NONE', *, *, #3642, .F. ) ;
#3932 = DIRECTION ( 'NONE',  ( -1.000000000000000000, 0.000000000000000000, 0.000000000000000000 ) ) ;
#3933 = CARTESIAN_POINT ( 'NONE',  ( -47.70851601129508879, -6.000000000000004441, 15.75000000000000000 ) ) ;
#3934 = CARTESIAN_POINT ( 'NONE',  ( -50.03345168032254975, -1.427369687894717298, 17.16037878189471400 ) ) ;
#3935 = CARTESIAN_POINT ( 'NONE',  ( -1.524891929184717831, -49.20238890146291766, 14.76058634475433706 ) ) ;
#3936 = VERTEX_POINT ( 'NONE', #5016 ) ;
#3937 = DIRECTION ( 'NONE',  ( -0.000000000000000000, -0.000000000000000000, -1.000000000000000000 ) ) ;
#3938 = CARTESIAN_POINT ( 'NONE',  ( 6.019663890003131179, 49.68669491621862733, 10.00476596493292725 ) ) ;
#3939 = CARTESIAN_POINT ( 'NONE',  ( 0.6636116218619094731, -50.04590812482233986, 18.52571525454381529 ) ) ;
#3940 = PLANE ( 'NONE',  #1053 ) ;
#3941 = DIRECTION ( 'NONE',  ( 0.000000000000000000, 0.000000000000000000, 1.000000000000000000 ) ) ;
#3942 = VERTEX_POINT ( 'NONE', #4623 ) ;
#3943 = EDGE_LOOP ( 'NONE', ( #1608, #4641, #4965, #3788, #4602, #320, #3244, #1926, #4283, #759, #2805, #1208 ) ) ;
#3944 = VECTOR ( 'NONE', #1620, 1000.000000000000000 ) ;
#3945 = CARTESIAN_POINT ( 'NONE',  ( -1.901839498434103604, -50.02100930296957415, 15.98714324496531702 ) ) ;
#3946 = CARTESIAN_POINT ( 'NONE',  ( 8.999999999999490186, -49.23415988924772080, 7.400000000000000355 ) ) ;
#3947 = ADVANCED_FACE ( 'NONE', ( #4232 ), #3080, .F. ) ;
#3948 = CARTESIAN_POINT ( 'NONE',  ( -50.02101613817173131, 1.901605243289602454, 15.99266377808639561 ) ) ;
#3949 = CARTESIAN_POINT ( 'NONE',  ( 2.442525277794161287, 49.99041666347903146, 14.65720494846344479 ) ) ;
#3950 = CARTESIAN_POINT ( 'NONE',  ( 49.68905815166957041, -5.999999999999992006, 10.40000000000000036 ) ) ;
#3951 = B_SPLINE_CURVE_WITH_KNOTS ( 'NONE', 3,
 ( #4656, #4682, #3590, #65 ),
 .UNSPECIFIED., .F., .F.,
 ( 4, 4 ),
 ( 0.000000000000000000, 0.0005689933005318165062 ),
 .UNSPECIFIED. ) ;
#3952 = ORIENTED_EDGE ( 'NONE', *, *, #1982, .T. ) ;
#3953 = FACE_OUTER_BOUND ( 'NONE', #461, .T. ) ;
#3954 = CARTESIAN_POINT ( 'NONE',  ( -53.79999999999999716, -2.314123766397086009E-15, 15.90000000000000036 ) ) ;
#3955 = CARTESIAN_POINT ( 'NONE',  ( -49.97543868804539358, -2.731129593500642105, 15.58630055273787995 ) ) ;
#3956 = CARTESIAN_POINT ( 'NONE',  ( 0.000000000000000000, 0.000000000000000000, -38.35374729631401891 ) ) ;
#3957 = ORIENTED_EDGE ( 'NONE', *, *, #1846, .T. ) ;
#3958 = EDGE_CURVE ( 'NONE', #4261, #336, #3121, .T. ) ;
#3959 = ADVANCED_FACE ( 'NONE', ( #2699 ), #398, .T. ) ;
#3960 = DIRECTION ( 'NONE',  ( 0.000000000000000000, 0.000000000000000000, 1.000000000000000000 ) ) ;
#3961 = EDGE_LOOP ( 'NONE', ( #1648, #3983, #600, #3117, #3899 ) ) ;
#3962 = CARTESIAN_POINT ( 'NONE',  ( -1.281087462410596345, 49.21649371870336864, 14.49140565802618497 ) ) ;
#3963 = CARTESIAN_POINT ( 'NONE',  ( 1.900000000000169775, 49.17593415482820518, 15.90000000000000036 ) ) ;
#3964 = CARTESIAN_POINT ( 'NONE',  ( -40.68905815166956330, -2.314123766397086009E-15, 15.90000000000000036 ) ) ;
#3965 = ORIENTED_EDGE ( 'NONE', *, *, #242, .T. ) ;
#3966 = CARTESIAN_POINT ( 'NONE',  ( -9.000000000000337508, -32.68905815166947093, 12.75000000000000000 ) ) ;
#3967 = CARTESIAN_POINT ( 'NONE',  ( 44.76051296219343811, -8.443872296601433902, 7.451996950898348793 ) ) ;
#3968 = ADVANCED_FACE ( 'NONE', ( #5082 ), #4746, .F. ) ;
#3969 = ORIENTED_EDGE ( 'NONE', *, *, #1191, .T. ) ;
#3970 = ORIENTED_EDGE ( 'NONE', *, *, #2219, .F. ) ;
#3971 = DIRECTION ( 'NONE',  ( 0.000000000000000000, 0.000000000000000000, 1.000000000000000000 ) ) ;
#3972 = CARTESIAN_POINT ( 'NONE',  ( 49.24651226584055053, 0.4655866865414888256, 17.75654342475527159 ) ) ;
#3973 = CARTESIAN_POINT ( 'NONE',  ( -49.18267777766708093, 1.812076694167903845, 16.48455706432358525 ) ) ;
#3974 = CARTESIAN_POINT ( 'NONE',  ( -2.681058570386108730, -49.97813947059412953, 15.32565073085612894 ) ) ;
#3975 = DIRECTION ( 'NONE',  ( -1.000000000000000000, -0.000000000000000000, -0.000000000000000000 ) ) ;
#3976 = VERTEX_POINT ( 'NONE', #55 ) ;
#3977 = ADVANCED_FACE ( 'NONE', ( #1168 ), #4331, .F. ) ;
#3978 = EDGE_CURVE ( 'NONE', #1420, #1919, #2742, .T. ) ;
#3979 = FACE_OUTER_BOUND ( 'NONE', #4343, .T. ) ;
#3980 = DIRECTION ( 'NONE',  ( -0.000000000000000000, -0.000000000000000000, -1.000000000000000000 ) ) ;
#3981 = CARTESIAN_POINT ( 'NONE',  ( -49.17663047736533599, -1.891186233842632847, 15.67924853711476629 ) ) ;
#3982 = CARTESIAN_POINT ( 'NONE',  ( -50.01898520904410361, -1.765864681064630570, 13.82695856500445508 ) ) ;
#3983 = ORIENTED_EDGE ( 'NONE', *, *, #4875, .F. ) ;
#3984 = AXIS2_PLACEMENT_3D ( 'NONE', #4740, #1212, #2060 ) ;
#3985 = FACE_OUTER_BOUND ( 'NONE', #2426, .T. ) ;
#3986 = FACE_OUTER_BOUND ( 'NONE', #4617, .T. ) ;
#3987 = CARTESIAN_POINT ( 'NONE',  ( -2.487261590314769677, 49.98820196684838635, 14.74645870525399083 ) ) ;
#3988 = CARTESIAN_POINT ( 'NONE',  ( 6.000000000000120792, 35.68905815166954909, 22.39999999999999858 ) ) ;
#3989 = CARTESIAN_POINT ( 'NONE',  ( 2.585686668929524146, -49.98321672783816183, 16.82067609641325845 ) ) ;
#3990 = VERTEX_POINT ( 'NONE', #3896 ) ;
#3991 = AXIS2_PLACEMENT_3D ( 'NONE', #1466, #2655, #1517 ) ;
#3992 = CARTESIAN_POINT ( 'NONE',  ( -2.147256774917845945, 50.00402435061550932, 17.59026159568736958 ) ) ;
#3993 = CARTESIAN_POINT ( 'NONE',  ( 46.20076976453469086, -5.999999999999992006, 8.892253753239591774 ) ) ;
#3994 = EDGE_LOOP ( 'NONE', ( #4484, #815, #4915, #2920, #2834 ) ) ;
#3995 = AXIS2_PLACEMENT_3D ( 'NONE', #325, #4934, #2624 ) ;
#3996 = EDGE_LOOP ( 'NONE', ( #2016, #1966, #4963, #1973, #4308 ) ) ;
#3997 = CARTESIAN_POINT ( 'NONE',  ( -1.674943102820362295, -50.02734093146234073, 16.80557836167186991 ) ) ;
#3998 = CARTESIAN_POINT ( 'NONE',  ( -10.00000000000000000, -44.43874998241961549, 10.34999999999999787 ) ) ;
#3999 = CARTESIAN_POINT ( 'NONE',  ( -0.4336648583955996505, 49.24722634304767155, 14.03577733132781802 ) ) ;
#4000 = LINE ( 'NONE', #2802, #3131 ) ;
#4001 = DIRECTION ( 'NONE',  ( -1.000000000000000000, -0.000000000000000000, -0.000000000000000000 ) ) ;
#4002 = VERTEX_POINT ( 'NONE', #4354 ) ;
#4003 = CARTESIAN_POINT ( 'NONE',  ( 49.17660489867262896, 1.891515822876981723, 15.68167496325994392 ) ) ;
#4004 = CARTESIAN_POINT ( 'NONE',  ( -35.68905815166957041, 0.000000000000000000, 22.39999999999999858 ) ) ;
#4005 = CARTESIAN_POINT ( 'NONE',  ( -49.24322644853886288, -0.5861833425684040977, 17.71154906449102739 ) ) ;
#4006 = CARTESIAN_POINT ( 'NONE',  ( -50.04917733229709853, -0.3304351321862456503, 18.58535509866020519 ) ) ;
#4007 = ORIENTED_EDGE ( 'NONE', *, *, #1938, .F. ) ;
#4008 = CARTESIAN_POINT ( 'NONE',  ( 0.000000000000000000, 0.000000000000000000, 22.39999999999999858 ) ) ;
#4009 = ORIENTED_EDGE ( 'NONE', *, *, #4043, .T. ) ;
#4010 = CARTESIAN_POINT ( 'NONE',  ( 50.04326245912694304, 0.8377826552086170553, 18.47703384481113886 ) ) ;
#4011 = CARTESIAN_POINT ( 'NONE',  ( -0.8724176533850971360, 49.23465975005299100, 14.20757077984546868 ) ) ;
#4012 = CARTESIAN_POINT ( 'NONE',  ( 6.307689843926019613, -49.65099562769488983, 9.062095880220621069 ) ) ;
#4013 = CARTESIAN_POINT ( 'NONE',  ( 1.630757484602779916, -50.02365661584403966, 18.07863516202760934 ) ) ;
#4014 = VERTEX_POINT ( 'NONE', #765 ) ;
#4015 = ADVANCED_FACE ( 'NONE', ( #4718 ), #4306, .T. ) ;
#4016 = PRODUCT_DEFINITION_CONTEXT ( 'detailed design', #2653, 'design' ) ;
#4017 = CARTESIAN_POINT ( 'NONE',  ( 49.26999247902672607, 8.803979171730055953, 7.400000000000000355 ) ) ;
#4018 = ORIENTED_EDGE ( 'NONE', *, *, #2957, .T. ) ;
#4019 = EDGE_CURVE ( 'NONE', #1312, #1658, #2602, .T. ) ;
#4020 = ORIENTED_EDGE ( 'NONE', *, *, #3515, .T. ) ;
#4021 = B_SPLINE_CURVE_WITH_KNOTS ( 'NONE', 3,
 ( #511, #4084, #4813, #1767, #3334, #1388, #2906, #1360, #150, #1280, #2958, #2112, #4131, #567, #2137, #1004, #122, #3699, #1745, #2083, #2573, #616, #2857, #4866, #3646, #4419 ),
 .UNSPECIFIED., .F., .F.,
 ( 4, 2, 2, 2, 2, 2, 2, 2, 2, 2, 2, 2, 4 ),
 ( 0.0004015657029593702873, 0.001100489243792154717, 0.001449951014208547637, 0.001799412784624940774, 0.002148874555041333911, 0.002498336325457726614, 0.002847798095874119750, 0.003197259866290512453, 0.003896183407123308701, 0.004595106947956104949, 0.005294030488788902498, 0.005643492259205300406, 0.005992954029621699180 ),
 .UNSPECIFIED. ) ;
#4022 = CARTESIAN_POINT ( 'NONE',  ( 0.4584259423304313241, -49.24599920246456008, 17.74806482954767972 ) ) ;
#4023 = CARTESIAN_POINT ( 'NONE',  ( 49.22572507809783815, 1.092475371560877706, 17.45880958813346950 ) ) ;
#4024 = FACE_OUTER_BOUND ( 'NONE', #2715, .T. ) ;
#4025 = CARTESIAN_POINT ( 'NONE',  ( -49.23415988924762843, -9.000000000000005329, 7.400000000000000355 ) ) ;
#4026 = CARTESIAN_POINT ( 'NONE',  ( 49.20569713076287854, -1.471269920167301848, 17.10782759816761711 ) ) ;
#4027 = ORIENTED_EDGE ( 'NONE', *, *, #563, .F. ) ;
#4028 = CARTESIAN_POINT ( 'NONE',  ( 49.99020773121144146, 2.446789543504439113, 17.13476150709483292 ) ) ;
#4029 = CYLINDRICAL_SURFACE ( 'NONE', #3324, 1.900000000000000577 ) ;
#4030 = CARTESIAN_POINT ( 'NONE',  ( -50.04463581127209437, -0.7538854896806181927, 13.29778897543705973 ) ) ;
#4031 = CARTESIAN_POINT ( 'NONE',  ( -49.98514542879276235, -2.548133870054818839, 14.88500972808080114 ) ) ;
#4032 = B_SPLINE_CURVE_WITH_KNOTS ( 'NONE', 3,
 ( #4364, #895, #4389, #1688, #504, #867, #3155, #2078, #2437, #1640, #3206, #4778, #479, #2050, #3638, #3252, #3615, #89, #1662, #3229, #1971, #1200, #4806, #4834, #1275, #2491, #4052, #2777, #4340, #2384, #3949, #1997, #3561, #36 ),
 .UNSPECIFIED., .F., .F.,
 ( 4, 2, 2, 2, 2, 2, 2, 2, 2, 2, 2, 2, 2, 2, 2, 2, 4 ),
 ( 0.008032138514835768933, 0.008570810344627222480, 0.009109482174418677761, 0.009648154004210131307, 0.01018682583400158659, 0.01072549766379304013, 0.01126416949358449368, 0.01180284132337594896, 0.01234151315316740424, 0.01288018498295885779, 0.01341885681275031134, 0.01395752864254176662, 0.01449620047233322016, 0.01503487230212467371, 0.01557354413191612899, 0.01611221596170758427, 0.01665088779149903955 ),
 .UNSPECIFIED. ) ;
#4033 = ORIENTED_EDGE ( 'NONE', *, *, #4142, .T. ) ;
#4034 = ADVANCED_FACE ( 'NONE', ( #746, #2308 ), #3940, .T. ) ;
#4035 = AXIS2_PLACEMENT_3D ( 'NONE', #2877, #1589, #2021 ) ;
#4036 = CARTESIAN_POINT ( 'NONE',  ( 49.18267738684563994, -1.812094458531379626, 16.48474142489735783 ) ) ;
#4037 = ORIENTED_EDGE ( 'NONE', *, *, #2898, .T. ) ;
#4038 = CARTESIAN_POINT ( 'NONE',  ( 50.00395634634823949, 2.148801640605151775, 17.58822856725735662 ) ) ;
#4039 = CARTESIAN_POINT ( 'NONE',  ( -5.999999999999879208, 35.68905815166959172, 22.39999999999999858 ) ) ;
#4040 = DIRECTION ( 'NONE',  ( -1.000000000000000000, 0.000000000000000000, 0.000000000000000000 ) ) ;
#4041 = CARTESIAN_POINT ( 'NONE',  ( -0.4686054010451159990, 50.04831016260396837, 17.74572721744411297 ) ) ;
#4042 = EDGE_LOOP ( 'NONE', ( #1503, #784, #4877, #3209 ) ) ;
#4043 = EDGE_CURVE ( 'NONE', #3883, #4065, #1915, .T. ) ;
#4044 = DIRECTION ( 'NONE',  ( 1.000000000000000000, 0.000000000000000000, 0.000000000000000000 ) ) ;
#4045 = EDGE_CURVE ( 'NONE', #5026, #902, #4493, .T. ) ;
#4046 = CARTESIAN_POINT ( 'NONE',  ( -2.994678959731757129, 44.50607404799426803, 3.200000000000000178 ) ) ;
#4047 = VERTEX_POINT ( 'NONE', #4673 ) ;
#4048 = ORIENTED_EDGE ( 'NONE', *, *, #1186, .F. ) ;
#4049 = CARTESIAN_POINT ( 'NONE',  ( 1.775146347729628760, -50.01867593946003865, 17.96632865446148841 ) ) ;
#4050 = CARTESIAN_POINT ( 'NONE',  ( 49.28797840736691427, 6.000000000000004441, 22.29961866084089550 ) ) ;
#4051 = VECTOR ( 'NONE', #3603, 1000.000000000000000 ) ;
#4052 = CARTESIAN_POINT ( 'NONE',  ( 1.772032641636714256, 50.01878773880051199, 13.83104122270522929 ) ) ;
#4053 = CARTESIAN_POINT ( 'NONE',  ( 3.149807816559535123, -43.03488364941561883, 0.000000000000000000 ) ) ;
#4054 = ORIENTED_EDGE ( 'NONE', *, *, #1155, .F. ) ;
#4055 = CARTESIAN_POINT ( 'NONE',  ( 50.03727201772321820, 1.249707691138539412, 17.33677561465683681 ) ) ;
#4056 = CARTESIAN_POINT ( 'NONE',  ( 8.999999999999534595, -44.65201563199592272, 7.400000000000000355 ) ) ;
#4057 = CARTESIAN_POINT ( 'NONE',  ( -50.03827795888978613, -1.200025327962158217, 14.42139925196839201 ) ) ;
#4058 = CARTESIAN_POINT ( 'NONE',  ( -3.149807816559536011, -43.03488364941561883, 3.200000000000000178 ) ) ;
#4059 = CIRCLE ( 'NONE', #1184, 53.79999999999999716 ) ;
#4060 = CARTESIAN_POINT ( 'NONE',  ( 49.18117325306135257, -1.831802285132804409, 15.38052113158065204 ) ) ;
#4061 = FACE_OUTER_BOUND ( 'NONE', #132, .T. ) ;
#4062 = CARTESIAN_POINT ( 'NONE',  ( 49.99043297427322585, 2.442211035796625573, 17.14364356677718604 ) ) ;
#4063 = CARTESIAN_POINT ( 'NONE',  ( 1.148801601123147442, 50.03925622869928702, 14.38130001686054982 ) ) ;
#4064 = CARTESIAN_POINT ( 'NONE',  ( 2.746336070869497714, -49.97459500692103518, 15.76420297875907117 ) ) ;
#4065 = VERTEX_POINT ( 'NONE', #1964 ) ;
#4066 = CARTESIAN_POINT ( 'NONE',  ( 1.881845228235331957, -49.17734494674327550, 16.17077102135130673 ) ) ;
#4067 = CARTESIAN_POINT ( 'NONE',  ( 2.087841897142393321, 50.00659323181030658, 17.66087952489561985 ) ) ;
#4068 = CARTESIAN_POINT ( 'NONE',  ( -9.000000000000005329, 3.142333204958821913E-14, 10.40000000000000036 ) ) ;
#4069 = ORIENTED_EDGE ( 'NONE', *, *, #4144, .F. ) ;
#4070 = VERTEX_POINT ( 'NONE', #3489 ) ;
#4071 = AXIS2_PLACEMENT_3D ( 'NONE', #3084, #3925, #4310 ) ;
#4072 = CARTESIAN_POINT ( 'NONE',  ( 1.329681229584022129, -50.03256641918520131, 18.26849802799735656 ) ) ;
#4073 = DIRECTION ( 'NONE',  ( -0.000000000000000000, -0.000000000000000000, -1.000000000000000000 ) ) ;
#4074 = CARTESIAN_POINT ( 'NONE',  ( 10.00000000000000000, 0.000000000000000000, -38.35374729631401891 ) ) ;
#4075 = CARTESIAN_POINT ( 'NONE',  ( -2.342176784895721971E-15, 9.999999999999996447, 12.75000000000000000 ) ) ;
#4076 = EDGE_CURVE ( 'NONE', #1266, #1084, #210, .T. ) ;
#4077 = CARTESIAN_POINT ( 'NONE',  ( -2.106843152333857994, -46.26521133956566700, 0.000000000000000000 ) ) ;
#4078 = VECTOR ( 'NONE', #4941, 1000.000000000000000 ) ;
#4079 = ORIENTED_EDGE ( 'NONE', *, *, #1577, .T. ) ;
#4080 = CIRCLE ( 'NONE', #141, 49.25000000000000000 ) ;
#4081 = CARTESIAN_POINT ( 'NONE',  ( 49.98009790768153948, 2.644567807842483464, 16.64098867418185179 ) ) ;
#4082 = CARTESIAN_POINT ( 'NONE',  ( 5.999999999999495515, -48.98918194380796365, 22.39999999999999858 ) ) ;
#4083 = EDGE_CURVE ( 'NONE', #4065, #1871, #2428, .T. ) ;
#4084 = CARTESIAN_POINT ( 'NONE',  ( -49.24298097365143434, -0.6283356578848201535, 14.09166551550425162 ) ) ;
#4085 = CARTESIAN_POINT ( 'NONE',  ( 2.758470680563183564, -49.97398672121548202, 16.12443904113180082 ) ) ;
#4086 = VECTOR ( 'NONE', #1802, 1000.000000000000000 ) ;
#4087 = CARTESIAN_POINT ( 'NONE',  ( 50.03258696967115782, -1.464677769859403345, 17.11683861698237052 ) ) ;
#4088 = PLANE ( 'NONE',  #3245 ) ;
#4089 = CARTESIAN_POINT ( 'NONE',  ( 50.04931000005295516, 0.3160478119367418071, 18.58777016012276917 ) ) ;
#4090 = CARTESIAN_POINT ( 'NONE',  ( 0.000000000000000000, 0.000000000000000000, 10.34999999999999964 ) ) ;
#4091 = CARTESIAN_POINT ( 'NONE',  ( -2.353197134806698898, -49.99475604193052902, 14.50016269059557850 ) ) ;
#4092 = EDGE_LOOP ( 'NONE', ( #5020, #564, #4658, #2890, #555 ) ) ;
#4093 = DIRECTION ( 'NONE',  ( 0.000000000000000000, 0.000000000000000000, -1.000000000000000000 ) ) ;
#4094 = CARTESIAN_POINT ( 'NONE',  ( 0.7469441346820934191, 50.04472744553667951, 18.50390301416989303 ) ) ;
#4095 = CARTESIAN_POINT ( 'NONE',  ( -53.79999999999999716, -2.081440874559089070E-15, 17.80000000000000071 ) ) ;
#4096 = VERTEX_POINT ( 'NONE', #1605 ) ;
#4097 = VERTEX_POINT ( 'NONE', #3686 ) ;
#4098 = CARTESIAN_POINT ( 'NONE',  ( -0.1584504078620435075, -49.24980162752645896, 17.79745328912654045 ) ) ;
#4099 = CARTESIAN_POINT ( 'NONE',  ( -35.68905815166957041, 5.999999999999995559, 22.39999999999999858 ) ) ;
#4100 = CARTESIAN_POINT ( 'NONE',  ( -49.20218937767354106, 1.528256554172678916, 17.03585305994663202 ) ) ;
#4101 = DIRECTION ( 'NONE',  ( 0.000000000000000000, 0.000000000000000000, 1.000000000000000000 ) ) ;
#4102 = CARTESIAN_POINT ( 'NONE',  ( 6.000000000000162537, 49.30337566373445668, 22.31380907653662504 ) ) ;
#4103 = EDGE_LOOP ( 'NONE', ( #981, #3736, #612, #4033, #4830 ) ) ;
#4104 = EDGE_CURVE ( 'NONE', #164, #1555, #4456, .T. ) ;
#4105 = CARTESIAN_POINT ( 'NONE',  ( 49.24874059296445239, -0.2765751756450921528, 17.78394919653278805 ) ) ;
#4106 = CARTESIAN_POINT ( 'NONE',  ( -49.53241785695554000, -7.181172238713164901, 8.006242630381368741 ) ) ;
#4107 = DIRECTION ( 'NONE',  ( 0.000000000000000000, 0.000000000000000000, 1.000000000000000000 ) ) ;
#4108 = CARTESIAN_POINT ( 'NONE',  ( 8.443872296600975602, -44.76051296219352338, 7.451996950898348793 ) ) ;
#4109 = EDGE_LOOP ( 'NONE', ( #497, #1681, #4626, #2661 ) ) ;
#4110 = EDGE_CURVE ( 'NONE', #273, #1936, #4884, .T. ) ;
#4111 = AXIS2_PLACEMENT_3D ( 'NONE', #3677, #4814, #70 ) ;
#4112 = CARTESIAN_POINT ( 'NONE',  ( 49.19113381424026699, -1.694709754291898518, 15.03202067071629422 ) ) ;
#4113 = CARTESIAN_POINT ( 'NONE',  ( 2.994678954432753226, -44.50607405849358855, 3.200000000000000178 ) ) ;
#4114 = CARTESIAN_POINT ( 'NONE',  ( 49.97491129243928043, 2.740574736921745469, 16.12151306917425231 ) ) ;
#4115 = CARTESIAN_POINT ( 'NONE',  ( 1.829810912433620596, 49.18132373682391290, 15.37316962676578491 ) ) ;
#4116 = CARTESIAN_POINT ( 'NONE',  ( 43.14999999999999147, 5.284350938320828112E-15, 10.34999999999999964 ) ) ;
#4117 = EDGE_LOOP ( 'NONE', ( #2088, #1228, #2085, #5097, #4176 ) ) ;
#4118 = ADVANCED_FACE ( 'NONE', ( #2659 ), #4218, .F. ) ;
#4119 = CARTESIAN_POINT ( 'NONE',  ( -49.21237376071326253, 1.357214808437364306, 14.56530650889999201 ) ) ;
#4120 = VERTEX_POINT ( 'NONE', #574 ) ;
#4121 = DIRECTION ( 'NONE',  ( -1.000000000000000000, 1.047444401652940007E-14, 0.000000000000000000 ) ) ;
#4122 = CARTESIAN_POINT ( 'NONE',  ( -1.858562985704798276, 50.02226199897552306, 16.29476088704983283 ) ) ;
#4123 = LINE ( 'NONE', #246, #2674 ) ;
#4124 = CARTESIAN_POINT ( 'NONE',  ( 7.030567181065637377E-15, 1.590769094821261254E-15, 2.399999999999999911 ) ) ;
#4125 = CARTESIAN_POINT ( 'NONE',  ( -10.00000000000000000, -24.00000000000000355, 10.34999999999999787 ) ) ;
#4126 = CARTESIAN_POINT ( 'NONE',  ( 0.000000000000000000, 6.000000000000004441, 22.39999999999999858 ) ) ;
#4127 = ORIENTED_EDGE ( 'NONE', *, *, #1604, .F. ) ;
#4128 = ORIENTED_EDGE ( 'NONE', *, *, #4844, .F. ) ;
#4129 = CARTESIAN_POINT ( 'NONE',  ( -2.342176784895721971E-15, 9.999999999999996447, 10.34999999999999964 ) ) ;
#4130 = CARTESIAN_POINT ( 'NONE',  ( 5.999999999999523048, -46.20076976453474060, 8.892253753239591774 ) ) ;
#4131 = CARTESIAN_POINT ( 'NONE',  ( -49.17707765813326404, -1.885308327130460038, 15.63715715271228213 ) ) ;
#4132 = CARTESIAN_POINT ( 'NONE',  ( 1.729873339624229622, -50.02585969849245373, 15.10463321346790977 ) ) ;
#4133 = CARTESIAN_POINT ( 'NONE',  ( 2.719621903734945167, 49.97607075502222784, 15.49995545182958701 ) ) ;
#4134 = AXIS2_PLACEMENT_3D ( 'NONE', #2399, #1866, #1188 ) ;
#4135 = ADVANCED_FACE ( 'NONE', ( #1470 ), #701, .F. ) ;
#4136 = CARTESIAN_POINT ( 'NONE',  ( 49.18407534365503864, -1.793292129034563143, 15.26005265271384559 ) ) ;
#4137 = CARTESIAN_POINT ( 'NONE',  ( -3.146085575092234521, -43.50489301306120637, -4.336808689942017736E-16 ) ) ;
#4138 = CARTESIAN_POINT ( 'NONE',  ( 10.00000000000000000, 24.00000000000000355, -38.35374729631401891 ) ) ;
#4139 = CARTESIAN_POINT ( 'NONE',  ( 2.642495202849532987, 49.98020818800002019, 15.15134589454873115 ) ) ;
#4140 = CARTESIAN_POINT ( 'NONE',  ( -50.04860370924460966, -0.3860102138472624178, 13.22516051481595056 ) ) ;
#4141 = VERTEX_POINT ( 'NONE', #185 ) ;
#4142 = EDGE_CURVE ( 'NONE', #3942, #4676, #886, .T. ) ;
#4143 = DIRECTION ( 'NONE',  ( 1.000000000000000000, 0.000000000000000000, 0.000000000000000000 ) ) ;
#4144 = EDGE_CURVE ( 'NONE', #2652, #4120, #4633, .T. ) ;
#4145 = LINE ( 'NONE', #4511, #2968 ) ;
#4146 = EDGE_LOOP ( 'NONE', ( #3584, #4603, #3907, #2074, #4396, #1890 ) ) ;
#4147 = AXIS2_PLACEMENT_3D ( 'NONE', #3264, #4948, #2243 ) ;
#4148 = CARTESIAN_POINT ( 'NONE',  ( -1.856516821581785992, 49.17928789584679805, 16.30415998216453133 ) ) ;
#4149 = CARTESIAN_POINT ( 'NONE',  ( 1.856516821581442933, -49.17928789584681226, 16.30415998216452778 ) ) ;
#4150 = FACE_OUTER_BOUND ( 'NONE', #409, .T. ) ;
#4151 = DIRECTION ( 'NONE',  ( 0.000000000000000000, -0.000000000000000000, -1.000000000000000000 ) ) ;
#4152 = CARTESIAN_POINT ( 'NONE',  ( -15.13938769133981666, 1.854040267725013895E-15, 10.35000000000000142 ) ) ;
#4153 = CARTESIAN_POINT ( 'NONE',  ( 1.856516821577670617, -49.17928789584709648, 16.30415998218185791 ) ) ;
#4154 = ORIENTED_EDGE ( 'NONE', *, *, #1042, .T. ) ;
#4155 = VERTEX_POINT ( 'NONE', #5049 ) ;
#4156 = CARTESIAN_POINT ( 'NONE',  ( 50.04375705287853293, 0.8927703346352835467, 14.20410317166379244 ) ) ;
#4157 = DIRECTION ( 'NONE',  ( -0.000000000000000000, -0.000000000000000000, -1.000000000000000000 ) ) ;
#4158 = AXIS2_PLACEMENT_3D ( 'NONE', #2388, #5072, #4317 ) ;
#4159 = CARTESIAN_POINT ( 'NONE',  ( 1.559427146029294775, 49.20019416914146149, 16.99158070767682460 ) ) ;
#4160 = CARTESIAN_POINT ( 'NONE',  ( -7.030567181065637377E-15, -1.590769094821261254E-15, 22.39999999999999858 ) ) ;
#4161 = CARTESIAN_POINT ( 'NONE',  ( -0.08998876814431122639, 49.25015032740757448, 17.80192995080692953 ) ) ;
#4162 = ORIENTED_EDGE ( 'NONE', *, *, #1821, .T. ) ;
#4163 = VECTOR ( 'NONE', #299, 1000.000000000000000 ) ;
#4164 = CARTESIAN_POINT ( 'NONE',  ( 50.01617178923754636, -1.844091567303776324, 17.90706020134504683 ) ) ;
#4165 = CARTESIAN_POINT ( 'NONE',  ( 3.149807816272654826, -43.03488368564030964, 0.000000000000000000 ) ) ;
#4166 = AXIS2_PLACEMENT_3D ( 'NONE', #268, #4957, #1426 ) ;
#4167 = DIRECTION ( 'NONE',  ( 0.000000000000000000, 0.000000000000000000, -1.000000000000000000 ) ) ;
#4168 = CARTESIAN_POINT ( 'NONE',  ( 49.67730325297929994, -6.096683242347961773, 9.619381606824084940 ) ) ;
#4169 = CARTESIAN_POINT ( 'NONE',  ( 48.88315149414979999, -5.999999999999992006, 22.39999999999999858 ) ) ;
#4170 = AXIS2_PLACEMENT_3D ( 'NONE', #5078, #4376, #2032 ) ;
#4171 = VERTEX_POINT ( 'NONE', #1521 ) ;
#4172 =( BOUNDED_SURFACE ( )  B_SPLINE_SURFACE ( 3, 2, ( 
 ( #40, #1617, #148 ),
 ( #4105, #3257, #2880 ),
 ( #1335, #4497, #3232 ),
 ( #4468, #3721, #2855 ),
 ( #1278, #2830, #2157 ),
 ( #4441, #2928, #949 ),
 ( #898, #3697, #2467 ),
 ( #119, #565, #2518 ),
 ( #872, #922, #1692 ),
 ( #1308, #4417, #2494 ),
 ( #3618, #4055, #173 ),
 ( #536, #2443, #95 ),
 ( #976, #1666, #4811 ),
 ( #2109, #2904, #1743 ),
 ( #2081, #4839, #4028 ),
 ( #3306, #3674, #1720 ),
 ( #4892, #200, #4081 ),
 ( #2544, #509, #1358 ),
 ( #3283, #2135, #3643 ),
 ( #4864, #588, #1765 ),
 ( #4003, #482, #3331 ),
 ( #4917, #2053, #671 ),
 ( #3358, #4214, #2629 ),
 ( #2290, #4991, #4577 ),
 ( #4629, #1385, #2600 ),
 ( #3442, #3774, #727 ),
 ( #3008, #3414, #2680 ),
 ( #1435, #3854, #4938 ),
 ( #4547, #3747, #696 ),
 ( #2208, #4156, #3036 ),
 ( #1103, #305, #1407 ),
 ( #1874, #5021, #4237 ) ),
 .UNSPECIFIED., .F., .F., .F. ) 
 B_SPLINE_SURFACE_WITH_KNOTS ( ( 4, 2, 2, 2, 2, 2, 2, 2, 2, 2, 2, 2, 2, 2, 2, 4 ),
 ( 3, 3 ),
 ( 0.000000000000000000, 0.0005276194881098043160, 0.001055238976219608632, 0.001582858464329412948, 0.002110477952439217264, 0.002638097440549021580, 0.003165716928658825896, 0.003693336416768630212, 0.004220955904878434528, 0.004748575392988238844, 0.005276194881098043160, 0.005803814369207847476, 0.006331433857317651792, 0.006859053345427456108, 0.007386672833537260424, 0.008441911809756869056 ),
 ( 0.000000000000000000, 1.000000000000000000 ),
 .UNSPECIFIED. ) 
 GEOMETRIC_REPRESENTATION_ITEM ( )  RATIONAL_B_SPLINE_SURFACE ( (
 ( 1.000000000000000000, 0.7062501851052345181, 1.000000000000000000),
 ( 1.000000000000000000, 0.7067770659311135573, 1.000000000000000000),
 ( 1.000000000000000000, 0.7070628990111795797, 1.000000000000000000),
 ( 1.000000000000000000, 0.7071413207558627789, 1.000000000000000000),
 ( 1.000000000000000000, 0.7069276997206016544, 1.000000000000000000),
 ( 1.000000000000000000, 0.7060257695815691514, 1.000000000000000000),
 ( 1.000000000000000000, 0.7053457510225429328, 1.000000000000000000),
 ( 1.000000000000000000, 0.7036050047915938244, 1.000000000000000000),
 ( 1.000000000000000000, 0.7025340143380748303, 1.000000000000000000),
 ( 1.000000000000000000, 0.7002096362422064457, 1.000000000000000000),
 ( 1.000000000000000000, 0.6989484632958559152, 1.000000000000000000),
 ( 1.000000000000000000, 0.6963664385071605123, 1.000000000000000000),
 ( 1.000000000000000000, 0.6950669189826941263, 1.000000000000000000),
 ( 1.000000000000000000, 0.6926607077945796664, 1.000000000000000000),
 ( 1.000000000000000000, 0.6915363765416560060, 1.000000000000000000),
 ( 1.000000000000000000, 0.6896334481705035380, 1.000000000000000000),
 ( 1.000000000000000000, 0.6888702479675211654, 1.000000000000000000),
 ( 1.000000000000000000, 0.6878003692680979553, 1.000000000000000000),
 ( 1.000000000000000000, 0.6874958278720396665, 1.000000000000000000),
 ( 1.000000000000000000, 0.6874155573847725575, 1.000000000000000000),
 ( 1.000000000000000000, 0.6876315040180542848, 1.000000000000000000),
 ( 1.000000000000000000, 0.6885526639868440046, 1.000000000000000000),
 ( 1.000000000000000000, 0.6892631061449119301, 1.000000000000000000),
 ( 1.000000000000000000, 0.6910352961231851499, 1.000000000000000000),
 ( 1.000000000000000000, 0.6921014002105634333, 1.000000000000000000),
 ( 1.000000000000000000, 0.6944798749780285441, 1.000000000000000000),
 ( 1.000000000000000000, 0.6957546329282188191, 1.000000000000000000),
 ( 1.000000000000000000, 0.6983147694824686225, 1.000000000000000000),
 ( 1.000000000000000000, 0.6996153235594552156, 1.000000000000000000),
 ( 1.000000000000000000, 0.7032135006240234354, 1.000000000000000000),
 ( 1.000000000000000000, 0.7051965670128454988, 1.000000000000000000),
 ( 1.000000000000000000, 0.7062502353816337841, 1.000000000000000000) ) ) 
 REPRESENTATION_ITEM ( '' )  SURFACE ( )  );
#4173 = VECTOR ( 'NONE', #339, 1000.000000000000000 ) ;
#4174 = CARTESIAN_POINT ( 'NONE',  ( -50.00980068953492008, 2.009227673853914098, 17.74606493764857618 ) ) ;
#4175 = CARTESIAN_POINT ( 'NONE',  ( -10.00000000000000000, 41.97526057096011698, 10.34999999999999964 ) ) ;
#4176 = ORIENTED_EDGE ( 'NONE', *, *, #2677, .T. ) ;
#4177 = EDGE_CURVE ( 'NONE', #4628, #1420, #3951, .T. ) ;
#4178 = DIRECTION ( 'NONE',  ( 0.000000000000000000, 0.000000000000000000, 1.000000000000000000 ) ) ;
#4179 = DIRECTION ( 'NONE',  ( 1.000000000000000000, 0.000000000000000000, -0.000000000000000000 ) ) ;
#4180 = CARTESIAN_POINT ( 'NONE',  ( 8.443872296600975602, -44.76051296219352338, 141.5848555321889535 ) ) ;
#4181 = CARTESIAN_POINT ( 'NONE',  ( 2.994678954432755003, 44.50607405849359566, 3.200000000000000178 ) ) ;
#4182 = CARTESIAN_POINT ( 'NONE',  ( 49.99047880932357657, -2.441263758976958353, 14.65472766752450617 ) ) ;
#4183 = CARTESIAN_POINT ( 'NONE',  ( 49.17581628917640302, -1.901549696468782136, 15.81352036025840668 ) ) ;
#4184 = ORIENTED_EDGE ( 'NONE', *, *, #4335, .T. ) ;
#4185 = ADVANCED_FACE ( 'NONE', ( #3088 ), #91, .F. ) ;
#4186 = ORIENTED_EDGE ( 'NONE', *, *, #3829, .F. ) ;
#4187 = CARTESIAN_POINT ( 'NONE',  ( -6.000000000000004441, 2.094888803305881591E-14, 22.39999999999999858 ) ) ;
#4188 = CARTESIAN_POINT ( 'NONE',  ( 8.627905400467447805, -44.72579593317491486, 12.76727992187975325 ) ) ;
#4189 = CARTESIAN_POINT ( 'NONE',  ( 0.6585151816905957523, 49.24198807070255413, 17.69733865756829516 ) ) ;
#4190 = LINE ( 'NONE', #3801, #2393 ) ;
#4191 = CARTESIAN_POINT ( 'NONE',  ( 0.8733435376723607257, 49.23463000230619002, 17.59201034947679432 ) ) ;
#4192 = ORIENTED_EDGE ( 'NONE', *, *, #1095, .F. ) ;
#4193 = CARTESIAN_POINT ( 'NONE',  ( -44.68964868481911168, -8.813289815228342761, 12.75000000000000000 ) ) ;
#4194 = CARTESIAN_POINT ( 'NONE',  ( 2.106843152333857105, -46.26521133956567411, 3.200000000000000178 ) ) ;
#4195 = CARTESIAN_POINT ( 'NONE',  ( 50.03044284471799585, 1.406811708027603025, 13.57518964155086572 ) ) ;
#4196 = CARTESIAN_POINT ( 'NONE',  ( -49.25103782569169653, -0.09739169065145421300, 17.81380144520868924 ) ) ;
#4197 = LINE ( 'NONE', #4508, #2480 ) ;
#4198 = EDGE_CURVE ( 'NONE', #3103, #4225, #1641, .T. ) ;
#4199 = ORIENTED_EDGE ( 'NONE', *, *, #2146, .T. ) ;
#4200 = EDGE_CURVE ( 'NONE', #3125, #4416, #1614, .T. ) ;
#4201 = CARTESIAN_POINT ( 'NONE',  ( -49.97511739764536998, 2.738220804654783791, 16.27586806685345167 ) ) ;
#4202 = CYLINDRICAL_SURFACE ( 'NONE', #1000, 3.000000000000002665 ) ;
#4203 = VERTEX_POINT ( 'NONE', #3950 ) ;
#4204 = EDGE_CURVE ( 'NONE', #3568, #1425, #2751, .T. ) ;
#4205 = VECTOR ( 'NONE', #1323, 1000.000000000000000 ) ;
#4206 = ADVANCED_FACE ( 'NONE', ( #2410 ), #2365, .T. ) ;
#4207 = DIRECTION ( 'NONE',  ( 1.000000000000000000, 0.000000000000000000, 0.000000000000000000 ) ) ;
#4208 = PLANE ( 'NONE',  #2278 ) ;
#4209 = CARTESIAN_POINT ( 'NONE',  ( -1.900000000000512834, -49.17593415482819807, 15.90000000000000036 ) ) ;
#4210 = DIRECTION ( 'NONE',  ( -0.000000000000000000, -0.000000000000000000, 1.000000000000000000 ) ) ;
#4211 = CARTESIAN_POINT ( 'NONE',  ( 49.97542194030631890, -2.731438388241897997, 16.21182148030149150 ) ) ;
#4212 = ORIENTED_EDGE ( 'NONE', *, *, #1950, .F. ) ;
#4213 = ORIENTED_EDGE ( 'NONE', *, *, #3847, .T. ) ;
#4214 = CARTESIAN_POINT ( 'NONE',  ( 50.02347832764877467, 1.816192342221156331, 15.32862677217816305 ) ) ;
#4215 = CARTESIAN_POINT ( 'NONE',  ( -53.79999999999999716, 1.590769094821261254E-15, 2.399999999999999911 ) ) ;
#4216 = CARTESIAN_POINT ( 'NONE',  ( 1.732363545989318521, 49.18847034713853361, 16.68884622139702500 ) ) ;
#4217 = CARTESIAN_POINT ( 'NONE',  ( -1.409025011884419198, -49.20944451623968519, 14.61935200250560030 ) ) ;
#4218 = CYLINDRICAL_SURFACE ( 'NONE', #3028, 3.000000000000002665 ) ;
#4219 = CARTESIAN_POINT ( 'NONE',  ( 2.740161776882501066, 49.97493395687481410, 15.67509649478652634 ) ) ;
#4220 = ORIENTED_EDGE ( 'NONE', *, *, #2982, .T. ) ;
#4221 = CARTESIAN_POINT ( 'NONE',  ( 50.04366738321267860, -0.8837496169810775681, 17.58676601578546084 ) ) ;
#4222 = CARTESIAN_POINT ( 'NONE',  ( -44.76051296219343101, -8.443872296601444560, 141.5848555321889535 ) ) ;
#4223 = CARTESIAN_POINT ( 'NONE',  ( -50.05105468385842471, -0.1406468198272385617, 18.61961258284927467 ) ) ;
#4224 = CARTESIAN_POINT ( 'NONE',  ( 53.80000000000000426, 8.179368874234021218E-15, 2.399999999999999911 ) ) ;
#4225 = VERTEX_POINT ( 'NONE', #821 ) ;
#4226 = LINE ( 'NONE', #3096, #3921 ) ;
#4227 = VERTEX_POINT ( 'NONE', #3540 ) ;
#4228 = DIRECTION ( 'NONE',  ( -0.000000000000000000, -0.000000000000000000, -1.000000000000000000 ) ) ;
#4229 = ORIENTED_EDGE ( 'NONE', *, *, #2754, .T. ) ;
#4230 = FACE_OUTER_BOUND ( 'NONE', #4321, .T. ) ;
#4231 = CARTESIAN_POINT ( 'NONE',  ( -48.88315149414979999, 5.999999999999992006, 22.39999999999999858 ) ) ;
#4232 = FACE_OUTER_BOUND ( 'NONE', #355, .T. ) ;
#4233 = CARTESIAN_POINT ( 'NONE',  ( 1.652343277632803309, -49.19407715275166026, 16.84506489471600688 ) ) ;
#4234 = ORIENTED_EDGE ( 'NONE', *, *, #4452, .T. ) ;
#4235 = ORIENTED_EDGE ( 'NONE', *, *, #5010, .F. ) ;
#4236 = AXIS2_PLACEMENT_3D ( 'NONE', #4733, #3980, #923 ) ;
#4238 = EDGE_CURVE ( 'NONE', #402, #5076, #1256, .T. ) ;
#4237 = CARTESIAN_POINT ( 'NONE',  ( 50.04667816164564442, 0.5766324519660309678, 13.26029554797696264 ) ) ;
#4239 = LINE ( 'NONE', #697, #1530 ) ;
#4240 = DIRECTION ( 'NONE',  ( 3.491481338843133355E-15, 1.000000000000000000, -0.000000000000000000 ) ) ;
#4241 = CARTESIAN_POINT ( 'NONE',  ( 1.297979567235196363, -50.03627535659957459, 14.50679411462743040 ) ) ;
#4242 = CARTESIAN_POINT ( 'NONE',  ( -1.229210193280804830, 49.21917662342251276, 17.35408312707030731 ) ) ;
#4243 = VECTOR ( 'NONE', #2806, 1000.000000000000000 ) ;
#4244 = EDGE_LOOP ( 'NONE', ( #2686, #5056 ) ) ;
#4245 = EDGE_CURVE ( 'NONE', #39, #336, #1465, .T. ) ;
#4246 = AXIS2_PLACEMENT_3D ( 'NONE', #2406, #3971, #2723 ) ;
#4247 = DIRECTION ( 'NONE',  ( 0.000000000000000000, 0.000000000000000000, 1.000000000000000000 ) ) ;
#4248 = DIRECTION ( 'NONE',  ( 1.000000000000000000, 0.000000000000000000, 0.000000000000000000 ) ) ;
#4249 = CARTESIAN_POINT ( 'NONE',  ( 50.04466389084602440, 0.7514536263476677691, 13.29727343699238240 ) ) ;
#4250 = CARTESIAN_POINT ( 'NONE',  ( -6.000000000000512479, -49.66793714652345670, 21.81011177045875726 ) ) ;
#4251 = CARTESIAN_POINT ( 'NONE',  ( 44.68964868481911168, -8.813289815228332102, 12.75000000000000000 ) ) ;
#4252 = ORIENTED_EDGE ( 'NONE', *, *, #3348, .F. ) ;
#4253 = AXIS2_PLACEMENT_3D ( 'NONE', #1303, #2876, #4437 ) ;
#4254 = FACE_OUTER_BOUND ( 'NONE', #1090, .T. ) ;
#4255 = AXIS2_PLACEMENT_3D ( 'NONE', #1709, #2532, #4093 ) ;
#4256 = LINE ( 'NONE', #2328, #2892 ) ;
#4257 = CARTESIAN_POINT ( 'NONE',  ( -1.913492449026459763, 50.02067902954917145, 15.81052381779991300 ) ) ;
#4258 = DIRECTION ( 'NONE',  ( 0.000000000000000000, 0.000000000000000000, -1.000000000000000000 ) ) ;
#4259 = DIRECTION ( 'NONE',  ( -1.000000000000000000, -2.478176394252582127E-16, 0.000000000000000000 ) ) ;
#4260 = EDGE_CURVE ( 'NONE', #1447, #3834, #1201, .T. ) ;
#4261 = VERTEX_POINT ( 'NONE', #3208 ) ;
#4262 = ORIENTED_EDGE ( 'NONE', *, *, #3025, .F. ) ;
#4263 = CARTESIAN_POINT ( 'NONE',  ( 5.999999999999483968, -49.68905815166962725, 21.60000000000000142 ) ) ;
#4264 = CARTESIAN_POINT ( 'NONE',  ( 6.000000000000156319, 46.20076976453465534, 8.892253753239591774 ) ) ;
#4265 = CARTESIAN_POINT ( 'NONE',  ( 1.900000000000170441, 49.17593415482821939, 16.13393159196597182 ) ) ;
#4266 = CARTESIAN_POINT ( 'NONE',  ( -1.247654737112632306, -50.03731290121251618, 14.46150825030913190 ) ) ;
#4267 = CARTESIAN_POINT ( 'NONE',  ( -1.170130643887626221, 50.03659657173449915, 18.34850371893221421 ) ) ;
#4268 = EDGE_LOOP ( 'NONE', ( #1221, #2509, #3150, #1691, #3405 ) ) ;
#4269 = EDGE_CURVE ( 'NONE', #224, #66, #714, .T. ) ;
#4270 = DIRECTION ( 'NONE',  ( -2.478176394252582127E-16, 1.000000000000000000, 0.000000000000000000 ) ) ;
#4271 = DIRECTION ( 'NONE',  ( -0.000000000000000000, -0.000000000000000000, -1.000000000000000000 ) ) ;
#4272 = CARTESIAN_POINT ( 'NONE',  ( 49.65109289586501973, -6.306927520964097589, 9.063462970947513853 ) ) ;
#4273 = CARTESIAN_POINT ( 'NONE',  ( -1.856514268871133799, -49.17928809044477845, 15.49582829208394408 ) ) ;
#4274 = ORIENTED_EDGE ( 'NONE', *, *, #4940, .T. ) ;
#4275 = EDGE_LOOP ( 'NONE', ( #3433, #4459, #4434, #851 ) ) ;
#4276 = CARTESIAN_POINT ( 'NONE',  ( 44.76051296219343101, -8.443872296601433902, 12.80199695089834755 ) ) ;
#4277 = EDGE_CURVE ( 'NONE', #1555, #3468, #4755, .T. ) ;
#4278 = DIRECTION ( 'NONE',  ( 1.000000000000000000, 1.776356839400250465E-15, 0.000000000000000000 ) ) ;
#4279 = CIRCLE ( 'NONE', #256, 43.14999999999999147 ) ;
#4280 = DIRECTION ( 'NONE',  ( 0.000000000000000000, -0.000000000000000000, -1.000000000000000000 ) ) ;
#4281 = CARTESIAN_POINT ( 'NONE',  ( 50.04934383026161271, -0.3107544506446178190, 13.21162344004170386 ) ) ;
#4282 = ORIENTED_EDGE ( 'NONE', *, *, #376, .T. ) ;
#4283 = ORIENTED_EDGE ( 'NONE', *, *, #2763, .T. ) ;
#4284 = DIRECTION ( 'NONE',  ( -0.000000000000000000, -0.000000000000000000, -1.000000000000000000 ) ) ;
#4285 = LINE ( 'NONE', #3105, #2595 ) ;
#4286 = CARTESIAN_POINT ( 'NONE',  ( -50.04580774466956683, 0.6715154823577397236, 13.27612972977245676 ) ) ;
#4287 = CARTESIAN_POINT ( 'NONE',  ( -0.8124807945030118050, -49.23674185815379900, 14.17794195487044639 ) ) ;
#4288 = CARTESIAN_POINT ( 'NONE',  ( -8.443872296601901084, -44.76051296219333864, 12.80199695089834755 ) ) ;
#4289 = VERTEX_POINT ( 'NONE', #381 ) ;
#4290 = LINE ( 'NONE', #3111, #4579 ) ;
#4291 = DIRECTION ( 'NONE',  ( 0.000000000000000000, 0.000000000000000000, 1.000000000000000000 ) ) ;
#4292 = CARTESIAN_POINT ( 'NONE',  ( -49.99439386908687055, -2.360828879931704538, 17.28726764864564913 ) ) ;
#4293 = CARTESIAN_POINT ( 'NONE',  ( -49.68669491621865575, 6.019663890002957984, 10.00476596493292725 ) ) ;
#4294 = ORIENTED_EDGE ( 'NONE', *, *, #2227, .F. ) ;
#4295 = AXIS2_PLACEMENT_3D ( 'NONE', #1048, #3435, #2251 ) ;
#4296 = VERTEX_POINT ( 'NONE', #2804 ) ;
#4297 = EDGE_CURVE ( 'NONE', #250, #2333, #4366, .T. ) ;
#4298 = DIRECTION ( 'NONE',  ( 0.000000000000000000, 0.000000000000000000, -1.000000000000000000 ) ) ;
#4299 = DIRECTION ( 'NONE',  ( 1.022662637710414146E-14, 1.000000000000000000, -0.000000000000000000 ) ) ;
#4300 = EDGE_CURVE ( 'NONE', #2234, #3883, #1683, .T. ) ;
#4301 = CARTESIAN_POINT ( 'NONE',  ( 6.000000000000166089, 49.68905815166954909, 10.40000000000000036 ) ) ;
#4302 = AXIS2_PLACEMENT_3D ( 'NONE', #1318, #2888, #3682 ) ;
#4303 =( BOUNDED_CURVE ( )  B_SPLINE_CURVE ( 3, ( #4348, #23, #416, #2396 ),
 .UNSPECIFIED., .F., .F. ) 
 B_SPLINE_CURVE_WITH_KNOTS ( ( 4, 4 ),
 ( 0.1864543798253336382, 1.570796326794896114 ),
 .UNSPECIFIED. ) 
 CURVE ( )  GEOMETRIC_REPRESENTATION_ITEM ( )  RATIONAL_B_SPLINE_CURVE ( ( 1.000000000000000000, 0.8465748621659208162, 0.8465748621659208162, 1.000000000000000000 ) ) 
 REPRESENTATION_ITEM ( '' )  );
#4304 = VECTOR ( 'NONE', #4966, 1000.000000000000000 ) ;
#4305 = EDGE_CURVE ( 'NONE', #158, #4591, #2182, .T. ) ;
#4306 = PLANE ( 'NONE',  #3841 ) ;
#4307 = CARTESIAN_POINT ( 'NONE',  ( -4.336808689942017736E-16, -47.40652577362286735, 3.200000000000000178 ) ) ;
#4308 = ORIENTED_EDGE ( 'NONE', *, *, #2740, .F. ) ;
#4309 = VERTEX_POINT ( 'NONE', #3669 ) ;
#4310 = DIRECTION ( 'NONE',  ( -1.000000000000000000, 0.000000000000000000, 0.000000000000000000 ) ) ;
#4311 = CARTESIAN_POINT ( 'NONE',  ( 49.19712544811000754, 1.606963975212785778, 14.87962839032351958 ) ) ;
#4312 = CARTESIAN_POINT ( 'NONE',  ( -50.00861824454844395, 2.038973105555859533, 14.08452620157169832 ) ) ;
#4313 = CARTESIAN_POINT ( 'NONE',  ( -0.4593757411119078760, -49.24597762843141169, 14.05222010555931611 ) ) ;
#4314 = CARTESIAN_POINT ( 'NONE',  ( 53.80000000000000426, 2.314123766397086009E-15, 17.80000000000000071 ) ) ;
#4315 = AXIS2_PLACEMENT_3D ( 'NONE', #3168, #854, #2397 ) ;
#4316 = ORIENTED_EDGE ( 'NONE', *, *, #351, .T. ) ;
#4317 = DIRECTION ( 'NONE',  ( 0.000000000000000000, 0.000000000000000000, 1.000000000000000000 ) ) ;
#4318 = DIRECTION ( 'NONE',  ( -0.000000000000000000, 1.000000000000000000, 0.000000000000000000 ) ) ;
#4319 = CARTESIAN_POINT ( 'NONE',  ( -50.04311642155060014, -0.8465283033768913334, 18.47430656506567814 ) ) ;
#4320 = CARTESIAN_POINT ( 'NONE',  ( -1.016602479827716676, -49.22898952799547345, 14.29065853987354728 ) ) ;
#4321 = EDGE_LOOP ( 'NONE', ( #8, #1561, #4353, #2589 ) ) ;
#4322 = B_SPLINE_SURFACE_WITH_KNOTS ( 'NONE', 3, 1, ( 
 ( #4897, #4165 ),
 ( #2165, #2936 ),
 ( #4113, #1442 ),
 ( #4194, #1828 ),
 ( #3755, #4505 ),
 ( #596, #205 ),
 ( #2579, #3339 ),
 ( #1391, #4137 ),
 ( #620, #234 ) ),
 .UNSPECIFIED., .F., .F., .F.,
 ( 4, 1, 1, 1, 1, 1, 4 ),
 ( 2, 2 ),
 ( 1.580053499920619942, 1.942828480755070641, 2.342416538366644652, 3.141592653589793116, 3.940768768812941136, 4.340356826424515369, 4.703131807258968067 ),
 ( 0.000000000000000000, 1.000000000000000000 ),
 .UNSPECIFIED. ) ;
#4323 = AXIS2_PLACEMENT_3D ( 'NONE', #4361, #4722, #10 ) ;
#4324 =( LENGTH_UNIT ( ) NAMED_UNIT ( * ) SI_UNIT ( .MILLI., .METRE. ) );
#4325 = ORIENTED_EDGE ( 'NONE', *, *, #4895, .F. ) ;
#4326 = DIRECTION ( 'NONE',  ( 1.000000000000000000, 0.000000000000000000, 0.000000000000000000 ) ) ;
#4327 = VECTOR ( 'NONE', #3285, 1000.000000000000000 ) ;
#4328 = CARTESIAN_POINT ( 'NONE',  ( 2.147256774917498223, -50.00402435061553064, 17.59026159568736958 ) ) ;
#4329 = EDGE_CURVE ( 'NONE', #990, #2466, #4333, .T. ) ;
#4330 = VECTOR ( 'NONE', #1501, 1000.000000000000000 ) ;
#4331 = PLANE ( 'NONE',  #2524 ) ;
#4332 = CARTESIAN_POINT ( 'NONE',  ( -49.23202909357943469, 0.9411821728063292092, 17.55456544416929887 ) ) ;
#4333 = CIRCLE ( 'NONE', #4916, 26.00000000000000355 ) ;
#4334 = EDGE_LOOP ( 'NONE', ( #4405, #3336 ) ) ;
#4335 = EDGE_CURVE ( 'NONE', #2471, #3441, #947, .T. ) ;
#4336 = EDGE_LOOP ( 'NONE', ( #959, #2235, #1540, #1173 ) ) ;
#4337 = CARTESIAN_POINT ( 'NONE',  ( 51.25000000000001421, 7.867083940451446275E-15, 7.400000000000000355 ) ) ;
#4338 = CARTESIAN_POINT ( 'NONE',  ( 10.00000000000000000, -44.43874998241961549, -38.35374729631401891 ) ) ;
#4339 = CARTESIAN_POINT ( 'NONE',  ( -50.03644154761969531, 1.176787395563638983, 13.45455000489550734 ) ) ;
#4340 = CARTESIAN_POINT ( 'NONE',  ( 2.146829630702898228, 50.00404274640348490, 14.20921508260781607 ) ) ;
#4341 = ADVANCED_FACE ( 'NONE', ( #1689 ), #2541, .F. ) ;
#4342 = CARTESIAN_POINT ( 'NONE',  ( -3.149807816559536011, 43.03488364941561883, 0.000000000000000000 ) ) ;
#4343 = EDGE_LOOP ( 'NONE', ( #2896, #3533, #997, #5084, #3356 ) ) ;
#4344 = CARTESIAN_POINT ( 'NONE',  ( 44.76051296219343101, 8.443872296601446337, 12.80199695089834755 ) ) ;
#4345 = CARTESIAN_POINT ( 'NONE',  ( -50.02811888788279759, -1.645267977247482305, 16.85854169030844218 ) ) ;
#4346 = CARTESIAN_POINT ( 'NONE',  ( -49.99640026168353302, -2.317812359392408705, 14.44553594254379192 ) ) ;
#4347 = ORIENTED_EDGE ( 'NONE', *, *, #419, .T. ) ;
#4348 = CARTESIAN_POINT ( 'NONE',  ( -44.76051296219343101, -8.443872296601446337, 12.80199695089834755 ) ) ;
#4349 = DIRECTION ( 'NONE',  ( 1.047444401652940007E-14, 1.000000000000000000, -0.000000000000000000 ) ) ;
#4350 = CARTESIAN_POINT ( 'NONE',  ( -0.1590328278360271241, 49.24980192905718468, 14.00254283714508574 ) ) ;
#4351 = CARTESIAN_POINT ( 'NONE',  ( 0.000000000000000000, 0.000000000000000000, 7.400000000000000355 ) ) ;
#4352 = CARTESIAN_POINT ( 'NONE',  ( 1.168200760502539071, -50.03663818802753838, 18.34931478050022591 ) ) ;
#4353 = ORIENTED_EDGE ( 'NONE', *, *, #4373, .F. ) ;
#4354 = CARTESIAN_POINT ( 'NONE',  ( 10.00000000000000000, -41.97526057096011698, 10.34999999999999787 ) ) ;
#4355 = CARTESIAN_POINT ( 'NONE',  ( 3.149807816559535123, -43.03488364941561883, 3.200000000000000178 ) ) ;
#4356 = ADVANCED_FACE ( 'NONE', ( #1740 ), #197, .F. ) ;
#4357 = ORIENTED_EDGE ( 'NONE', *, *, #537, .F. ) ;
#4358 = EDGE_CURVE ( 'NONE', #3297, #3498, #3710, .T. ) ;
#4359 = VECTOR ( 'NONE', #3296, 1000.000000000000000 ) ;
#4360 = ORIENTED_EDGE ( 'NONE', *, *, #3923, .T. ) ;
#4361 = CARTESIAN_POINT ( 'NONE',  ( 0.000000000000000000, 0.000000000000000000, 3.200000000000000178 ) ) ;
#4362 = CARTESIAN_POINT ( 'NONE',  ( 49.19904558239348802, 1.577679873317456627, 16.96501714189560062 ) ) ;
#4363 = CARTESIAN_POINT ( 'NONE',  ( -49.17723275003974948, 1.883463929538627957, 15.62085549756574210 ) ) ;
#4364 = CARTESIAN_POINT ( 'NONE',  ( -2.681062256847036362, 49.97813927283517899, 16.47433260623380846 ) ) ;
#4365 = VECTOR ( 'NONE', #3687, 1000.000000000000000 ) ;
#4366 = LINE ( 'NONE', #844, #2287 ) ;
#4367 = EDGE_CURVE ( 'NONE', #890, #1569, #1133, .T. ) ;
#4368 = ORIENTED_EDGE ( 'NONE', *, *, #1252, .F. ) ;
#4369 = EDGE_CURVE ( 'NONE', #1555, #1895, #3779, .T. ) ;
#4370 = CARTESIAN_POINT ( 'NONE',  ( 10.00000000000000000, 0.000000000000000000, 12.75000000000000000 ) ) ;
#4371 = CARTESIAN_POINT ( 'NONE',  ( -49.21891999370146209, -1.234268156655383031, 17.34979488714301255 ) ) ;
#4372 = CARTESIAN_POINT ( 'NONE',  ( -50.00985622016089849, -2.007844678564287833, 14.05248888909202876 ) ) ;
#4373 = EDGE_CURVE ( 'NONE', #863, #4526, #3230, .T. ) ;
#4374 = VERTEX_POINT ( 'NONE', #4889 ) ;
#4375 = CIRCLE ( 'NONE', #84, 49.25000000000000000 ) ;
#4376 = DIRECTION ( 'NONE',  ( 0.000000000000000000, 0.000000000000000000, 1.000000000000000000 ) ) ;
#4377 = DIRECTION ( 'NONE',  ( -0.000000000000000000, -0.000000000000000000, -1.000000000000000000 ) ) ;
#4378 = CARTESIAN_POINT ( 'NONE',  ( 1.173332537791221597, 50.03652649716092071, 13.45286488165405991 ) ) ;
#4379 = FACE_OUTER_BOUND ( 'NONE', #587, .T. ) ;
#4380 = CARTESIAN_POINT ( 'NONE',  ( -2.664607105966033451, -49.97903025928383869, 16.56839598445634465 ) ) ;
#4381 = ORIENTED_EDGE ( 'NONE', *, *, #1690, .F. ) ;
#4382 = CARTESIAN_POINT ( 'NONE',  ( 1.403532179932253543, 50.03053263300253661, 18.22664155683131781 ) ) ;
#4383 = CARTESIAN_POINT ( 'NONE',  ( 49.59321451291352645, 6.747984984505039030, 8.408309482229309850 ) ) ;
#4384 = ORIENTED_EDGE ( 'NONE', *, *, #2227, .T. ) ;
#4385 = VERTEX_POINT ( 'NONE', #1356 ) ;
#4386 = CARTESIAN_POINT ( 'NONE',  ( 1.229210193280331431, -49.21917662342251987, 17.35408312707043166 ) ) ;
#4387 = LINE ( 'NONE', #2901, #111 ) ;
#4388 = CARTESIAN_POINT ( 'NONE',  ( -49.98298699177631477, 2.590108001569609186, 14.99134810209191571 ) ) ;
#4389 = CARTESIAN_POINT ( 'NONE',  ( -2.740716057579023701, 49.97490353579147637, 16.11977308177302604 ) ) ;
#4390 = CARTESIAN_POINT ( 'NONE',  ( -9.000000000000461853, -44.65201563199573798, 12.75000000000001066 ) ) ;
#4391 = ORIENTED_EDGE ( 'NONE', *, *, #90, .F. ) ;
#4392 = CIRCLE ( 'NONE', #1933, 45.54999999999999005 ) ;
#4393 = CARTESIAN_POINT ( 'NONE',  ( -50.04999999999999716, 1.590769094821261254E-15, 22.39999999999999858 ) ) ;
#4394 = CARTESIAN_POINT ( 'NONE',  ( -49.97459716370887151, -2.746296772281498821, 15.76358847312415001 ) ) ;
#4395 = LINE ( 'NONE', #1723, #1240 ) ;
#4396 = ORIENTED_EDGE ( 'NONE', *, *, #3170, .T. ) ;
#4397 = ADVANCED_FACE ( 'NONE', ( #222 ), #4492, .F. ) ;
#4398 = AXIS2_PLACEMENT_3D ( 'NONE', #4764, #4349, #4846 ) ;
#4399 = SURFACE_STYLE_FILL_AREA ( #1556 ) ;
#4400 = FACE_OUTER_BOUND ( 'NONE', #1862, .T. ) ;
#4401 = LINE ( 'NONE', #544, #2786 ) ;
#4402 = CARTESIAN_POINT ( 'NONE',  ( -1.665786597046724049, 49.19317349152230179, 14.97756827069549246 ) ) ;
#4403 = LINE ( 'NONE', #2816, #2993 ) ;
#4404 = CARTESIAN_POINT ( 'NONE',  ( -0.9162252459441042607, -50.04188433911905776, 18.45113019519089192 ) ) ;
#4405 = ORIENTED_EDGE ( 'NONE', *, *, #5092, .F. ) ;
#4406 = VECTOR ( 'NONE', #2912, 1000.000000000000000 ) ;
#4407 = DIRECTION ( 'NONE',  ( -0.000000000000000000, -0.000000000000000000, -1.000000000000000000 ) ) ;
#4408 = ORIENTED_EDGE ( 'NONE', *, *, #558, .T. ) ;
#4409 = VECTOR ( 'NONE', #2675, 1000.000000000000000 ) ;
#4410 = ORIENTED_EDGE ( 'NONE', *, *, #2854, .F. ) ;
#4411 = CARTESIAN_POINT ( 'NONE',  ( -0.2840805418494287138, -49.24864606463885508, 17.78272574629801284 ) ) ;
#4412 = CARTESIAN_POINT ( 'NONE',  ( 49.21237376071325542, 1.357214808437372966, 17.23469349110000692 ) ) ;
#4413 = CARTESIAN_POINT ( 'NONE',  ( -1.071596766043455107, 49.22731749644959365, 14.31415451841409237 ) ) ;
#4414 = CARTESIAN_POINT ( 'NONE',  ( -1.858560548604309748, -50.02226206886974325, 15.50522763263233372 ) ) ;
#4415 = CARTESIAN_POINT ( 'NONE',  ( -2.994678959731756240, -44.50607404799428224, 0.000000000000000000 ) ) ;
#4416 = VERTEX_POINT ( 'NONE', #2079 ) ;
#4417 = CARTESIAN_POINT ( 'NONE',  ( 50.03917618527238176, 1.153069668735006159, 17.41546093415394481 ) ) ;
#4418 = DIRECTION ( 'NONE',  ( -0.2127019323094420378, -0.01141033121619238963, 0.9770505065416866808 ) ) ;
#4419 = CARTESIAN_POINT ( 'NONE',  ( -49.24999999999999289, -8.964964602689362112E-13, 17.80000000000000071 ) ) ;
#4420 = CARTESIAN_POINT ( 'NONE',  ( -49.68905815166957041, 5.999999999999992006, 10.40000000000000036 ) ) ;
#4421 = VERTEX_POINT ( 'NONE', #4807 ) ;
#4422 = EDGE_CURVE ( 'NONE', #5026, #250, #85, .T. ) ;
#4423 = EDGE_CURVE ( 'NONE', #593, #3936, #4543, .T. ) ;
#4424 = CARTESIAN_POINT ( 'NONE',  ( 50.04714339401721901, -0.5987970399361884910, 14.09239870894107760 ) ) ;
#4425 = EDGE_LOOP ( 'NONE', ( #4381, #3448, #1585, #1115 ) ) ;
#4426 = CARTESIAN_POINT ( 'NONE',  ( 50.00161550099329588, 2.202443172513776748, 14.27980359051264614 ) ) ;
#4427 = CARTESIAN_POINT ( 'NONE',  ( 2.355901697783955751, 49.99462749265128991, 14.50463168787363877 ) ) ;
#4428 = CARTESIAN_POINT ( 'NONE',  ( 7.026219009586106345, -49.55456057220457922, 8.132271764413719239 ) ) ;
#4429 = CARTESIAN_POINT ( 'NONE',  ( 1.897440620415897339, 49.17613381369589121, 15.74173457040976842 ) ) ;
#4430 = ORIENTED_EDGE ( 'NONE', *, *, #4204, .F. ) ;
#4431 = CARTESIAN_POINT ( 'NONE',  ( -6.000000000000369482, -35.68905815166950646, 22.39999999999999858 ) ) ;
#4432 = DIRECTION ( 'NONE',  ( -0.000000000000000000, -0.000000000000000000, -1.000000000000000000 ) ) ;
#4433 = EDGE_LOOP ( 'NONE', ( #30, #1730, #1818, #2535, #4952 ) ) ;
#4434 = ORIENTED_EDGE ( 'NONE', *, *, #3549, .F. ) ;
#4435 = CARTESIAN_POINT ( 'NONE',  ( 0.8102636251785783061, -49.23681081258829551, 17.62302113528719971 ) ) ;
#4436 = DIRECTION ( 'NONE',  ( 0.000000000000000000, 0.000000000000000000, -1.000000000000000000 ) ) ;
#4437 = DIRECTION ( 'NONE',  ( 1.000000000000000000, 0.000000000000000000, 0.000000000000000000 ) ) ;
#4438 = DIRECTION ( 'NONE',  ( -3.491481338843133750E-15, -1.000000000000000000, -0.000000000000000000 ) ) ;
#4439 = CARTESIAN_POINT ( 'NONE',  ( 49.17859001248485384, -1.865887537246568861, 16.27667359268907177 ) ) ;
#4440 = ORIENTED_EDGE ( 'NONE', *, *, #5059, .T. ) ;
#4441 = CARTESIAN_POINT ( 'NONE',  ( 49.24587475393661151, 0.4649947181567634646, 17.74642722624002289 ) ) ;
#4442 = CARTESIAN_POINT ( 'NONE',  ( -35.68905815166957041, 0.000000000000000000, 22.39999999999999858 ) ) ;
#4443 = DIRECTION ( 'NONE',  ( -3.243663699417875537E-15, -1.000000000000000000, 0.000000000000000000 ) ) ;
#4444 = CARTESIAN_POINT ( 'NONE',  ( -49.98352592563089303, -2.579149871913022807, 16.83631195035303563 ) ) ;
#4445 = EDGE_LOOP ( 'NONE', ( #3381, #1677, #734, #4988 ) ) ;
#4446 = TOROIDAL_SURFACE ( 'NONE', #2812, 49.25000000000000000, 0.8000000000000000444 ) ;
#4447 = CARTESIAN_POINT ( 'NONE',  ( 50.02101610191509451, -1.901606483102184830, 15.99365815457552564 ) ) ;
#4448 = DIRECTION ( 'NONE',  ( -1.000000000000000000, 0.000000000000000000, 0.000000000000000000 ) ) ;
#4449 = CARTESIAN_POINT ( 'NONE',  ( -44.76051296219343811, 8.443872296601435679, 12.80199695089834755 ) ) ;
#4450 = FACE_OUTER_BOUND ( 'NONE', #4244, .T. ) ;
#4451 = CARTESIAN_POINT ( 'NONE',  ( 2.719690906896497395, -49.97606705051586573, 16.29972737019271634 ) ) ;
#4452 = EDGE_CURVE ( 'NONE', #748, #1298, #774, .T. ) ;
#4453 = VECTOR ( 'NONE', #4542, 1000.000000000000000 ) ;
#4454 = ORIENTED_EDGE ( 'NONE', *, *, #3207, .F. ) ;
#4455 = ADVANCED_FACE ( 'NONE', ( #161 ), #2195, .F. ) ;
#4456 = LINE ( 'NONE', #162, #1705 ) ;
#4457 = LINE ( 'NONE', #3319, #4365 ) ;
#4458 = ORIENTED_EDGE ( 'NONE', *, *, #2644, .T. ) ;
#4459 = ORIENTED_EDGE ( 'NONE', *, *, #242, .F. ) ;
#4460 = EDGE_CURVE ( 'NONE', #3004, #3592, #392, .T. ) ;
#4461 = CARTESIAN_POINT ( 'NONE',  ( -0.5377091329414239729, -50.04773188599094880, 17.72675656450689630 ) ) ;
#4462 = CARTESIAN_POINT ( 'NONE',  ( -8.443872296601902860, -44.76051296219334574, 7.451996950898348793 ) ) ;
#4463 = CARTESIAN_POINT ( 'NONE',  ( -50.02736916043338766, 1.673904301494570923, 16.80770116577389217 ) ) ;
#4464 = DIRECTION ( 'NONE',  ( -0.000000000000000000, -0.000000000000000000, -1.000000000000000000 ) ) ;
#4465 = DIRECTION ( 'NONE',  ( 0.000000000000000000, -0.000000000000000000, 1.000000000000000000 ) ) ;
#4466 = ORIENTED_EDGE ( 'NONE', *, *, #1352, .T. ) ;
#4467 = AXIS2_PLACEMENT_3D ( 'NONE', #1760, #3326, #4436 ) ;
#4468 = CARTESIAN_POINT ( 'NONE',  ( 49.25013188420580690, 0.09429873041566906589, 17.80169309334397099 ) ) ;
#4469 = CARTESIAN_POINT ( 'NONE',  ( -49.60998133710855740, -6.623039614238940942, 8.559057985959517723 ) ) ;
#4470 = CARTESIAN_POINT ( 'NONE',  ( -50.04657378295106440, -0.6536272174930484180, 14.11149464943025222 ) ) ;
#4471 = CARTESIAN_POINT ( 'NONE',  ( -5.999999999999879208, 35.68905815166959172, 15.75000000000000000 ) ) ;
#4472 = AXIS2_PLACEMENT_3D ( 'NONE', #194, #4540, #2592 ) ;
#4473 = CARTESIAN_POINT ( 'NONE',  ( 50.03072091313367764, -1.541763104004249429, 17.01735128300069277 ) ) ;
#4474 = CARTESIAN_POINT ( 'NONE',  ( -5.999999999999833022, 49.68905815166957751, 10.00131485494783590 ) ) ;
#4475 = CARTESIAN_POINT ( 'NONE',  ( -44.68964868481911168, 8.813289815228330326, 12.75000000000000000 ) ) ;
#4476 = CARTESIAN_POINT ( 'NONE',  ( 2.034823350741003622, 50.00878574659595444, 14.08013179231594592 ) ) ;
#4477 = CARTESIAN_POINT ( 'NONE',  ( 3.149807816559535123, -43.03488364941561883, 3.200000000000000178 ) ) ;
#4478 = AXIS2_PLACEMENT_3D ( 'NONE', #1104, #358, #3127 ) ;
#4479 = ORIENTED_EDGE ( 'NONE', *, *, #1780, .F. ) ;
#4480 = B_SPLINE_CURVE_WITH_KNOTS ( 'NONE', 3,
 ( #3775, #4082, #1820, #1336, #1564, #5046, #1058, #5066 ),
 .UNSPECIFIED., .F., .F.,
 ( 4, 2, 2, 4 ),
 ( 0.000000000000000000, 0.0003135903530309073345, 0.0006271807060618146690, 0.001254361412123644083 ),
 .UNSPECIFIED. ) ;
#4481 = CARTESIAN_POINT ( 'NONE',  ( -1.856644251088803488, -49.17941949088123721, 16.36510148445110957 ) ) ;
#4482 = CARTESIAN_POINT ( 'NONE',  ( 1.245735446581785588, 50.03476591439400067, 18.31215024608667363 ) ) ;
#4483 = CARTESIAN_POINT ( 'NONE',  ( -7.030567181065637377E-15, -1.590769094821261254E-15, 7.400000000000000355 ) ) ;
#4484 = ORIENTED_EDGE ( 'NONE', *, *, #432, .T. ) ;
#4485 = ADVANCED_FACE ( 'NONE', ( #1346 ), #3734, .F. ) ;
#4486 = VERTEX_POINT ( 'NONE', #2123 ) ;
#4487 = AXIS2_PLACEMENT_3D ( 'NONE', #5065, #4284, #3494 ) ;
#4488 = CARTESIAN_POINT ( 'NONE',  ( -1.665382063271718449, -49.19319882471117467, 16.82296352842556786 ) ) ;
#4489 = DIRECTION ( 'NONE',  ( 1.000000000000000000, 0.000000000000000000, 0.000000000000000000 ) ) ;
#4490 = CARTESIAN_POINT ( 'NONE',  ( -6.000000000000512479, -49.68905815166950646, 21.60000000000000142 ) ) ;
#4491 = CARTESIAN_POINT ( 'NONE',  ( -48.98918194380789259, -6.000000000000006217, 22.40000000000000213 ) ) ;
#4492 = PLANE ( 'NONE',  #2120 ) ;
#4493 = CIRCLE ( 'NONE', #51, 0.7999999999999999334 ) ;
#4494 = EDGE_CURVE ( 'NONE', #904, #748, #275, .T. ) ;
#4495 = VERTEX_POINT ( 'NONE', #3271 ) ;
#4496 = AXIS2_PLACEMENT_3D ( 'NONE', #1578, #3937, #46 ) ;
#4498 = EDGE_CURVE ( 'NONE', #2417, #3720, #4080, .T. ) ;
#4497 = CARTESIAN_POINT ( 'NONE',  ( 50.04992901287602081, -0.1568344181688642314, 17.79774958715863420 ) ) ;
#4499 = CARTESIAN_POINT ( 'NONE',  ( 6.000000000000166089, 49.68905815166954909, 10.40000000000000036 ) ) ;
#4500 = CARTESIAN_POINT ( 'NONE',  ( 0.000000000000000000, 0.000000000000000000, 12.75000000000001066 ) ) ;
#4501 = CARTESIAN_POINT ( 'NONE',  ( 7.030567181065637377E-15, 1.590769094821261254E-15, 7.400000000000000355 ) ) ;
#4502 = AXIS2_PLACEMENT_3D ( 'NONE', #1011, #4556, #3395 ) ;
#4503 = EDGE_LOOP ( 'NONE', ( #1489, #579 ) ) ;
#4504 = CARTESIAN_POINT ( 'NONE',  ( 49.21891999370146209, -1.234268156655272897, 14.45020511285688514 ) ) ;
#4505 = CARTESIAN_POINT ( 'NONE',  ( -4.336808689942017736E-16, -47.40652577362286735, -4.336808689942017736E-16 ) ) ;
#4506 = CARTESIAN_POINT ( 'NONE',  ( 49.97608623933534489, 2.719334052564142290, 16.30142476906437565 ) ) ;
#4507 = CARTESIAN_POINT ( 'NONE',  ( 1.833087632245096854, 50.02299261287507193, 15.38523560867360729 ) ) ;
#4508 = CARTESIAN_POINT ( 'NONE',  ( 24.00000000000000000, 10.00000000000000178, -38.35374729631401891 ) ) ;
#4509 = VERTEX_POINT ( 'NONE', #4431 ) ;
#4510 = CARTESIAN_POINT ( 'NONE',  ( -1.490530328160551754, -49.20455456054367716, 17.08395084444634904 ) ) ;
#4511 = CARTESIAN_POINT ( 'NONE',  ( -49.68905815166957041, 5.999999999999992006, 22.39999999999999858 ) ) ;
#4512 = ORIENTED_EDGE ( 'NONE', *, *, #1405, .T. ) ;
#4513 = CARTESIAN_POINT ( 'NONE',  ( 49.25076503184847354, 0.1529282779225650535, 13.98947319338630102 ) ) ;
#4514 = CARTESIAN_POINT ( 'NONE',  ( -8.999999999999849010, 44.65201563199585877, 7.400000000000000355 ) ) ;
#4515 = CARTESIAN_POINT ( 'NONE',  ( 49.68905815166957751, 6.000000000000005329, 21.81210565520126110 ) ) ;
#4516 = CARTESIAN_POINT ( 'NONE',  ( 7.030567181065637377E-15, 1.590769094821261254E-15, 21.60000000000000142 ) ) ;
#4517 = DIRECTION ( 'NONE',  ( 0.000000000000000000, 0.000000000000000000, -1.000000000000000000 ) ) ;
#4518 = CARTESIAN_POINT ( 'NONE',  ( -2.230358754827325098E-15, 9.000000000000005329, 15.75000000000000000 ) ) ;
#4519 = EDGE_CURVE ( 'NONE', #4800, #1872, #1784, .T. ) ;
#4520 = EDGE_LOOP ( 'NONE', ( #71, #4650 ) ) ;
#4521 = FACE_OUTER_BOUND ( 'NONE', #3020, .T. ) ;
#4522 = EDGE_CURVE ( 'NONE', #3273, #3815, #3758, .T. ) ;
#4523 = CARTESIAN_POINT ( 'NONE',  ( -44.76051296219343811, 8.443872296601433902, 7.451996950898348793 ) ) ;
#4524 = CARTESIAN_POINT ( 'NONE',  ( 1.910119264194741096, -49.17520167702849676, 16.05793610850924935 ) ) ;
#4525 = CARTESIAN_POINT ( 'NONE',  ( 2.732160008667976925, 49.97538219993031561, 16.20553943042066791 ) ) ;
#4526 = VERTEX_POINT ( 'NONE', #4535 ) ;
#4527 = AXIS2_PLACEMENT_3D ( 'NONE', #3, #4770, #1582 ) ;
#4528 = EDGE_CURVE ( 'NONE', #1453, #4710, #3430, .T. ) ;
#4529 = CARTESIAN_POINT ( 'NONE',  ( 50.01841514113120013, -1.782450733387350716, 13.83976516009412450 ) ) ;
#4530 = CARTESIAN_POINT ( 'NONE',  ( -6.307689843926366891, 49.65099562769486852, 9.062095880220624622 ) ) ;
#4531 = CARTESIAN_POINT ( 'NONE',  ( 7.030567181065637377E-15, -9.000000000000005329, 7.400000000000000355 ) ) ;
#4532 = LINE ( 'NONE', #129, #3333 ) ;
#4533 = CARTESIAN_POINT ( 'NONE',  ( 2.200623295816642067, -50.00169582021062809, 14.27742658172158841 ) ) ;
#4534 = ORIENTED_EDGE ( 'NONE', *, *, #3077, .F. ) ;
#4535 = CARTESIAN_POINT ( 'NONE',  ( -10.00000000000000000, 24.00000000000000355, 12.75000000000000000 ) ) ;
#4536 = DIRECTION ( 'NONE',  ( -1.000000000000000000, 0.000000000000000000, 0.000000000000000000 ) ) ;
#4537 = ORIENTED_EDGE ( 'NONE', *, *, #3739, .T. ) ;
#4538 = FACE_OUTER_BOUND ( 'NONE', #2280, .T. ) ;
#4539 = CARTESIAN_POINT ( 'NONE',  ( 44.76051296219343101, 8.443872296601446337, 12.80199695089834755 ) ) ;
#4540 = DIRECTION ( 'NONE',  ( -3.491481338843133750E-15, -1.000000000000000000, -0.000000000000000000 ) ) ;
#4541 = CARTESIAN_POINT ( 'NONE',  ( -2.106843152333857550, 46.26521133956567411, 4.336808689942017736E-16 ) ) ;
#4542 = DIRECTION ( 'NONE',  ( -3.243663699417875537E-15, -1.000000000000000000, 0.000000000000000000 ) ) ;
#4543 = LINE ( 'NONE', #667, #2941 ) ;
#4544 = ORIENTED_EDGE ( 'NONE', *, *, #3739, .F. ) ;
#4545 = ORIENTED_EDGE ( 'NONE', *, *, #2111, .F. ) ;
#4546 = B_SPLINE_CURVE_WITH_KNOTS ( 'NONE', 3,
 ( #1010, #1064, #3781, #2636, #2190, #3290, #258, #4871, #1340, #983, #2962, #955, #4530, #3311, #4474, #3394 ),
 .UNSPECIFIED., .F., .F.,
 ( 4, 2, 2, 2, 2, 2, 2, 4 ),
 ( 0.000000000000000000, 0.0005894222024699023168, 0.001178844404939804634, 0.001768266607409704674, 0.002357688809879606232, 0.002947111012349507356, 0.003536533214819408914, 0.004715377619759216800 ),
 .UNSPECIFIED. ) ;
#4547 = CARTESIAN_POINT ( 'NONE',  ( 49.22153442161109638, 1.182616031295987913, 14.40770702577282414 ) ) ;
#4548 = CARTESIAN_POINT ( 'NONE',  ( 5.999999999999505285, -47.70851601129515274, 10.40000000000000036 ) ) ;
#4549 = LINE ( 'NONE', #1876, #2114 ) ;
#4550 = CARTESIAN_POINT ( 'NONE',  ( 1.453024296241726798, -49.20684860447524756, 14.66953524994965896 ) ) ;
#4551 = CARTESIAN_POINT ( 'NONE',  ( 0.1621132577388797458, 50.04991595829133644, 17.79733561508622586 ) ) ;
#4552 = ORIENTED_EDGE ( 'NONE', *, *, #4238, .F. ) ;
#4553 = CARTESIAN_POINT ( 'NONE',  ( -1.881845228235676348, 49.17734494674326839, 16.17077102135130318 ) ) ;
#4554 = CARTESIAN_POINT ( 'NONE',  ( -2.342176784895721971E-15, 9.999999999999996447, -38.35374729631401891 ) ) ;
#4555 = CIRCLE ( 'NONE', #529, 26.00000000000000355 ) ;
#4556 = DIRECTION ( 'NONE',  ( 0.000000000000000000, 0.000000000000000000, 1.000000000000000000 ) ) ;
#4557 = CARTESIAN_POINT ( 'NONE',  ( 12.20000000000000284, 0.000000000000000000, 12.75000000000000000 ) ) ;
#4558 = CARTESIAN_POINT ( 'NONE',  ( 49.30337566373447800, -5.999999999999991118, 22.31380907653662504 ) ) ;
#4559 = ORIENTED_EDGE ( 'NONE', *, *, #624, .F. ) ;
#4560 = EDGE_CURVE ( 'NONE', #3689, #4721, #4837, .T. ) ;
#4561 = CARTESIAN_POINT ( 'NONE',  ( -50.01210435034774093, 1.951279784460176581, 13.99466592260323594 ) ) ;
#4562 = ADVANCED_FACE ( 'NONE', ( #522 ), #2096, .F. ) ;
#4563 =( BOUNDED_CURVE ( )  B_SPLINE_CURVE ( 3, ( #2204, #3302, #3743, #4888 ),
 .UNSPECIFIED., .F., .T. ) 
 B_SPLINE_CURVE_WITH_KNOTS ( ( 4, 4 ),
 ( 0.1864543798253346096, 1.570796326794895448 ),
 .UNSPECIFIED. ) 
 CURVE ( )  GEOMETRIC_REPRESENTATION_ITEM ( )  RATIONAL_B_SPLINE_CURVE ( ( 1.000000000000000000, 0.8465748621659212603, 0.8465748621659212603, 1.000000000000000000 ) ) 
 REPRESENTATION_ITEM ( '' )  );
#4564 = DIRECTION ( 'NONE',  ( 1.000000000000000000, -3.243663699417876326E-15, 0.000000000000000000 ) ) ;
#4565 = ORIENTED_EDGE ( 'NONE', *, *, #4716, .F. ) ;
#4566 = CIRCLE ( 'NONE', #2761, 43.14999999999999147 ) ;
#4567 = B_SPLINE_CURVE_WITH_KNOTS ( 'NONE', 3,
 ( #4449, #3652, #4475, #984 ),
 .UNSPECIFIED., .F., .F.,
 ( 4, 4 ),
 ( 0.000000000000000000, 0.0005689933005318143378 ),
 .UNSPECIFIED. ) ;
#4568 = DIRECTION ( 'NONE',  ( -0.000000000000000000, -0.000000000000000000, -1.000000000000000000 ) ) ;
#4569 = CARTESIAN_POINT ( 'NONE',  ( -1.909816154254274867, 50.02079209523242298, 16.05332174549701918 ) ) ;
#4570 = LINE ( 'NONE', #4742, #2500 ) ;
#4571 = CARTESIAN_POINT ( 'NONE',  ( 7.030567181065637377E-15, 1.590769094821261254E-15, 22.39999999999999858 ) ) ;
#4572 = CARTESIAN_POINT ( 'NONE',  ( 7.030567181065637377E-15, 1.590769094821261254E-15, 7.400000000000000355 ) ) ;
#4573 = CARTESIAN_POINT ( 'NONE',  ( -1.066424499630081346, -49.22685079402964448, 17.47672063083324545 ) ) ;
#4574 = ORIENTED_EDGE ( 'NONE', *, *, #2448, .F. ) ;
#4575 = EDGE_LOOP ( 'NONE', ( #3214, #4212, #3073, #965, #1076 ) ) ;
#4576 = EDGE_CURVE ( 'NONE', #1018, #710, #4928, .T. ) ;
#4577 = CARTESIAN_POINT ( 'NONE',  ( 49.98830484516069816, 2.485201225674581682, 14.74215988719318560 ) ) ;
#4578 = CARTESIAN_POINT ( 'NONE',  ( -48.88315149414979999, 5.999999999999992006, 22.39999999999999858 ) ) ;
#4579 = VECTOR ( 'NONE', #2342, 1000.000000000000000 ) ;
#4580 = CARTESIAN_POINT ( 'NONE',  ( -50.04946478265745924, -0.2830227238302857606, 14.01682677472176231 ) ) ;
#4581 = CARTESIAN_POINT ( 'NONE',  ( -8.999999999999889866, 32.68905815166959883, 12.75000000000000000 ) ) ;
#4582 = CARTESIAN_POINT ( 'NONE',  ( 1.454645604506167755, 49.20675445758634226, 17.12866270699334237 ) ) ;
#4583 = ADVANCED_FACE ( 'NONE', ( #988 ), #1396, .T. ) ;
#4584 = AXIS2_PLACEMENT_3D ( 'NONE', #3830, #4240, #3416 ) ;
#4585 = CARTESIAN_POINT ( 'NONE',  ( 50.03459217524629565, -1.252607045639925198, 18.30866660238105581 ) ) ;
#4586 = CARTESIAN_POINT ( 'NONE',  ( -50.04667816164564442, 0.5766324519660287473, 18.53970445202304163 ) ) ;
#4587 = CARTESIAN_POINT ( 'NONE',  ( 50.03462781536986625, 1.251115402063360804, 13.49062506793029925 ) ) ;
#4588 = CARTESIAN_POINT ( 'NONE',  ( -50.05077749013236854, 0.2208464174576519612, 18.61495973245988012 ) ) ;
#4589 = CARTESIAN_POINT ( 'NONE',  ( -0.1349890347565657345, -50.05013855196142458, 13.19751276224050862 ) ) ;
#4590 = AXIS2_PLACEMENT_3D ( 'NONE', #2967, #1016, #4143 ) ;
#4591 = VERTEX_POINT ( 'NONE', #4979 ) ;
#4592 = EDGE_CURVE ( 'NONE', #4296, #4721, #1480, .T. ) ;
#4593 = CARTESIAN_POINT ( 'NONE',  ( -50.02562412075515397, 1.568334951861131588, 13.67847748665323593 ) ) ;
#4594 = CARTESIAN_POINT ( 'NONE',  ( 0.000000000000000000, 0.000000000000000000, 10.34999999999999787 ) ) ;
#4595 = ORIENTED_EDGE ( 'NONE', *, *, #3644, .F. ) ;
#4596 = CARTESIAN_POINT ( 'NONE',  ( 40.68905815166956330, 2.314123766397086009E-15, 15.90000000000000036 ) ) ;
#4597 = DIRECTION ( 'NONE',  ( -0.000000000000000000, -0.000000000000000000, -1.000000000000000000 ) ) ;
#4598 = CARTESIAN_POINT ( 'NONE',  ( 7.677980399989723814, 49.45790385395827826, 7.699988180959968176 ) ) ;
#4599 = CARTESIAN_POINT ( 'NONE',  ( -10.00000000000000000, 0.000000000000000000, 10.34999999999999787 ) ) ;
#4600 = CARTESIAN_POINT ( 'NONE',  ( 50.03468821501894581, -1.248660841815355749, 18.31058101077826095 ) ) ;
#4601 = CARTESIAN_POINT ( 'NONE',  ( 49.17866975738056823, -1.864769491211481167, 15.46858992875882421 ) ) ;
#4602 = ORIENTED_EDGE ( 'NONE', *, *, #3872, .F. ) ;
#4603 = ORIENTED_EDGE ( 'NONE', *, *, #4522, .T. ) ;
#4604 = CARTESIAN_POINT ( 'NONE',  ( -7.175816456799746668, -49.53319818931364438, 8.010182497569093840 ) ) ;
#4605 = CARTESIAN_POINT ( 'NONE',  ( -8.443872296601288241, 44.76051296219345943, 12.80199695089834755 ) ) ;
#4606 = CARTESIAN_POINT ( 'NONE',  ( 6.000000000000150990, 45.15310066872481798, 15.75000000000000000 ) ) ;
#4607 = CARTESIAN_POINT ( 'NONE',  ( 2.098364288519275700, -50.00614766775482423, 14.15144482860364228 ) ) ;
#4608 = CARTESIAN_POINT ( 'NONE',  ( -40.68905815166956330, -2.314123766397086009E-15, 15.90000000000000036 ) ) ;
#4609 = CARTESIAN_POINT ( 'NONE',  ( 0.6576938554996957231, 50.04653162672270383, 17.68710168293221230 ) ) ;
#4610 = CYLINDRICAL_SURFACE ( 'NONE', #1943, 3.000000000000000000 ) ;
#4611 = DIRECTION ( 'NONE',  ( 0.000000000000000000, 0.000000000000000000, 1.000000000000000000 ) ) ;
#4612 = CARTESIAN_POINT ( 'NONE',  ( -44.43874998241961549, 9.999999999999985789, 12.75000000000000000 ) ) ;
#4613 = DIRECTION ( 'NONE',  ( 1.000000000000000000, 0.000000000000000000, 0.000000000000000000 ) ) ;
#4614 = CARTESIAN_POINT ( 'NONE',  ( 49.68905815166957751, -5.999999999999992895, 21.70603902178096689 ) ) ;
#4615 = ORIENTED_EDGE ( 'NONE', *, *, #626, .F. ) ;
#4616 = CARTESIAN_POINT ( 'NONE',  ( -49.98209337457829093, 2.606677946315528072, 16.75938816328098468 ) ) ;
#4617 = EDGE_LOOP ( 'NONE', ( #677, #3357, #2822, #186, #3912 ) ) ;
#4618 = FACE_OUTER_BOUND ( 'NONE', #3759, .T. ) ;
#4619 = ORIENTED_EDGE ( 'NONE', *, *, #342, .F. ) ;
#4620 = ADVANCED_FACE ( 'NONE', ( #2639 ), #656, .F. ) ;
#4621 = CARTESIAN_POINT ( 'NONE',  ( 50.05031503641053092, 0.1571487238374338624, 13.98915677726619933 ) ) ;
#4622 = CARTESIAN_POINT ( 'NONE',  ( 1.711716758504290059, -50.02646940833049882, 16.76136652584091991 ) ) ;
#4623 = CARTESIAN_POINT ( 'NONE',  ( 1.899999999999576250, -40.68905815166958462, 15.90000000000000036 ) ) ;
#4624 = CARTESIAN_POINT ( 'NONE',  ( 49.98846071624461018, -2.482098540481066262, 17.06466704420067870 ) ) ;
#4625 = CARTESIAN_POINT ( 'NONE',  ( 1.452157778184040682, -49.20687940945630601, 17.13067762510953074 ) ) ;
#4626 = ORIENTED_EDGE ( 'NONE', *, *, #2267, .T. ) ;
#4627 = EDGE_CURVE ( 'NONE', #4509, #1871, #4226, .T. ) ;
#4628 = VERTEX_POINT ( 'NONE', #3891 ) ;
#4629 = CARTESIAN_POINT ( 'NONE',  ( 49.19327545642094890, 1.664302208596586397, 14.97489004565811932 ) ) ;
#4630 = DIRECTION ( 'NONE',  ( -0.000000000000000000, -0.000000000000000000, -1.000000000000000000 ) ) ;
#4631 = DIRECTION ( 'NONE',  ( 1.047444401652940007E-14, 1.000000000000000000, -0.000000000000000000 ) ) ;
#4632 = CARTESIAN_POINT ( 'NONE',  ( -1.503245484574465607, -50.03165605007678352, 14.73125520190616378 ) ) ;
#4633 = LINE ( 'NONE', #334, #1293 ) ;
#4634 = CARTESIAN_POINT ( 'NONE',  ( -1.131844497218516432, 49.22395791239631535, 17.43122772432754530 ) ) ;
#4635 = ORIENTED_EDGE ( 'NONE', *, *, #2763, .F. ) ;
#4636 = CARTESIAN_POINT ( 'NONE',  ( 50.04193629590918135, -0.9948698854523077006, 17.52368544947832163 ) ) ;
#4637 = LINE ( 'NONE', #4662, #3413 ) ;
#4638 = CARTESIAN_POINT ( 'NONE',  ( -6.000000000000511591, -49.58668971447632856, 22.00412165438076428 ) ) ;
#4639 = CARTESIAN_POINT ( 'NONE',  ( -49.63926632990233401, 6.399841982065079371, 8.890733117424263199 ) ) ;
#4640 = ORIENTED_EDGE ( 'NONE', *, *, #4144, .T. ) ;
#4641 = ORIENTED_EDGE ( 'NONE', *, *, #2379, .T. ) ;
#4642 = AXIS2_PLACEMENT_3D ( 'NONE', #1436, #3386, #1001 ) ;
#4643 = AXIS2_PLACEMENT_3D ( 'NONE', #2949, #917, #4489 ) ;
#4644 = CYLINDRICAL_SURFACE ( 'NONE', #1870, 3.000000000000000000 ) ;
#4645 = LINE ( 'NONE', #3050, #6 ) ;
#4646 = CARTESIAN_POINT ( 'NONE',  ( -0.2820689188706851369, 49.24866955097034094, 14.01697185716561833 ) ) ;
#4647 = DIRECTION ( 'NONE',  ( -0.9771127730898002683, 0.000000000000000000, 0.2127219515347683609 ) ) ;
#4648 = VECTOR ( 'NONE', #4630, 1000.000000000000000 ) ;
#4649 = ADVANCED_FACE ( 'NONE', ( #4254 ), #3402, .F. ) ;
#4650 = ORIENTED_EDGE ( 'NONE', *, *, #3172, .T. ) ;
#4651 = VERTEX_POINT ( 'NONE', #2276 ) ;
#4652 = CYLINDRICAL_SURFACE ( 'NONE', #4487, 45.54999999999999005 ) ;
#4653 = CARTESIAN_POINT ( 'NONE',  ( 6.962258785694507957, 45.04001278136630759, 7.731496770071229818 ) ) ;
#4654 = CARTESIAN_POINT ( 'NONE',  ( -1.831782702521908890, 49.18117342575722262, 16.41777664419446126 ) ) ;
#4655 = CARTESIAN_POINT ( 'NONE',  ( 0.2886330397360860056, -50.04943477662447293, 14.01778913764971435 ) ) ;
#4656 = CARTESIAN_POINT ( 'NONE',  ( 9.000000000000149214, 44.65201563199580193, 7.400000000000000355 ) ) ;
#4657 = CARTESIAN_POINT ( 'NONE',  ( -1.489189115491905469, 49.20461721248369713, 17.08652211486600692 ) ) ;
#4658 = ORIENTED_EDGE ( 'NONE', *, *, #3537, .F. ) ;
#4659 = EDGE_CURVE ( 'NONE', #2779, #261, #1149, .T. ) ;
#4660 = AXIS2_PLACEMENT_3D ( 'NONE', #2528, #183, #2475 ) ;
#4661 = CARTESIAN_POINT ( 'NONE',  ( -6.000000000000512479, -49.68905815166950646, 10.40000000000000036 ) ) ;
#4662 = CARTESIAN_POINT ( 'NONE',  ( -8.443872296601290017, 44.76051296219346654, 141.5848555321889535 ) ) ;
#4663 = DIRECTION ( 'NONE',  ( 0.000000000000000000, 0.000000000000000000, 1.000000000000000000 ) ) ;
#4664 = CARTESIAN_POINT ( 'NONE',  ( -6.000000000000004441, 6.135975826262489293E-14, 22.39999999999999858 ) ) ;
#4665 = VERTEX_POINT ( 'NONE', #4953 ) ;
#4666 = CIRCLE ( 'NONE', #3024, 43.14999999999999147 ) ;
#4667 = CARTESIAN_POINT ( 'NONE',  ( -1.900000000000424238, -40.68905815166954199, 15.90000000000000036 ) ) ;
#4668 = VECTOR ( 'NONE', #1152, 1000.000000000000000 ) ;
#4669 = CARTESIAN_POINT ( 'NONE',  ( -47.70851601129508879, 8.999999999999992895, 141.5848555321889535 ) ) ;
#4670 = B_SPLINE_CURVE_WITH_KNOTS ( 'NONE', 3,
 ( #2929, #2136, #174, #4056 ),
 .UNSPECIFIED., .F., .F.,
 ( 4, 4 ),
 ( 0.000000000000000000, 0.0005689933005318132536 ),
 .UNSPECIFIED. ) ;
#4671 =( BOUNDED_CURVE ( )  B_SPLINE_CURVE ( 3, ( #4767, #1630, #1963, #3530 ),
 .UNSPECIFIED., .F., .F. ) 
 B_SPLINE_CURVE_WITH_KNOTS ( ( 4, 4 ),
 ( 0.1864543798253346651, 1.570796326794895448 ),
 .UNSPECIFIED. ) 
 CURVE ( )  GEOMETRIC_REPRESENTATION_ITEM ( )  RATIONAL_B_SPLINE_CURVE ( ( 1.000000000000000000, 0.8465748621659212603, 0.8465748621659212603, 1.000000000000000000 ) ) 
 REPRESENTATION_ITEM ( '' )  );
#4672 = CARTESIAN_POINT ( 'NONE',  ( -0.9977430576797514661, 50.04188924914240744, 14.27808465658024950 ) ) ;
#4673 = CARTESIAN_POINT ( 'NONE',  ( -49.24673106620860352, -0.3993041351153283625, 14.04243271785924385 ) ) ;
#4674 = CARTESIAN_POINT ( 'NONE',  ( 1.486905836551550459E-15, -6.000000000000004441, 22.39999999999999858 ) ) ;
#4675 = ORIENTED_EDGE ( 'NONE', *, *, #4730, .T. ) ;
#4676 = VERTEX_POINT ( 'NONE', #4667 ) ;
#4677 = CARTESIAN_POINT ( 'NONE',  ( -1.897440620416234847, -49.17613381369648096, 15.74173457040946289 ) ) ;
#4678 = CARTESIAN_POINT ( 'NONE',  ( -8.627905400467758668, 44.72579593317486513, 12.76727992187975325 ) ) ;
#4679 = EDGE_CURVE ( 'NONE', #3420, #158, #3470, .T. ) ;
#4680 = CARTESIAN_POINT ( 'NONE',  ( -50.04872014027650096, -0.3994116778317667871, 13.22280895348310636 ) ) ;
#4681 = CARTESIAN_POINT ( 'NONE',  ( -0.8282923500976542286, -50.04445142456034290, 14.18523501523700148 ) ) ;
#4682 = CARTESIAN_POINT ( 'NONE',  ( 8.813289815228486646, 44.68964868481908326, 7.400000000000000355 ) ) ;
#4683 = ORIENTED_EDGE ( 'NONE', *, *, #493, .T. ) ;
#4684 = EDGE_CURVE ( 'NONE', #2057, #1635, #319, .T. ) ;
#4685 = DIRECTION ( 'NONE',  ( 1.000000000000000000, 0.000000000000000000, -0.000000000000000000 ) ) ;
#4686 = DIRECTION ( 'NONE',  ( -0.000000000000000000, -0.000000000000000000, 1.000000000000000000 ) ) ;
#4687 = CARTESIAN_POINT ( 'NONE',  ( -49.20927370130962686, -1.411946528189628403, 17.17739191278666055 ) ) ;
#4688 = LINE ( 'NONE', #1907, #2807 ) ;
#4689 = ORIENTED_EDGE ( 'NONE', *, *, #4329, .T. ) ;
#4690 = ORIENTED_EDGE ( 'NONE', *, *, #4759, .F. ) ;
#4691 = ADVANCED_FACE ( 'NONE', ( #1505 ), #4644, .F. ) ;
#4692 = CARTESIAN_POINT ( 'NONE',  ( -2.681058570386108730, -49.97813947059412953, 15.32565073085612894 ) ) ;
#4693 = CARTESIAN_POINT ( 'NONE',  ( 7.175816456799397614, 49.53319818931367990, 8.010182497569092064 ) ) ;
#4694 = LINE ( 'NONE', #3195, #4051 ) ;
#4695 = DIRECTION ( 'NONE',  ( -0.000000000000000000, -0.000000000000000000, -1.000000000000000000 ) ) ;
#4696 = CARTESIAN_POINT ( 'NONE',  ( -10.00000000000000000, 0.000000000000000000, -38.35374729631401891 ) ) ;
#4697 = AXIS2_PLACEMENT_3D ( 'NONE', #1912, #1046, #3462 ) ;
#4698 =( BOUNDED_SURFACE ( )  B_SPLINE_SURFACE ( 3, 2, ( 
 ( #2217, #1830, #4976 ),
 ( #1475, #3018, #4588 ),
 ( #4196, #2665, #4223 ),
 ( #708, #2271, #1594 ),
 ( #4005, #484, #4319 ),
 ( #1978, #4708, #2809 ),
 ( #4760, #1158, #69 ),
 ( #2784, #1231, #2832 ),
 ( #4371, #1182, #3113 ),
 ( #4687, #3934, #848 ),
 ( #1553, #2731, #4734 ),
 ( #1206, #4345, #4292 ),
 ( #3162, #412, #2414 ),
 ( #2757, #825, #780 ),
 ( #1956, #4785, #3910 ),
 ( #3546, #2390, #1619 ),
 ( #459, #803, #20 ),
 ( #2369, #2345, #4394 ),
 ( #3981, #2028, #3955 ),
 ( #386, #3595, #874 ),
 ( #3188, #1257, #3525 ),
 ( #5095, #1645, #3212 ),
 ( #435, #2003, #3566 ),
 ( #1572, #3139, #2445 ),
 ( #42, #2055, #3621 ),
 ( #539, #951, #97 ),
 ( #590, #4057, #2469 ),
 ( #175, #2159, #1722 ),
 ( #2186, #3676, #4841 ),
 ( #3235, #4470, #1310 ),
 ( #4919, #2547, #4030 ),
 ( #1668, #2931, #924 ) ),
 .UNSPECIFIED., .F., .F., .T. ) 
 B_SPLINE_SURFACE_WITH_KNOTS ( ( 4, 2, 2, 2, 2, 2, 2, 2, 2, 2, 2, 2, 2, 2, 2, 4 ),
 ( 3, 3 ),
 ( 0.008441911809756865587, 0.009497150785976474219, 0.01002477027408627853, 0.01055238976219608285, 0.01108000925030588717, 0.01160762873841569148, 0.01213524822652549406, 0.01266286771463529838, 0.01319048720274510270, 0.01371810669085490528, 0.01424572617896470959, 0.01477334566707451391, 0.01530096515518431823, 0.01582858464329412254, 0.01635620413140392859, 0.01688382361951373117 ),
 ( 0.000000000000000000, 1.000000000000000000 ),
 .UNSPECIFIED. ) 
 GEOMETRIC_REPRESENTATION_ITEM ( )  RATIONAL_B_SPLINE_SURFACE ( (
 ( 1.000000000000000000, 0.7062502353816337841, 1.000000000000000000),
 ( 1.000000000000000000, 0.7073149109539681456, 1.000000000000000000),
 ( 1.000000000000000000, 0.7073790737768148595, 1.000000000000000000),
 ( 1.000000000000000000, 0.7060251933695751436, 1.000000000000000000),
 ( 1.000000000000000000, 0.7053312446080601816, 1.000000000000000000),
 ( 1.000000000000000000, 0.7035922597109092180, 1.000000000000000000),
 ( 1.000000000000000000, 0.7025407203243804188, 1.000000000000000000),
 ( 1.000000000000000000, 0.7001878776908562196, 1.000000000000000000),
 ( 1.000000000000000000, 0.6989235064967884714, 1.000000000000000000),
 ( 1.000000000000000000, 0.6963648264661024267, 1.000000000000000000),
 ( 1.000000000000000000, 0.6950563522891524126, 1.000000000000000000),
 ( 1.000000000000000000, 0.6926376890385610441, 1.000000000000000000),
 ( 1.000000000000000000, 0.6915284413175872835, 1.000000000000000000),
 ( 1.000000000000000000, 0.6896380563854738188, 1.000000000000000000),
 ( 1.000000000000000000, 0.6888589790462119611, 1.000000000000000000),
 ( 1.000000000000000000, 0.6877941517221336509, 1.000000000000000000),
 ( 1.000000000000000000, 0.6874957147359899157, 1.000000000000000000),
 ( 1.000000000000000000, 0.6874155299421602638, 1.000000000000000000),
 ( 1.000000000000000000, 0.6876383819584269697, 1.000000000000000000),
 ( 1.000000000000000000, 0.6885585110492534744, 1.000000000000000000),
 ( 1.000000000000000000, 0.6892630127168685172, 1.000000000000000000),
 ( 1.000000000000000000, 0.6910538718222057897, 1.000000000000000000),
 ( 1.000000000000000000, 0.6921223335011014166, 1.000000000000000000),
 ( 1.000000000000000000, 0.6944735238539093691, 1.000000000000000000),
 ( 1.000000000000000000, 0.6957705799915506750, 1.000000000000000000),
 ( 1.000000000000000000, 0.6983387598195746060, 1.000000000000000000),
 ( 1.000000000000000000, 0.6996162778229910728, 1.000000000000000000),
 ( 1.000000000000000000, 0.7020140026181314052, 1.000000000000000000),
 ( 1.000000000000000000, 0.7031260796373339783, 1.000000000000000000),
 ( 1.000000000000000000, 0.7049734340463080784, 1.000000000000000000),
 ( 1.000000000000000000, 0.7057231446216549742, 1.000000000000000000),
 ( 1.000000000000000000, 0.7062501851052345181, 1.000000000000000000) ) ) 
 REPRESENTATION_ITEM ( '' )  SURFACE ( )  );
#4699 = EDGE_LOOP ( 'NONE', ( #4930, #1269, #60, #1944 ) ) ;
#4700 = FACE_OUTER_BOUND ( 'NONE', #4109, .T. ) ;
#4701 = CARTESIAN_POINT ( 'NONE',  ( -10.00000000000000000, -44.43874998241961549, -38.35374729631401891 ) ) ;
#4702 = CARTESIAN_POINT ( 'NONE',  ( -49.99020773121144146, 2.446789543504396036, 14.66523849290516779 ) ) ;
#4703 = CARTESIAN_POINT ( 'NONE',  ( 1.281087462410252842, -49.21649371870337575, 14.49140565802618497 ) ) ;
#4704 = CARTESIAN_POINT ( 'NONE',  ( -49.24673125796299900, 0.3992924238185593389, 17.75756979957176895 ) ) ;
#4705 = ORIENTED_EDGE ( 'NONE', *, *, #4200, .T. ) ;
#4706 = PLANE ( 'NONE',  #1860 ) ;
#4707 = LINE ( 'NONE', #4222, #125 ) ;
#4708 = CARTESIAN_POINT ( 'NONE',  ( -50.04439703595218703, -0.8321102694111601750, 17.61282817288476110 ) ) ;
#4709 = CARTESIAN_POINT ( 'NONE',  ( -49.45790385395830668, 7.677980399989551508, 7.699988180959968176 ) ) ;
#4710 = VERTEX_POINT ( 'NONE', #3598 ) ;
#4711 = PLANE ( 'NONE',  #3587 ) ;
#4712 = AXIS2_PLACEMENT_3D ( 'NONE', #3171, #26, #468 ) ;
#4713 = CARTESIAN_POINT ( 'NONE',  ( 8.230549163175863825, -49.36899618711930060, 7.493882910677265308 ) ) ;
#4714 = ADVANCED_FACE ( 'NONE', ( #1961 ), #3528, .F. ) ;
#4715 = CARTESIAN_POINT ( 'NONE',  ( -2.614483840353623023, -49.98171139074230496, 16.73829121147835153 ) ) ;
#4716 = EDGE_CURVE ( 'NONE', #3202, #3623, #3216, .T. ) ;
#4717 = TOROIDAL_SURFACE ( 'NONE', #2752, 49.25000000000000000, 0.8000000000000000444 ) ;
#4718 = FACE_OUTER_BOUND ( 'NONE', #3514, .T. ) ;
#4719 = CARTESIAN_POINT ( 'NONE',  ( 49.67948819519212122, 6.080643437824221564, 9.605366182599201608 ) ) ;
#4720 = EDGE_LOOP ( 'NONE', ( #3485, #1179, #443, #4184, #3391 ) ) ;
#4721 = VERTEX_POINT ( 'NONE', #3505 ) ;
#4722 = DIRECTION ( 'NONE',  ( -0.000000000000000000, -0.000000000000000000, 1.000000000000000000 ) ) ;
#4723 = CARTESIAN_POINT ( 'NONE',  ( 8.999999999999660716, -32.68905815166966278, 12.75000000000000000 ) ) ;
#4724 = CARTESIAN_POINT ( 'NONE',  ( -50.00365303127711769, 2.155811024999446879, 14.22048356854570450 ) ) ;
#4725 = PLANE ( 'NONE',  #4035 ) ;
#4726 = DIRECTION ( 'NONE',  ( 1.000000000000000000, -3.652049423109067235E-15, 0.000000000000000000 ) ) ;
#4727 = B_SPLINE_CURVE_WITH_KNOTS ( 'NONE', 3,
 ( #2027, #120, #2082, #4812 ),
 .UNSPECIFIED., .F., .F.,
 ( 4, 4 ),
 ( 1.734723475976807094E-18, 0.0005689933005318127115 ),
 .UNSPECIFIED. ) ;
#4728 = PRODUCT_RELATED_PRODUCT_CATEGORY ( 'part', '', ( #760 ) ) ;
#4729 = ORIENTED_EDGE ( 'NONE', *, *, #3923, .F. ) ;
#4730 = EDGE_CURVE ( 'NONE', #975, #2108, #2450, .T. ) ;
#4731 = B_SPLINE_CURVE_WITH_KNOTS ( 'NONE', 3,
 ( #2382, #4752, #2047, #2824, #2076, #4776, #34, #427, #1995, #4311, #2019, #794, #1223, #2462, #62, #1611, #1273, #3180, #4362, #840, #4412, #893, #4023, #2360, #3926, #3972, #2407, #1638 ),
 .UNSPECIFIED., .F., .F.,
 ( 4, 2, 2, 2, 2, 2, 2, 2, 2, 2, 2, 2, 2, 4 ),
 ( 0.006395183522874541004, 0.006744415497668796930, 0.007093647472463052855, 0.007442879447257308781, 0.007792111422051564706, 0.008141343396845820632, 0.008490575371640076557, 0.009189039321228593613, 0.009887503270817110668, 0.01023673524561137353, 0.01058596722040563640, 0.01093519919519990100, 0.01128443116999416386, 0.01198289511958268612 ),
 .UNSPECIFIED. ) ;
#4732 = CYLINDRICAL_SURFACE ( 'NONE', #1122, 1.900000000000000133 ) ;
#4733 = CARTESIAN_POINT ( 'NONE',  ( 0.000000000000000000, 0.000000000000000000, 2.399999999999999911 ) ) ;
#4734 = CARTESIAN_POINT ( 'NONE',  ( -50.00361265030567637, -2.156769170750630238, 17.57843282333085000 ) ) ;
#4735 = CARTESIAN_POINT ( 'NONE',  ( 44.72579593317483670, -8.627905400467906105, 12.76727992187975325 ) ) ;
#4736 = ORIENTED_EDGE ( 'NONE', *, *, #1450, .T. ) ;
#4737 = ORIENTED_EDGE ( 'NONE', *, *, #613, .T. ) ;
#4738 = AXIS2_PLACEMENT_3D ( 'NONE', #2236, #999, #3061 ) ;
#4739 = DIRECTION ( 'NONE',  ( -1.000000000000000000, 0.000000000000000000, 0.000000000000000000 ) ) ;
#4740 = CARTESIAN_POINT ( 'NONE',  ( 0.000000000000000000, 0.000000000000000000, 22.39999999999999858 ) ) ;
#4741 = EDGE_CURVE ( 'NONE', #2288, #1960, #3913, .T. ) ;
#4742 = CARTESIAN_POINT ( 'NONE',  ( 44.76051296219343811, -8.443872296601433902, 141.5848555321889535 ) ) ;
#4743 = EDGE_CURVE ( 'NONE', #1917, #4374, #3572, .T. ) ;
#4744 = CARTESIAN_POINT ( 'NONE',  ( -1.403532179932606150, -50.03053263300253661, 18.22664155683132137 ) ) ;
#4745 = AXIS2_PLACEMENT_3D ( 'NONE', #1998, #1664, #4726 ) ;
#4746 = CYLINDRICAL_SURFACE ( 'NONE', #962, 2.999999999999999112 ) ;
#4747 = CARTESIAN_POINT ( 'NONE',  ( -49.21924299451953999, 1.227506793296680554, 17.35484694548360807 ) ) ;
#4748 = VECTOR ( 'NONE', #680, 1000.000000000000000 ) ;
#4749 = ORIENTED_EDGE ( 'NONE', *, *, #2036, .F. ) ;
#4750 = ORIENTED_EDGE ( 'NONE', *, *, #718, .T. ) ;
#4751 = CARTESIAN_POINT ( 'NONE',  ( -2.619399130795886599, -49.98145215497174831, 16.72308798942151142 ) ) ;
#4752 = CARTESIAN_POINT ( 'NONE',  ( 49.24486826770431946, 0.5130752186937759252, 14.06688828968283111 ) ) ;
#4753 = CARTESIAN_POINT ( 'NONE',  ( -49.18121522370735477, 1.831246032173857063, 15.37856352567176010 ) ) ;
#4754 = CARTESIAN_POINT ( 'NONE',  ( 8.443872296601590222, 44.76051296219340259, 12.80199695089834755 ) ) ;
#4755 = LINE ( 'NONE', #4780, #4668 ) ;
#4756 = VERTEX_POINT ( 'NONE', #2372 ) ;
#4757 = DIRECTION ( 'NONE',  ( 0.000000000000000000, 1.000000000000000000, -0.000000000000000000 ) ) ;
#4758 = CARTESIAN_POINT ( 'NONE',  ( 6.962258785694508845, 45.04001278136630049, 13.08149677007124012 ) ) ;
#4759 = EDGE_CURVE ( 'NONE', #3498, #1425, #438, .T. ) ;
#4760 = CARTESIAN_POINT ( 'NONE',  ( -49.23261474853347153, -0.9267941528132267459, 17.56336340983530420 ) ) ;
#4761 = CARTESIAN_POINT ( 'NONE',  ( 10.00000000000000000, -24.00000000000000355, -38.35374729631401891 ) ) ;
#4762 = VERTEX_POINT ( 'NONE', #4692 ) ;
#4763 = FACE_OUTER_BOUND ( 'NONE', #2101, .T. ) ;
#4764 = CARTESIAN_POINT ( 'NONE',  ( -5.612109643228905295E-13, -53.80000000000056559, 15.90000000000000036 ) ) ;
#4765 = CARTESIAN_POINT ( 'NONE',  ( 0.8124807945026765177, 49.23674185815318083, 14.17794195487044817 ) ) ;
#4766 = CYLINDRICAL_SURFACE ( 'NONE', #2416, 50.05000000000000426 ) ;
#4767 = CARTESIAN_POINT ( 'NONE',  ( -8.443872296601901084, -44.76051296219333864, 12.80199695089834755 ) ) ;
#4768 = ORIENTED_EDGE ( 'NONE', *, *, #1663, .F. ) ;
#4769 = CARTESIAN_POINT ( 'NONE',  ( -0.8374852064769393589, 50.04326600757937626, 18.47709509791504345 ) ) ;
#4770 = DIRECTION ( 'NONE',  ( 0.000000000000000000, 0.000000000000000000, 1.000000000000000000 ) ) ;
#4771 = ORIENTED_EDGE ( 'NONE', *, *, #1514, .F. ) ;
#4772 = ADVANCED_FACE ( 'NONE', ( #3191 ), #73, .T. ) ;
#4773 = ORIENTED_EDGE ( 'NONE', *, *, #2584, .T. ) ;
#4774 = AXIS2_PLACEMENT_3D ( 'NONE', #2113, #875, #2833 ) ;
#4775 = CARTESIAN_POINT ( 'NONE',  ( -2.488248817207780572, -49.98815288795744749, 17.05156423535541066 ) ) ;
#4776 = CARTESIAN_POINT ( 'NONE',  ( 49.22376816333734695, 1.135159553243941355, 14.37198708116501855 ) ) ;
#4777 = CARTESIAN_POINT ( 'NONE',  ( -49.20927969147371073, 1.411898534545368289, 14.62244436321085139 ) ) ;
#4778 = CARTESIAN_POINT ( 'NONE',  ( -1.838526543414955583, 50.01637680162657773, 13.88804095189802901 ) ) ;
#4779 = EDGE_CURVE ( 'NONE', #1550, #593, #4303, .T. ) ;
#4780 = CARTESIAN_POINT ( 'NONE',  ( 32.68905815166956330, 0.000000000000000000, 12.75000000000000000 ) ) ;
#4781 = EDGE_LOOP ( 'NONE', ( #1718, #1609, #2220, #2736, #1108 ) ) ;
#4782 = AXIS2_PLACEMENT_3D ( 'NONE', #1431, #196, #4517 ) ;
#4783 = FACE_OUTER_BOUND ( 'NONE', #827, .T. ) ;
#4784 = DIRECTION ( 'NONE',  ( -0.000000000000000000, -0.000000000000000000, -1.000000000000000000 ) ) ;
#4785 = CARTESIAN_POINT ( 'NONE',  ( -50.02293843416234154, -1.834989466252859192, 16.40756265985039875 ) ) ;
#4786 = CARTESIAN_POINT ( 'NONE',  ( -50.02576274966943970, -1.577148399795206268, 18.13355758136904328 ) ) ;
#4787 = ORIENTED_EDGE ( 'NONE', *, *, #432, .F. ) ;
#4788 = DIRECTION ( 'NONE',  ( 1.000000000000000000, 0.000000000000000000, -0.000000000000000000 ) ) ;
#4789 = ORIENTED_EDGE ( 'NONE', *, *, #215, .F. ) ;
#4790 = CARTESIAN_POINT ( 'NONE',  ( -2.764148234520712233, 49.97365393832102143, 15.76873058590958898 ) ) ;
#4791 = CARTESIAN_POINT ( 'NONE',  ( -44.76051296219343811, 8.443872296601433902, 141.5848555321889535 ) ) ;
#4792 = CIRCLE ( 'NONE', #3387, 45.54999999999999005 ) ;
#4793 = DIRECTION ( 'NONE',  ( 1.000000000000000000, -3.491481338843133355E-15, -0.000000000000000000 ) ) ;
#4794 = ORIENTED_EDGE ( 'NONE', *, *, #973, .F. ) ;
#4795 = ADVANCED_FACE ( 'NONE', ( #3985 ), #2419, .F. ) ;
#4796 = CARTESIAN_POINT ( 'NONE',  ( -2.585686668929871868, 49.98321672783815472, 16.82067609641326911 ) ) ;
#4797 = CARTESIAN_POINT ( 'NONE',  ( 49.23415988924762843, 9.000000000000005329, 7.400000000000000355 ) ) ;
#4798 = AXIS2_PLACEMENT_3D ( 'NONE', #4351, #2764, #4326 ) ;
#4799 = ORIENTED_EDGE ( 'NONE', *, *, #2099, .T. ) ;
#4800 = VERTEX_POINT ( 'NONE', #1211 ) ;
#4801 = VECTOR ( 'NONE', #477, 1000.000000000000000 ) ;
#4802 = CARTESIAN_POINT ( 'NONE',  ( 2.032543251496581327, -50.00887776408677610, 17.72228089474797130 ) ) ;
#4803 = CARTESIAN_POINT ( 'NONE',  ( 5.999999999999630518, -35.68905815166963436, 15.75000000000000000 ) ) ;
#4804 = ADVANCED_FACE ( 'NONE', ( #4763 ), #4711, .T. ) ;
#4805 = CARTESIAN_POINT ( 'NONE',  ( -50.03827650769012081, 1.200103461804884253, 17.37854187910019022 ) ) ;
#4806 = CARTESIAN_POINT ( 'NONE',  ( 0.8358054829491392557, 50.04329944377796124, 13.32226094485476153 ) ) ;
#4807 = CARTESIAN_POINT ( 'NONE',  ( 51.25000000000001421, 7.867083940451446275E-15, 2.399999999999999911 ) ) ;
#4808 = EDGE_CURVE ( 'NONE', #3990, #3883, #5079, .T. ) ;
#4809 = ORIENTED_EDGE ( 'NONE', *, *, #4844, .T. ) ;
#4810 = EDGE_CURVE ( 'NONE', #863, #2568, #877, .T. ) ;
#4811 = CARTESIAN_POINT ( 'NONE',  ( 50.00365303127711059, 2.155811024999545911, 17.57951643145429443 ) ) ;
#4812 = CARTESIAN_POINT ( 'NONE',  ( 44.65201563199583745, 9.000000000000005329, 7.400000000000000355 ) ) ;
#4813 = CARTESIAN_POINT ( 'NONE',  ( -49.23620324671203008, -0.8432118081361095197, 14.18147678238684506 ) ) ;
#4814 = DIRECTION ( 'NONE',  ( 1.224646799147353207E-16, 1.000000000000000000, -0.000000000000000000 ) ) ;
#4815 = ORIENTED_EDGE ( 'NONE', *, *, #2200, .T. ) ;
#4816 = CIRCLE ( 'NONE', #1446, 49.25000000000000000 ) ;
#4817 = CARTESIAN_POINT ( 'NONE',  ( 49.99439386908687055, -2.360828879931697877, 14.51273235135404249 ) ) ;
#4818 = DIRECTION ( 'NONE',  ( -0.000000000000000000, 0.000000000000000000, 1.000000000000000000 ) ) ;
#4819 = CARTESIAN_POINT ( 'NONE',  ( 49.98019865457268196, 2.642672121238290650, 16.64777522077675087 ) ) ;
#4820 = CARTESIAN_POINT ( 'NONE',  ( -0.5357166412992721005, 50.04774962579314490, 14.07265829308950522 ) ) ;
#4821 = CARTESIAN_POINT ( 'NONE',  ( -3.149807816559536899, 43.03488364941561883, 3.200000000000000178 ) ) ;
#4822 = MANIFOLD_SOLID_BREP ( 'Fillet3', #1532 ) ;
#4823 = CARTESIAN_POINT ( 'NONE',  ( 1.850118550098689862, 50.02250649844555141, 16.34940981580689012 ) ) ;
#4824 = VERTEX_POINT ( 'NONE', #1702 ) ;
#4825 = CIRCLE ( 'NONE', #4323, 43.14999999999999147 ) ;
#4826 = VECTOR ( 'NONE', #2495, 1000.000000000000000 ) ;
#4827 = CARTESIAN_POINT ( 'NONE',  ( 2.681058570385760120, 49.97813947059415085, 15.32565073085612894 ) ) ;
#4828 = CARTESIAN_POINT ( 'NONE',  ( 49.48405839415578100, 7.507171126455931542, 7.790465420013688025 ) ) ;
#4829 = ORIENTED_EDGE ( 'NONE', *, *, #3578, .T. ) ;
#4830 = ORIENTED_EDGE ( 'NONE', *, *, #1565, .F. ) ;
#4831 = CARTESIAN_POINT ( 'NONE',  ( -2.100705678651421326, -50.00605199153885394, 17.64599437427424178 ) ) ;
#4832 = CARTESIAN_POINT ( 'NONE',  ( 8.999999999999660716, -32.68905815166966278, 12.75000000000000000 ) ) ;
#4833 = CARTESIAN_POINT ( 'NONE',  ( 0.5975162471128805386, 49.24293673288293860, 14.09268934743325552 ) ) ;
#4834 = CARTESIAN_POINT ( 'NONE',  ( 1.169744575273826248, 50.03660747546312848, 13.45127666699806390 ) ) ;
#4835 = CARTESIAN_POINT ( 'NONE',  ( 49.18308192970565074, -1.806305992468153931, 16.50056469980760454 ) ) ;
#4836 = ORIENTED_EDGE ( 'NONE', *, *, #870, .F. ) ;
#4837 =( BOUNDED_CURVE ( )  B_SPLINE_CURVE ( 3, ( #2893, #3370, #2147, #3711 ),
 .UNSPECIFIED., .F., .T. ) 
 B_SPLINE_CURVE_WITH_KNOTS ( ( 4, 4 ),
 ( 0.1864543798253338602, 1.570796326794896114 ),
 .UNSPECIFIED. ) 
 CURVE ( )  GEOMETRIC_REPRESENTATION_ITEM ( )  RATIONAL_B_SPLINE_CURVE ( ( 1.000000000000000000, 0.8465748621659208162, 0.8465748621659208162, 1.000000000000000000 ) ) 
 REPRESENTATION_ITEM ( '' )  );
#4838 = EDGE_CURVE ( 'NONE', #1992, #1067, #2864, .T. ) ;
#4839 = CARTESIAN_POINT ( 'NONE',  ( 50.02658845431641055, 1.702824280723988393, 16.75195251468648650 ) ) ;
#4840 = CARTESIAN_POINT ( 'NONE',  ( -47.70851601129508879, 5.999999999999992006, 22.39999999999999858 ) ) ;
#4841 = CARTESIAN_POINT ( 'NONE',  ( -50.03459217524629565, -1.252607045639971384, 13.49133339761909767 ) ) ;
#4842 = LINE ( 'NONE', #4058, #2557 ) ;
#4843 = ORIENTED_EDGE ( 'NONE', *, *, #2329, .F. ) ;
#4844 = EDGE_CURVE ( 'NONE', #1413, #2198, #5008, .T. ) ;
#4845 = CARTESIAN_POINT ( 'NONE',  ( 49.20927370130962686, -1.411946528189729877, 14.62260808721344674 ) ) ;
#4846 = DIRECTION ( 'NONE',  ( -1.000000000000000000, 1.095614826932720171E-14, 0.000000000000000000 ) ) ;
#4847 = DIRECTION ( 'NONE',  ( 1.000000000000000000, 0.000000000000000000, 0.000000000000000000 ) ) ;
#4848 = CARTESIAN_POINT ( 'NONE',  ( 1.247654737112773526, 50.03731290121253039, 14.46150825030886544 ) ) ;
#4849 = CARTESIAN_POINT ( 'NONE',  ( 50.04999999999999716, -1.590769094821261254E-15, 21.60000000000000142 ) ) ;
#4850 = CARTESIAN_POINT ( 'NONE',  ( 1.901933749685287056, 49.17578330530152897, 15.98931330256861472 ) ) ;
#4851 = ORIENTED_EDGE ( 'NONE', *, *, #3826, .F. ) ;
#4852 = ADVANCED_FACE ( 'NONE', ( #2142 ), #2061, .F. ) ;
#4853 = DIRECTION ( 'NONE',  ( 1.000000000000000000, 0.000000000000000000, 0.000000000000000000 ) ) ;
#4854 = DIRECTION ( 'NONE',  ( 1.000000000000000000, -3.491481338843133355E-15, 0.000000000000000000 ) ) ;
#4855 = ORIENTED_EDGE ( 'NONE', *, *, #669, .F. ) ;
#4856 = ORIENTED_EDGE ( 'NONE', *, *, #2200, .F. ) ;
#4857 = CARTESIAN_POINT ( 'NONE',  ( 0.6620292780620029571, -50.04593421484451454, 18.52619738806063765 ) ) ;
#4858 = CARTESIAN_POINT ( 'NONE',  ( 44.76051296219343101, 8.443872296601444560, 7.451996950898348793 ) ) ;
#4859 =( BOUNDED_CURVE ( )  B_SPLINE_CURVE ( 3, ( #4858, #4933, #2103, #5015 ),
 .UNSPECIFIED., .F., .F. ) 
 B_SPLINE_CURVE_WITH_KNOTS ( ( 4, 4 ),
 ( 0.1864543798253346651, 1.570796326794897224 ),
 .UNSPECIFIED. ) 
 CURVE ( )  GEOMETRIC_REPRESENTATION_ITEM ( )  RATIONAL_B_SPLINE_CURVE ( ( 1.000000000000000000, 0.8465748621659208162, 0.8465748621659208162, 1.000000000000000000 ) ) 
 REPRESENTATION_ITEM ( '' )  );
#4860 = CARTESIAN_POINT ( 'NONE',  ( 1.204861540317626822, 49.22041120449395635, 14.42630762845951686 ) ) ;
#4861 = CARTESIAN_POINT ( 'NONE',  ( 44.65201563199583035, 9.000000000000005329, 12.75000000000001066 ) ) ;
#4862 = DIRECTION ( 'NONE',  ( 1.000000000000000000, 0.000000000000000000, 0.000000000000000000 ) ) ;
#4863 = ORIENTED_EDGE ( 'NONE', *, *, #2869, .T. ) ;
#4864 = CARTESIAN_POINT ( 'NONE',  ( 49.17580250587243995, 1.901687528139017980, 15.80502594922690918 ) ) ;
#4865 = LINE ( 'NONE', #2601, #711 ) ;
#4866 = CARTESIAN_POINT ( 'NONE',  ( -49.24917645683635214, -0.2307569653865397807, 17.78951718529294368 ) ) ;
#4867 = DIRECTION ( 'NONE',  ( 0.000000000000000000, -0.000000000000000000, 1.000000000000000000 ) ) ;
#4868 =( BOUNDED_CURVE ( )  B_SPLINE_CURVE ( 3, ( #1975, #755, #2026, #3593 ),
 .UNSPECIFIED., .F., .F. ) 
 B_SPLINE_CURVE_WITH_KNOTS ( ( 4, 4 ),
 ( 0.1864543798253346651, 1.570796326794897224 ),
 .UNSPECIFIED. ) 
 CURVE ( )  GEOMETRIC_REPRESENTATION_ITEM ( )  RATIONAL_B_SPLINE_CURVE ( ( 1.000000000000000000, 0.8465748621659208162, 0.8465748621659208162, 1.000000000000000000 ) ) 
 REPRESENTATION_ITEM ( '' )  );
#4869 = B_SPLINE_CURVE_WITH_KNOTS ( 'NONE', 3,
 ( #1880, #4193, #313, #233 ),
 .UNSPECIFIED., .F., .F.,
 ( 4, 4 ),
 ( 1.734723475976807094E-18, 0.0005689933005318146631 ),
 .UNSPECIFIED. ) ;
#4870 = CARTESIAN_POINT ( 'NONE',  ( 50.02811888788280470, -1.645267977247534930, 14.94145830969110200 ) ) ;
#4871 = CARTESIAN_POINT ( 'NONE',  ( -7.181172238712997036, 49.53241785695558974, 8.006242630381374070 ) ) ;
#4872 = DIRECTION ( 'NONE',  ( -1.000000000000000000, 0.000000000000000000, 0.000000000000000000 ) ) ;
#4873 = CARTESIAN_POINT ( 'NONE',  ( -6.000000000000004441, 6.135975826262489293E-14, 22.39999999999999858 ) ) ;
#4874 = CARTESIAN_POINT ( 'NONE',  ( 6.623039614238419581, -49.60998133710862135, 8.559057985959517723 ) ) ;
#4875 = EDGE_CURVE ( 'NONE', #4070, #3732, #4401, .T. ) ;
#4876 = VECTOR ( 'NONE', #1940, 1000.000000000000000 ) ;
#4877 = ORIENTED_EDGE ( 'NONE', *, *, #5010, .T. ) ;
#4878 = DIRECTION ( 'NONE',  ( -0.000000000000000000, -0.000000000000000000, -1.000000000000000000 ) ) ;
#4879 = CARTESIAN_POINT ( 'NONE',  ( 2.719888240275288638, 49.97605646749828878, 15.50115926272500388 ) ) ;
#4880 = DIRECTION ( 'NONE',  ( 1.047444401652940007E-14, 1.000000000000000000, -0.000000000000000000 ) ) ;
#4881 = ORIENTED_EDGE ( 'NONE', *, *, #692, .T. ) ;
#4882 = EDGE_CURVE ( 'NONE', #3689, #4171, #4567, .T. ) ;
#4883 = ORIENTED_EDGE ( 'NONE', *, *, #1307, .F. ) ;
#4884 = B_SPLINE_CURVE_WITH_KNOTS ( 'NONE', 3,
 ( #4827, #4879, #1295, #2457, #2071, #938, #2505, #1347, #1733, #80, #4067, #3295, #2917, #4382, #4482, #1632, #4094, #3712, #963, #2429, #2533, #3198, #4769, #1655, #1242, #3222, #2819, #860, #3992, #2041, #3607, #4796, #1925, #3418 ),
 .UNSPECIFIED., .F., .F.,
 ( 4, 2, 2, 2, 2, 2, 2, 2, 2, 2, 2, 2, 2, 2, 2, 2, 4 ),
 ( 0.01665088779149903955, 0.01718915409513998085, 0.01772742039878092563, 0.01826568670242186693, 0.01880395300606281170, 0.01934221930970375300, 0.01988048561334469777, 0.02041875191698563907, 0.02095701822062658037, 0.02149528452426752514, 0.02203355082790846992, 0.02257181713154941122, 0.02311008343519035252, 0.02364834973883129729, 0.02418661604247223859, 0.02472488234611318336, 0.02526314864975412466 ),
 .UNSPECIFIED. ) ;
#4885 = CARTESIAN_POINT ( 'NONE',  ( -1.850300653621258284, -50.01594333430105621, 17.90161767411990112 ) ) ;
#4886 = CYLINDRICAL_SURFACE ( 'NONE', #4472, 1.900000000000000133 ) ;
#4887 = DIRECTION ( 'NONE',  ( 1.000000000000000000, 0.000000000000000000, 0.000000000000000000 ) ) ;
#4888 = CARTESIAN_POINT ( 'NONE',  ( 5.999999999999505285, -47.70851601129515274, 15.75000000000000000 ) ) ;
#4889 = CARTESIAN_POINT ( 'NONE',  ( -8.999999999999849010, 44.65201563199585166, 12.75000000000001066 ) ) ;
#4890 = ORIENTED_EDGE ( 'NONE', *, *, #3115, .F. ) ;
#4891 = TOROIDAL_SURFACE ( 'NONE', #500, 49.25000000000000000, 0.8000000000000000444 ) ;
#4892 = CARTESIAN_POINT ( 'NONE',  ( 49.18121522370735477, 1.831246032173894811, 16.42143647432808606 ) ) ;
#4893 = CARTESIAN_POINT ( 'NONE',  ( -49.68905815166957041, -6.000000000000003553, 10.00131485494783590 ) ) ;
#4894 = CARTESIAN_POINT ( 'NONE',  ( -2.342176784895721971E-15, 9.999999999999996447, 10.34999999999999787 ) ) ;
#4895 = EDGE_CURVE ( 'NONE', #3441, #1277, #182, .T. ) ;
#4896 = CARTESIAN_POINT ( 'NONE',  ( 50.04311642155060014, -0.8465283033769549492, 13.32569343493416802 ) ) ;
#4897 = CARTESIAN_POINT ( 'NONE',  ( 3.149807816272654826, -43.03488368564030964, 3.200000000000000622 ) ) ;
#4898 = DIRECTION ( 'NONE',  ( -1.000000000000000000, -0.000000000000000000, -0.000000000000000000 ) ) ;
#4899 = CARTESIAN_POINT ( 'NONE',  ( 9.000000000000005329, -9.426999614876463846E-14, 10.40000000000000036 ) ) ;
#4900 = DIRECTION ( 'NONE',  ( 0.2127081025814476778, -0.01141064648379112346, -0.9770491595836018339 ) ) ;
#4901 = ORIENTED_EDGE ( 'NONE', *, *, #3225, .T. ) ;
#4902 = VECTOR ( 'NONE', #2856, 1000.000000000000000 ) ;
#4903 = DIRECTION ( 'NONE',  ( 1.000000000000000000, 2.478176394252582127E-16, -0.000000000000000000 ) ) ;
#4904 = ADVANCED_FACE ( 'NONE', ( #3728, #2551 ), #1316, .F. ) ;
#4905 = FACE_OUTER_BOUND ( 'NONE', #4336, .T. ) ;
#4906 = EDGE_LOOP ( 'NONE', ( #4534, #4552, #2638, #4773, #3164, #659 ) ) ;
#4907 = AXIS2_PLACEMENT_3D ( 'NONE', #2563, #1812, #4984 ) ;
#4908 = DIRECTION ( 'NONE',  ( 1.000000000000000000, 0.000000000000000000, 0.000000000000000000 ) ) ;
#4909 = CARTESIAN_POINT ( 'NONE',  ( -5.999999999999831246, 49.68905815166958462, 21.60000000000000142 ) ) ;
#4910 = DIRECTION ( 'NONE',  ( 0.000000000000000000, 0.000000000000000000, 1.000000000000000000 ) ) ;
#4911 = CARTESIAN_POINT ( 'NONE',  ( 1.524891929184375439, 49.20238890146292476, 14.76058634475434417 ) ) ;
#4912 = DIRECTION ( 'NONE',  ( 1.000000000000000000, 0.000000000000000000, 0.000000000000000000 ) ) ;
#4913 = CARTESIAN_POINT ( 'NONE',  ( 49.21929231047165842, -1.226528412266524093, 17.35566775572474540 ) ) ;
#4914 = CIRCLE ( 'NONE', #2697, 2.999999999999999112 ) ;
#4915 = ORIENTED_EDGE ( 'NONE', *, *, #5098, .F. ) ;
#4916 = AXIS2_PLACEMENT_3D ( 'NONE', #2567, #920, #4862 ) ;
#4917 = CARTESIAN_POINT ( 'NONE',  ( 49.18003263917682943, 1.846856852870836452, 15.43673150887896384 ) ) ;
#4918 = CARTESIAN_POINT ( 'NONE',  ( -49.09518595867978519, 5.999999999999992006, 22.39999999999999858 ) ) ;
#4919 = CARTESIAN_POINT ( 'NONE',  ( -49.24472154728171347, -0.5220325907630058992, 14.06881452394917353 ) ) ;
#4920 = CARTESIAN_POINT ( 'NONE',  ( 6.000000000000120792, 35.68905815166954909, 15.75000000000000000 ) ) ;
#4921 = EDGE_LOOP ( 'NONE', ( #2576, #2536, #1320, #3662 ) ) ;
#4922 = CARTESIAN_POINT ( 'NONE',  ( 49.97490012126343117, -2.740778266508713035, 15.68107465036372439 ) ) ;
#4923 = CARTESIAN_POINT ( 'NONE',  ( -6.000000000000492939, -47.70851601129502484, 15.75000000000000000 ) ) ;
#4924 = CARTESIAN_POINT ( 'NONE',  ( 50.04586151589085574, 0.6671302969487139523, 18.52485775771616971 ) ) ;
#4925 = CARTESIAN_POINT ( 'NONE',  ( 1.503245484574108781, 50.03165605007682615, 14.73125520190616911 ) ) ;
#4926 = CARTESIAN_POINT ( 'NONE',  ( -0.3136537826974958310, -50.04932175515781267, 13.21202240496458025 ) ) ;
#4927 = ORIENTED_EDGE ( 'NONE', *, *, #1252, .T. ) ;
#4928 = LINE ( 'NONE', #1370, #1056 ) ;
#4929 = LINE ( 'NONE', #630, #1494 ) ;
#4930 = ORIENTED_EDGE ( 'NONE', *, *, #1132, .T. ) ;
#4931 = CARTESIAN_POINT ( 'NONE',  ( 44.76051296219343101, -8.443872296601433902, 12.80199695089834755 ) ) ;
#4932 = FACE_BOUND ( 'NONE', #4520, .T. ) ;
#4933 = CARTESIAN_POINT ( 'NONE',  ( 45.04001278136632180, 6.962258785694361407, 7.731496770071231595 ) ) ;
#4934 = DIRECTION ( 'NONE',  ( -1.047444401652940007E-14, -1.000000000000000000, 0.000000000000000000 ) ) ;
#4935 = CARTESIAN_POINT ( 'NONE',  ( -49.24999999999999289, -2.270201487571823240E-15, 14.00000000000000000 ) ) ;
#4936 = ORIENTED_EDGE ( 'NONE', *, *, #4423, .F. ) ;
#4937 = ORIENTED_EDGE ( 'NONE', *, *, #4142, .F. ) ;
#4938 = CARTESIAN_POINT ( 'NONE',  ( 50.01607981757743460, 1.846549432852906403, 13.89517714064956344 ) ) ;
#4939 = LINE ( 'NONE', #3698, #4826 ) ;
#4940 = EDGE_CURVE ( 'NONE', #902, #1292, #1806, .T. ) ;
#4941 = DIRECTION ( 'NONE',  ( -0.000000000000000000, -0.000000000000000000, -1.000000000000000000 ) ) ;
#4942 = CARTESIAN_POINT ( 'NONE',  ( 1.813079233070761687, -49.18260276907258799, 15.31856671135686199 ) ) ;
#4943 = CARTESIAN_POINT ( 'NONE',  ( 1.813817838286650996, 49.18254782505534450, 16.47921006637265151 ) ) ;
#4944 = EDGE_CURVE ( 'NONE', #2006, #2466, #1829, .T. ) ;
#4945 = ORIENTED_EDGE ( 'NONE', *, *, #2146, .F. ) ;
#4946 = AXIS2_PLACEMENT_3D ( 'NONE', #888, #3608, #81 ) ;
#4947 = CARTESIAN_POINT ( 'NONE',  ( 9.000000000000005329, -2.760220419993960911E-14, 10.40000000000000036 ) ) ;
#4948 = DIRECTION ( 'NONE',  ( -2.342176784895722760E-16, 1.000000000000000000, 0.000000000000000000 ) ) ;
#4949 = CARTESIAN_POINT ( 'NONE',  ( 7.030567181065637377E-15, 1.590769094821261254E-15, 0.000000000000000000 ) ) ;
#4950 = CARTESIAN_POINT ( 'NONE',  ( 32.68905815166956330, 9.000000000000005329, 12.75000000000000000 ) ) ;
#4951 = CARTESIAN_POINT ( 'NONE',  ( -50.04777319554031578, -0.4815958284933892219, 13.24019293984919443 ) ) ;
#4952 = ORIENTED_EDGE ( 'NONE', *, *, #1942, .F. ) ;
#4953 = CARTESIAN_POINT ( 'NONE',  ( -9.000000000000508038, -49.23415988924753606, 7.400000000000000355 ) ) ;
#4954 = CARTESIAN_POINT ( 'NONE',  ( -1.856514268871133799, -49.17928809044477845, 15.49582829208394408 ) ) ;
#4955 = EDGE_LOOP ( 'NONE', ( #3522, #4347, #266, #2277, #2145, #108, #1562, #214, #1406, #4901, #4990, #2701 ) ) ;
#4956 = EDGE_CURVE ( 'NONE', #2045, #2288, #652, .T. ) ;
#4957 = DIRECTION ( 'NONE',  ( -0.000000000000000000, 0.000000000000000000, 1.000000000000000000 ) ) ;
#4958 = CARTESIAN_POINT ( 'NONE',  ( -5.999999999999830358, 49.68905815166957041, 21.81210565520125755 ) ) ;
#4959 = DIRECTION ( 'NONE',  ( -0.000000000000000000, -0.000000000000000000, -1.000000000000000000 ) ) ;
#4960 = DIRECTION ( 'NONE',  ( -0.000000000000000000, -0.000000000000000000, -1.000000000000000000 ) ) ;
#4961 = CARTESIAN_POINT ( 'NONE',  ( 44.65201563199583745, -8.999999999999994671, 7.400000000000000355 ) ) ;
#4962 = CARTESIAN_POINT ( 'NONE',  ( -0.9690140220211644895, -49.23096547578794713, 17.53845321835990489 ) ) ;
#4963 = ORIENTED_EDGE ( 'NONE', *, *, #657, .F. ) ;
#4964 = B_SPLINE_CURVE_WITH_KNOTS ( 'NONE', 3,
 ( #2154, #4491, #3354, #1329, #169, #1762, #143, #2902 ),
 .UNSPECIFIED., .F., .F.,
 ( 4, 2, 2, 4 ),
 ( 0.000000000000000000, 0.0003135903530309090692, 0.0006271807060618181384, 0.001254361412123651022 ),
 .UNSPECIFIED. ) ;
#4965 = ORIENTED_EDGE ( 'NONE', *, *, #2301, .F. ) ;
#4966 = DIRECTION ( 'NONE',  ( -0.000000000000000000, -0.000000000000000000, -1.000000000000000000 ) ) ;
#4967 = EDGE_CURVE ( 'NONE', #834, #4014, #2963, .T. ) ;
#4968 = CARTESIAN_POINT ( 'NONE',  ( -0.5993048115774705087, 49.24289634193906551, 17.70677000082181962 ) ) ;
#4969 = DIRECTION ( 'NONE',  ( 1.000000000000000000, 0.000000000000000000, 0.000000000000000000 ) ) ;
#4970 = CARTESIAN_POINT ( 'NONE',  ( 1.897565714799908099, 50.02113403987371498, 15.74560454944675847 ) ) ;
#4971 = VECTOR ( 'NONE', #3425, 1000.000000000000000 ) ;
#4972 = ORIENTED_EDGE ( 'NONE', *, *, #2971, .T. ) ;
#4973 = CARTESIAN_POINT ( 'NONE',  ( 49.21671249959496919, -1.276951702676482281, 17.31237569675356980 ) ) ;
#4974 = CARTESIAN_POINT ( 'NONE',  ( -0.000000000000000000, -10.00000000000000711, 12.75000000000000000 ) ) ;
#4975 = VECTOR ( 'NONE', #1660, 1000.000000000000000 ) ;
#4976 = CARTESIAN_POINT ( 'NONE',  ( -50.04667816164564442, 0.5766324519660291914, 18.53970445202304163 ) ) ;
#4977 = CARTESIAN_POINT ( 'NONE',  ( -50.04667796677646407, -0.5766493646680183049, 13.26029912537892308 ) ) ;
#4978 = EDGE_LOOP ( 'NONE', ( #2919, #294, #373, #1696, #2970 ) ) ;
#4979 = CARTESIAN_POINT ( 'NONE',  ( -50.04999999999999716, 3.151556408626686293E-11, 18.60000000000000142 ) ) ;
#4980 = CARTESIAN_POINT ( 'NONE',  ( -50.04999999999999716, 1.590769094821261254E-15, 22.39999999999999858 ) ) ;
#4981 = EDGE_LOOP ( 'NONE', ( #2868, #2927, #4262, #3178 ) ) ;
#4982 = AXIS2_PLACEMENT_3D ( 'NONE', #2756, #4318, #4611 ) ;
#4983 = CARTESIAN_POINT ( 'NONE',  ( 6.000000000000004441, -1.946198219650726742E-14, 22.39999999999999858 ) ) ;
#4984 = DIRECTION ( 'NONE',  ( 0.000000000000000000, 0.000000000000000000, -1.000000000000000000 ) ) ;
#4985 = LINE ( 'NONE', #25, #3894 ) ;
#4986 = DIRECTION ( 'NONE',  ( 1.000000000000000000, 0.000000000000000000, 0.000000000000000000 ) ) ;
#4987 = CARTESIAN_POINT ( 'NONE',  ( 50.00154883103647308, -2.203903591439959619, 17.51804426951792948 ) ) ;
#4988 = ORIENTED_EDGE ( 'NONE', *, *, #3671, .F. ) ;
#4989 = VECTOR ( 'NONE', #449, 1000.000000000000000 ) ;
#4990 = ORIENTED_EDGE ( 'NONE', *, *, #2613, .F. ) ;
#4991 = CARTESIAN_POINT ( 'NONE',  ( 50.02589698871694424, 1.728497629807451252, 15.10164092587517182 ) ) ;
#4992 = CARTESIAN_POINT ( 'NONE',  ( -8.813289815228186441, 44.68964868481914010, 12.75000000000000000 ) ) ;
#4993 = CIRCLE ( 'NONE', #4253, 43.14999999999999147 ) ;
#4994 = DIRECTION ( 'NONE',  ( 0.000000000000000000, 0.000000000000000000, -1.000000000000000000 ) ) ;
#4995 = CARTESIAN_POINT ( 'NONE',  ( -1.148801601123274674, -50.03925622869989098, 14.38130001686103299 ) ) ;
#4996 = DIRECTION ( 'NONE',  ( -1.000000000000000000, 0.000000000000000000, 0.000000000000000000 ) ) ;
#4997 = CARTESIAN_POINT ( 'NONE',  ( 2.211515326167617257, 50.00121081182692251, 17.50789168729949097 ) ) ;
#4998 = VECTOR ( 'NONE', #4121, 1000.000000000000000 ) ;
#4999 = AXIS2_PLACEMENT_3D ( 'NONE', #453, #408, #2727 ) ;
#5000 = CARTESIAN_POINT ( 'NONE',  ( 49.24862514804629399, 0.2674954789962836199, 14.01771678880002980 ) ) ;
#5001 = DIRECTION ( 'NONE',  ( -1.000000000000000000, 0.000000000000000000, 0.000000000000000000 ) ) ;
#5002 = CARTESIAN_POINT ( 'NONE',  ( 50.04173826974712114, 0.9239595846089795339, 13.35164568405809149 ) ) ;
#5003 = CARTESIAN_POINT ( 'NONE',  ( 49.40074561390380836, -8.037535035094544256, 7.551937353726717816 ) ) ;
#5004 = CARTESIAN_POINT ( 'NONE',  ( 0.000000000000000000, 0.000000000000000000, 12.75000000000001066 ) ) ;
#5005 = AXIS2_PLACEMENT_3D ( 'NONE', #1859, #3023, #1533 ) ;
#5006 = ORIENTED_EDGE ( 'NONE', *, *, #285, .F. ) ;
#5007 = EDGE_CURVE ( 'NONE', #782, #1871, #3481, .T. ) ;
#5008 = CIRCLE ( 'NONE', #5081, 50.05000000000000426 ) ;
#5009 = CARTESIAN_POINT ( 'NONE',  ( 0.000000000000000000, 9.000000000000005329, 10.40000000000000036 ) ) ;
#5010 = EDGE_CURVE ( 'NONE', #4756, #4824, #3760, .T. ) ;
#5011 = LINE ( 'NONE', #2718, #2069 ) ;
#5012 = ORIENTED_EDGE ( 'NONE', *, *, #1918, .F. ) ;
#5013 = CARTESIAN_POINT ( 'NONE',  ( 0.000000000000000000, 0.000000000000000000, 10.34999999999999964 ) ) ;
#5014 = DIRECTION ( 'NONE',  ( 0.000000000000000000, 0.000000000000000000, 1.000000000000000000 ) ) ;
#5015 = CARTESIAN_POINT ( 'NONE',  ( 47.70851601129508879, 6.000000000000004441, 10.40000000000000036 ) ) ;
#5016 = CARTESIAN_POINT ( 'NONE',  ( -35.68905815166957041, -6.000000000000004441, 15.75000000000000000 ) ) ;
#5017 = CARTESIAN_POINT ( 'NONE',  ( 0.000000000000000000, 0.000000000000000000, 7.400000000000000355 ) ) ;
#5018 = CARTESIAN_POINT ( 'NONE',  ( 1.525463210909878686, -49.20235203522116763, 17.03857277085110056 ) ) ;
#5019 = VERTEX_POINT ( 'NONE', #3366 ) ;
#5020 = ORIENTED_EDGE ( 'NONE', *, *, #159, .F. ) ;
#5021 = CARTESIAN_POINT ( 'NONE',  ( 50.04861970200273902, 0.4081236469926378119, 14.04432850891024742 ) ) ;
#5022 = LINE ( 'NONE', #1467, #4648 ) ;
#5023 = CARTESIAN_POINT ( 'NONE',  ( 1.066424499629737399, 49.22685079402963026, 17.47672063083324190 ) ) ;
#5024 = CARTESIAN_POINT ( 'NONE',  ( -1.796494728345789049, -50.02403261520928623, 15.26936802005391414 ) ) ;
#5025 = CARTESIAN_POINT ( 'NONE',  ( -0.8260444937483201189, 50.04447999309528683, 17.61576400048730306 ) ) ;
#5026 = VERTEX_POINT ( 'NONE', #738 ) ;
#5027 = CARTESIAN_POINT ( 'NONE',  ( 50.03030153552982284, -1.411855934660236844, 18.22189340231491883 ) ) ;
#5028 = CARTESIAN_POINT ( 'NONE',  ( -35.68905815166957041, -6.000000000000004441, 15.75000000000000000 ) ) ;
#5029 = APPLICATION_PROTOCOL_DEFINITION ( 'draft international standard', 'automotive_design', 1998, #2048 ) ;
#5030 = CARTESIAN_POINT ( 'NONE',  ( 49.55482053164809031, -7.024380544853908503, 8.133889355553725053 ) ) ;
#5031 = DIRECTION ( 'NONE',  ( 0.000000000000000000, 0.000000000000000000, 1.000000000000000000 ) ) ;
#5032 = ORIENTED_EDGE ( 'NONE', *, *, #4104, .F. ) ;
#5033 = VECTOR ( 'NONE', #2843, 1000.000000000000000 ) ;
#5034 = CARTESIAN_POINT ( 'NONE',  ( -50.04999999999999716, 0.1675524309465597772, 13.20000000000000107 ) ) ;
#5035 = VERTEX_POINT ( 'NONE', #1111 ) ;
#5036 = VECTOR ( 'NONE', #2239, 1000.000000000000000 ) ;
#5037 = DIRECTION ( 'NONE',  ( -0.000000000000000000, -0.000000000000000000, 1.000000000000000000 ) ) ;
#5038 = ORIENTED_EDGE ( 'NONE', *, *, #4104, .T. ) ;
#5039 = CARTESIAN_POINT ( 'NONE',  ( 0.09309819140624076006, 50.05006380956764644, 13.99797698902750653 ) ) ;
#5040 = CARTESIAN_POINT ( 'NONE',  ( 3.146085575092233633, 43.50489301306120637, 3.200000000000000178 ) ) ;
#5041 = DIRECTION ( 'NONE',  ( 1.000000000000000000, 0.000000000000000000, 0.000000000000000000 ) ) ;
#5042 = ORIENTED_EDGE ( 'NONE', *, *, #278, .F. ) ;
#5043 = EDGE_CURVE ( 'NONE', #276, #1872, #3807, .T. ) ;
#5044 = ORIENTED_EDGE ( 'NONE', *, *, #664, .F. ) ;
#5045 = LINE ( 'NONE', #2703, #4989 ) ;
#5046 = CARTESIAN_POINT ( 'NONE',  ( 5.999999999999485745, -49.60076422399274776, 22.01968219540036387 ) ) ;
#5047 = CARTESIAN_POINT ( 'NONE',  ( 35.68905815166957041, 6.000000000000004441, 15.75000000000000000 ) ) ;
#5048 = CARTESIAN_POINT ( 'NONE',  ( -0.8375840164789944975, -50.04327273630957507, 13.32274925233353535 ) ) ;
#5049 = CARTESIAN_POINT ( 'NONE',  ( 10.00000000000000000, 44.43874998241961549, 10.34999999999999787 ) ) ;
#5050 = CARTESIAN_POINT ( 'NONE',  ( -1.702452721765978394, 49.19095965376236990, 16.77961953890055113 ) ) ;
#5051 = ORIENTED_EDGE ( 'NONE', *, *, #3049, .T. ) ;
#5052 = DIRECTION ( 'NONE',  ( 1.000000000000000000, 0.000000000000000000, 0.000000000000000000 ) ) ;
#5053 = DIRECTION ( 'NONE',  ( 1.047444401652940322E-14, 1.000000000000000000, 0.000000000000000000 ) ) ;
#5054 = CARTESIAN_POINT ( 'NONE',  ( -3.738230416123251367E-13, -35.68905815166957041, 15.75000000000000000 ) ) ;
#5055 = DIRECTION ( 'NONE',  ( -1.000000000000000000, 1.022662637710414146E-14, 0.000000000000000000 ) ) ;
#5056 = ORIENTED_EDGE ( 'NONE', *, *, #2040, .F. ) ;
#5057 = CARTESIAN_POINT ( 'NONE',  ( -45.15310066872483930, 5.999999999999992895, 15.75000000000000000 ) ) ;
#5058 = LINE ( 'NONE', #4980, #3543 ) ;
#5059 = EDGE_CURVE ( 'NONE', #1246, #2559, #1958, .T. ) ;
#5060 = CARTESIAN_POINT ( 'NONE',  ( -1.729873339623964945, 50.02585969849183556, 15.10463321346801813 ) ) ;
#5061 = CARTESIAN_POINT ( 'NONE',  ( 1.892688837183020389, 49.17650616852311174, 15.69635223787766520 ) ) ;
#5062 = CARTESIAN_POINT ( 'NONE',  ( 50.03266185620379503, -1.326054574725396007, 13.52957189093464230 ) ) ;
#5063 = VERTEX_POINT ( 'NONE', #3451 ) ;
#5064 = VERTEX_POINT ( 'NONE', #4612 ) ;
#5065 = CARTESIAN_POINT ( 'NONE',  ( 0.000000000000000000, 0.000000000000000000, 141.5848555321889535 ) ) ;
#5066 = CARTESIAN_POINT ( 'NONE',  ( 5.999999999999483968, -49.68905815166962725, 21.60000000000000142 ) ) ;
#5067 = CARTESIAN_POINT ( 'NONE',  ( -50.02252790261821502, 1.849371135673260280, 16.35246169448453557 ) ) ;
#5068 = CARTESIAN_POINT ( 'NONE',  ( -2.587191540049305960, -49.98313758623957170, 14.98367523968429005 ) ) ;
#5069 = EDGE_CURVE ( 'NONE', #1298, #2460, #828, .T. ) ;
#5070 = ORIENTED_EDGE ( 'NONE', *, *, #1514, .T. ) ;
#5071 = AXIS2_PLACEMENT_3D ( 'NONE', #619, #1903, #5052 ) ;
#5072 = DIRECTION ( 'NONE',  ( -1.000000000000000000, -0.000000000000000000, -0.000000000000000000 ) ) ;
#5073 = CARTESIAN_POINT ( 'NONE',  ( -5.999999999999879208, 35.68905815166959172, 15.75000000000000000 ) ) ;
#5074 = CARTESIAN_POINT ( 'NONE',  ( -44.43874998241960839, -10.00000000000000711, 12.75000000000000000 ) ) ;
#5075 = CARTESIAN_POINT ( 'NONE',  ( 0.4336648583952560365, -49.24722634304767155, 14.03577733132781802 ) ) ;
#5076 = VERTEX_POINT ( 'NONE', #3017 ) ;
#5077 = VECTOR ( 'NONE', #752, 1000.000000000000000 ) ;
#5078 = CARTESIAN_POINT ( 'NONE',  ( 0.000000000000000000, 0.000000000000000000, 12.75000000000001066 ) ) ;
#5079 = CIRCLE ( 'NONE', #4170, 45.54999999999999005 ) ;
#5080 = CARTESIAN_POINT ( 'NONE',  ( -2.719888240275635916, -49.97605646749826747, 15.50115926272500388 ) ) ;
#5081 = AXIS2_PLACEMENT_3D ( 'NONE', #2090, #102, #4847 ) ;
#5082 = FACE_OUTER_BOUND ( 'NONE', #3961, .T. ) ;
#5083 = CARTESIAN_POINT ( 'NONE',  ( 50.04869380425871128, 0.4016922161166463501, 13.22329247527451912 ) ) ;
#5084 = ORIENTED_EDGE ( 'NONE', *, *, #3661, .T. ) ;
#5085 = EDGE_LOOP ( 'NONE', ( #437, #3411, #241, #2872, #4512, #2121, #3034, #3860, #3969, #4537, #2627, #3072 ) ) ;
#5086 = CARTESIAN_POINT ( 'NONE',  ( 0.000000000000000000, 0.000000000000000000, 10.34999999999999964 ) ) ;
#5087 = CARTESIAN_POINT ( 'NONE',  ( -4.238811379285749856E-13, -40.68905815166956330, 15.90000000000000036 ) ) ;
#5088 = CARTESIAN_POINT ( 'NONE',  ( -50.04317257514642137, 0.8433207793201615843, 13.32463565053457977 ) ) ;
#5089 = CARTESIAN_POINT ( 'NONE',  ( 0.2820689188703323080, -49.24866955097034804, 14.01697185716561656 ) ) ;
#5090 = CARTESIAN_POINT ( 'NONE',  ( -50.04999999999994031, 0.09616909337605421271, 18.59999999999891429 ) ) ;
#5091 = ORIENTED_EDGE ( 'NONE', *, *, #2644, .F. ) ;
#5092 = EDGE_CURVE ( 'NONE', #3623, #4421, #3185, .T. ) ;
#5093 = CARTESIAN_POINT ( 'NONE',  ( -49.24673125796299900, 0.5674155496369017726, 18.53970445202304163 ) ) ;
#5094 = DIRECTION ( 'NONE',  ( -1.047444401652940007E-14, -1.000000000000000000, 0.000000000000000000 ) ) ;
#5095 = CARTESIAN_POINT ( 'NONE',  ( -49.18936034201671248, -1.719922863502011401, 15.08300905498643907 ) ) ;
#5096 = CARTESIAN_POINT ( 'NONE',  ( 1.259639615010164082, -49.21794753567822056, 14.45900032853463024 ) ) ;
#5097 = ORIENTED_EDGE ( 'NONE', *, *, #3958, .T. ) ;
#5098 = EDGE_CURVE ( 'NONE', #1101, #1817, #3811, .T. ) ;
#5099 = DIRECTION ( 'NONE',  ( 3.491481338843133355E-15, 1.000000000000000000, -0.000000000000000000 ) ) ;
#5100 = ORIENTED_EDGE ( 'NONE', *, *, #2797, .T. ) ;
#5101 = CARTESIAN_POINT ( 'NONE',  ( 8.999999999999490186, -49.23415988924772080, 7.400000000000000355 ) ) ;
ENDSEC;
END-ISO-10303-21;
